-- MariaDB dump 10.19  Distrib 10.6.4-MariaDB, for osx10.16 (x86_64)
--
-- Host: localhost    Database: wowy
-- ------------------------------------------------------
-- Server version	10.6.4-MariaDB

/*!40101 SET @OLD_CHARACTER_SET_CLIENT=@@CHARACTER_SET_CLIENT */;
/*!40101 SET @OLD_CHARACTER_SET_RESULTS=@@CHARACTER_SET_RESULTS */;
/*!40101 SET @OLD_COLLATION_CONNECTION=@@COLLATION_CONNECTION */;
/*!40101 SET NAMES utf8mb4 */;
/*!40103 SET @OLD_TIME_ZONE=@@TIME_ZONE */;
/*!40103 SET TIME_ZONE='+00:00' */;
/*!40014 SET @OLD_UNIQUE_CHECKS=@@UNIQUE_CHECKS, UNIQUE_CHECKS=0 */;
/*!40014 SET @OLD_FOREIGN_KEY_CHECKS=@@FOREIGN_KEY_CHECKS, FOREIGN_KEY_CHECKS=0 */;
/*!40101 SET @OLD_SQL_MODE=@@SQL_MODE, SQL_MODE='NO_AUTO_VALUE_ON_ZERO' */;
/*!40111 SET @OLD_SQL_NOTES=@@SQL_NOTES, SQL_NOTES=0 */;

--
-- Table structure for table `activations`
--

DROP TABLE IF EXISTS `activations`;
/*!40101 SET @saved_cs_client     = @@character_set_client */;
/*!40101 SET character_set_client = utf8 */;
CREATE TABLE `activations` (
  `id` bigint(20) unsigned NOT NULL AUTO_INCREMENT,
  `user_id` int(10) unsigned NOT NULL,
  `code` varchar(120) COLLATE utf8mb4_unicode_ci NOT NULL,
  `completed` tinyint(1) NOT NULL DEFAULT 0,
  `completed_at` timestamp NULL DEFAULT NULL,
  `created_at` timestamp NULL DEFAULT NULL,
  `updated_at` timestamp NULL DEFAULT NULL,
  PRIMARY KEY (`id`),
  KEY `activations_user_id_index` (`user_id`)
) ENGINE=InnoDB AUTO_INCREMENT=2 DEFAULT CHARSET=utf8mb4 COLLATE=utf8mb4_unicode_ci;
/*!40101 SET character_set_client = @saved_cs_client */;

--
-- Dumping data for table `activations`
--

LOCK TABLES `activations` WRITE;
/*!40000 ALTER TABLE `activations` DISABLE KEYS */;
INSERT INTO `activations` VALUES (1,1,'tcIaqNMcuytxlaz7pQVVou5PfaeiIx9s',1,'2022-01-04 21:11:38','2022-01-04 21:11:38','2022-01-04 21:11:38');
/*!40000 ALTER TABLE `activations` ENABLE KEYS */;
UNLOCK TABLES;

--
-- Table structure for table `ads`
--

DROP TABLE IF EXISTS `ads`;
/*!40101 SET @saved_cs_client     = @@character_set_client */;
/*!40101 SET character_set_client = utf8 */;
CREATE TABLE `ads` (
  `id` bigint(20) unsigned NOT NULL AUTO_INCREMENT,
  `name` varchar(255) COLLATE utf8mb4_unicode_ci NOT NULL,
  `expired_at` datetime DEFAULT NULL,
  `location` varchar(120) COLLATE utf8mb4_unicode_ci DEFAULT NULL,
  `key` varchar(120) COLLATE utf8mb4_unicode_ci NOT NULL,
  `image` varchar(255) COLLATE utf8mb4_unicode_ci DEFAULT NULL,
  `url` varchar(255) COLLATE utf8mb4_unicode_ci DEFAULT NULL,
  `clicked` bigint(20) NOT NULL DEFAULT 0,
  `order` int(11) DEFAULT 0,
  `status` varchar(60) COLLATE utf8mb4_unicode_ci NOT NULL DEFAULT 'published',
  `created_at` timestamp NULL DEFAULT NULL,
  `updated_at` timestamp NULL DEFAULT NULL,
  PRIMARY KEY (`id`),
  UNIQUE KEY `ads_key_unique` (`key`)
) ENGINE=InnoDB AUTO_INCREMENT=7 DEFAULT CHARSET=utf8mb4 COLLATE=utf8mb4_unicode_ci;
/*!40101 SET character_set_client = @saved_cs_client */;

--
-- Dumping data for table `ads`
--

LOCK TABLES `ads` WRITE;
/*!40000 ALTER TABLE `ads` DISABLE KEYS */;
INSERT INTO `ads` VALUES (1,'Smart Offer','2027-01-05 00:00:00','not_set','IZ6WU8KUALYD','promotion/1.png','/products',0,1,'published','2022-01-04 21:11:41','2022-01-04 21:11:41'),(2,'Sale off','2027-01-05 00:00:00','not_set','ILSFJVYFGCPZ','promotion/2.png','/products',0,2,'published','2022-01-04 21:11:41','2022-01-04 21:11:41'),(3,'New Arrivals','2027-01-05 00:00:00','not_set','ILSDKVYFGXPH','promotion/3.png','/products',0,3,'published','2022-01-04 21:11:41','2022-01-04 21:11:41'),(4,'Gaming Area','2027-01-05 00:00:00','not_set','ILSDKVYFGXPJ','promotion/4.png','/products',0,4,'published','2022-01-04 21:11:41','2022-01-04 21:11:41'),(5,'Smart Offer','2027-01-05 00:00:00','not_set','IZ6WU8KUALYE','promotion/5.png','/products',0,5,'published','2022-01-04 21:11:41','2022-01-04 21:11:41'),(6,'Repair Services','2027-01-05 00:00:00','banner-big','IZ6WU8KUALYF','promotion/6.png','/products',0,6,'published','2022-01-04 21:11:41','2022-01-04 21:11:41');
/*!40000 ALTER TABLE `ads` ENABLE KEYS */;
UNLOCK TABLES;

--
-- Table structure for table `ads_translations`
--

DROP TABLE IF EXISTS `ads_translations`;
/*!40101 SET @saved_cs_client     = @@character_set_client */;
/*!40101 SET character_set_client = utf8 */;
CREATE TABLE `ads_translations` (
  `lang_code` varchar(191) COLLATE utf8mb4_unicode_ci NOT NULL,
  `ads_id` int(11) NOT NULL,
  `name` varchar(255) COLLATE utf8mb4_unicode_ci DEFAULT NULL,
  `image` varchar(255) COLLATE utf8mb4_unicode_ci DEFAULT NULL,
  `url` varchar(255) COLLATE utf8mb4_unicode_ci DEFAULT NULL,
  PRIMARY KEY (`lang_code`,`ads_id`)
) ENGINE=InnoDB DEFAULT CHARSET=utf8mb4 COLLATE=utf8mb4_unicode_ci;
/*!40101 SET character_set_client = @saved_cs_client */;

--
-- Dumping data for table `ads_translations`
--

LOCK TABLES `ads_translations` WRITE;
/*!40000 ALTER TABLE `ads_translations` DISABLE KEYS */;
INSERT INTO `ads_translations` VALUES ('vi',1,'Smart Offer','promotion/1.png','/vi/products'),('vi',2,'Sale off','promotion/2.png','/vi/products'),('vi',3,'New Arrivals','promotion/3.png','/vi/products'),('vi',4,'Gaming Area','promotion/4.png','/vi/products'),('vi',5,'Smart Offer','promotion/5.png','/vi/products'),('vi',6,'Repair Services','promotion/6.png','/vi/products');
/*!40000 ALTER TABLE `ads_translations` ENABLE KEYS */;
UNLOCK TABLES;

--
-- Table structure for table `audit_histories`
--

DROP TABLE IF EXISTS `audit_histories`;
/*!40101 SET @saved_cs_client     = @@character_set_client */;
/*!40101 SET character_set_client = utf8 */;
CREATE TABLE `audit_histories` (
  `id` bigint(20) unsigned NOT NULL AUTO_INCREMENT,
  `user_id` int(10) unsigned NOT NULL,
  `module` varchar(60) COLLATE utf8mb4_unicode_ci NOT NULL,
  `request` text COLLATE utf8mb4_unicode_ci DEFAULT NULL,
  `action` varchar(120) COLLATE utf8mb4_unicode_ci NOT NULL,
  `user_agent` text COLLATE utf8mb4_unicode_ci DEFAULT NULL,
  `ip_address` varchar(39) COLLATE utf8mb4_unicode_ci DEFAULT NULL,
  `reference_user` int(10) unsigned NOT NULL,
  `reference_id` int(10) unsigned NOT NULL,
  `reference_name` varchar(255) COLLATE utf8mb4_unicode_ci NOT NULL,
  `type` varchar(20) COLLATE utf8mb4_unicode_ci NOT NULL,
  `created_at` timestamp NULL DEFAULT NULL,
  `updated_at` timestamp NULL DEFAULT NULL,
  PRIMARY KEY (`id`),
  KEY `audit_histories_user_id_index` (`user_id`),
  KEY `audit_histories_module_index` (`module`)
) ENGINE=InnoDB DEFAULT CHARSET=utf8mb4 COLLATE=utf8mb4_unicode_ci;
/*!40101 SET character_set_client = @saved_cs_client */;

--
-- Dumping data for table `audit_histories`
--

LOCK TABLES `audit_histories` WRITE;
/*!40000 ALTER TABLE `audit_histories` DISABLE KEYS */;
/*!40000 ALTER TABLE `audit_histories` ENABLE KEYS */;
UNLOCK TABLES;

--
-- Table structure for table `categories`
--

DROP TABLE IF EXISTS `categories`;
/*!40101 SET @saved_cs_client     = @@character_set_client */;
/*!40101 SET character_set_client = utf8 */;
CREATE TABLE `categories` (
  `id` bigint(20) unsigned NOT NULL AUTO_INCREMENT,
  `name` varchar(120) COLLATE utf8mb4_unicode_ci NOT NULL,
  `parent_id` int(10) unsigned NOT NULL DEFAULT 0,
  `description` varchar(400) COLLATE utf8mb4_unicode_ci DEFAULT NULL,
  `status` varchar(60) COLLATE utf8mb4_unicode_ci NOT NULL DEFAULT 'published',
  `author_id` int(11) NOT NULL,
  `author_type` varchar(255) COLLATE utf8mb4_unicode_ci NOT NULL DEFAULT 'Botble\\ACL\\Models\\User',
  `icon` varchar(60) COLLATE utf8mb4_unicode_ci DEFAULT NULL,
  `order` tinyint(4) NOT NULL DEFAULT 0,
  `is_featured` tinyint(4) NOT NULL DEFAULT 0,
  `is_default` tinyint(3) unsigned NOT NULL DEFAULT 0,
  `created_at` timestamp NULL DEFAULT NULL,
  `updated_at` timestamp NULL DEFAULT NULL,
  PRIMARY KEY (`id`)
) ENGINE=InnoDB AUTO_INCREMENT=5 DEFAULT CHARSET=utf8mb4 COLLATE=utf8mb4_unicode_ci;
/*!40101 SET character_set_client = @saved_cs_client */;

--
-- Dumping data for table `categories`
--

LOCK TABLES `categories` WRITE;
/*!40000 ALTER TABLE `categories` DISABLE KEYS */;
INSERT INTO `categories` VALUES (1,'Ecommerce',0,'Tempora laboriosam molestiae repellendus. Quasi et reprehenderit eveniet ipsam vero quasi deleniti. Cumque illo omnis et maxime at quia eos ex. Expedita aut repellendus fugiat nam.','published',1,'Botble\\ACL\\Models\\User',NULL,0,0,1,'2022-01-04 21:11:38','2022-01-04 21:11:38'),(2,'Fashion',0,'Consequatur reiciendis aut qui delectus molestiae voluptatem. Unde est dolor aut porro.','published',1,'Botble\\ACL\\Models\\User',NULL,0,1,0,'2022-01-04 21:11:38','2022-01-04 21:11:38'),(3,'Electronic',0,'Aliquid facere odio quod consequatur. Vero et perspiciatis ducimus impedit quis. Placeat maiores consequatur sit qui consequatur consequuntur nobis.','published',1,'Botble\\ACL\\Models\\User',NULL,0,1,0,'2022-01-04 21:11:38','2022-01-04 21:11:38'),(4,'Commercial',0,'Amet quia reprehenderit qui quo amet et aut quam. Vel possimus et similique sunt. Nihil consectetur deserunt et quia omnis reprehenderit.','published',1,'Botble\\ACL\\Models\\User',NULL,0,1,0,'2022-01-04 21:11:38','2022-01-04 21:11:38');
/*!40000 ALTER TABLE `categories` ENABLE KEYS */;
UNLOCK TABLES;

--
-- Table structure for table `categories_translations`
--

DROP TABLE IF EXISTS `categories_translations`;
/*!40101 SET @saved_cs_client     = @@character_set_client */;
/*!40101 SET character_set_client = utf8 */;
CREATE TABLE `categories_translations` (
  `lang_code` varchar(191) COLLATE utf8mb4_unicode_ci NOT NULL,
  `categories_id` int(11) NOT NULL,
  `name` varchar(255) COLLATE utf8mb4_unicode_ci DEFAULT NULL,
  `description` varchar(400) COLLATE utf8mb4_unicode_ci DEFAULT NULL,
  PRIMARY KEY (`lang_code`,`categories_id`)
) ENGINE=InnoDB DEFAULT CHARSET=utf8mb4 COLLATE=utf8mb4_unicode_ci;
/*!40101 SET character_set_client = @saved_cs_client */;

--
-- Dumping data for table `categories_translations`
--

LOCK TABLES `categories_translations` WRITE;
/*!40000 ALTER TABLE `categories_translations` DISABLE KEYS */;
INSERT INTO `categories_translations` VALUES ('vi',1,'Thương mại điện tử',NULL),('vi',2,'Thời trang',NULL),('vi',3,'Điện tử',NULL),('vi',4,'Thương mại',NULL);
/*!40000 ALTER TABLE `categories_translations` ENABLE KEYS */;
UNLOCK TABLES;

--
-- Table structure for table `contact_replies`
--

DROP TABLE IF EXISTS `contact_replies`;
/*!40101 SET @saved_cs_client     = @@character_set_client */;
/*!40101 SET character_set_client = utf8 */;
CREATE TABLE `contact_replies` (
  `id` bigint(20) unsigned NOT NULL AUTO_INCREMENT,
  `message` longtext COLLATE utf8mb4_unicode_ci NOT NULL,
  `contact_id` int(11) NOT NULL,
  `created_at` timestamp NULL DEFAULT NULL,
  `updated_at` timestamp NULL DEFAULT NULL,
  PRIMARY KEY (`id`)
) ENGINE=InnoDB DEFAULT CHARSET=utf8mb4 COLLATE=utf8mb4_unicode_ci;
/*!40101 SET character_set_client = @saved_cs_client */;

--
-- Dumping data for table `contact_replies`
--

LOCK TABLES `contact_replies` WRITE;
/*!40000 ALTER TABLE `contact_replies` DISABLE KEYS */;
/*!40000 ALTER TABLE `contact_replies` ENABLE KEYS */;
UNLOCK TABLES;

--
-- Table structure for table `contacts`
--

DROP TABLE IF EXISTS `contacts`;
/*!40101 SET @saved_cs_client     = @@character_set_client */;
/*!40101 SET character_set_client = utf8 */;
CREATE TABLE `contacts` (
  `id` bigint(20) unsigned NOT NULL AUTO_INCREMENT,
  `name` varchar(60) COLLATE utf8mb4_unicode_ci NOT NULL,
  `email` varchar(60) COLLATE utf8mb4_unicode_ci NOT NULL,
  `phone` varchar(60) COLLATE utf8mb4_unicode_ci DEFAULT NULL,
  `address` varchar(120) COLLATE utf8mb4_unicode_ci DEFAULT NULL,
  `subject` varchar(120) COLLATE utf8mb4_unicode_ci DEFAULT NULL,
  `content` longtext COLLATE utf8mb4_unicode_ci NOT NULL,
  `status` varchar(60) COLLATE utf8mb4_unicode_ci NOT NULL DEFAULT 'unread',
  `created_at` timestamp NULL DEFAULT NULL,
  `updated_at` timestamp NULL DEFAULT NULL,
  PRIMARY KEY (`id`)
) ENGINE=InnoDB DEFAULT CHARSET=utf8mb4 COLLATE=utf8mb4_unicode_ci;
/*!40101 SET character_set_client = @saved_cs_client */;

--
-- Dumping data for table `contacts`
--

LOCK TABLES `contacts` WRITE;
/*!40000 ALTER TABLE `contacts` DISABLE KEYS */;
/*!40000 ALTER TABLE `contacts` ENABLE KEYS */;
UNLOCK TABLES;

--
-- Table structure for table `dashboard_widget_settings`
--

DROP TABLE IF EXISTS `dashboard_widget_settings`;
/*!40101 SET @saved_cs_client     = @@character_set_client */;
/*!40101 SET character_set_client = utf8 */;
CREATE TABLE `dashboard_widget_settings` (
  `id` bigint(20) unsigned NOT NULL AUTO_INCREMENT,
  `settings` text COLLATE utf8mb4_unicode_ci DEFAULT NULL,
  `user_id` int(10) unsigned NOT NULL,
  `widget_id` int(10) unsigned NOT NULL,
  `order` tinyint(3) unsigned NOT NULL DEFAULT 0,
  `status` tinyint(3) unsigned NOT NULL DEFAULT 1,
  `created_at` timestamp NULL DEFAULT NULL,
  `updated_at` timestamp NULL DEFAULT NULL,
  PRIMARY KEY (`id`),
  KEY `dashboard_widget_settings_user_id_index` (`user_id`),
  KEY `dashboard_widget_settings_widget_id_index` (`widget_id`)
) ENGINE=InnoDB DEFAULT CHARSET=utf8mb4 COLLATE=utf8mb4_unicode_ci;
/*!40101 SET character_set_client = @saved_cs_client */;

--
-- Dumping data for table `dashboard_widget_settings`
--

LOCK TABLES `dashboard_widget_settings` WRITE;
/*!40000 ALTER TABLE `dashboard_widget_settings` DISABLE KEYS */;
/*!40000 ALTER TABLE `dashboard_widget_settings` ENABLE KEYS */;
UNLOCK TABLES;

--
-- Table structure for table `dashboard_widgets`
--

DROP TABLE IF EXISTS `dashboard_widgets`;
/*!40101 SET @saved_cs_client     = @@character_set_client */;
/*!40101 SET character_set_client = utf8 */;
CREATE TABLE `dashboard_widgets` (
  `id` bigint(20) unsigned NOT NULL AUTO_INCREMENT,
  `name` varchar(120) COLLATE utf8mb4_unicode_ci NOT NULL,
  `created_at` timestamp NULL DEFAULT NULL,
  `updated_at` timestamp NULL DEFAULT NULL,
  PRIMARY KEY (`id`)
) ENGINE=InnoDB DEFAULT CHARSET=utf8mb4 COLLATE=utf8mb4_unicode_ci;
/*!40101 SET character_set_client = @saved_cs_client */;

--
-- Dumping data for table `dashboard_widgets`
--

LOCK TABLES `dashboard_widgets` WRITE;
/*!40000 ALTER TABLE `dashboard_widgets` DISABLE KEYS */;
/*!40000 ALTER TABLE `dashboard_widgets` ENABLE KEYS */;
UNLOCK TABLES;

--
-- Table structure for table `ec_brands`
--

DROP TABLE IF EXISTS `ec_brands`;
/*!40101 SET @saved_cs_client     = @@character_set_client */;
/*!40101 SET character_set_client = utf8 */;
CREATE TABLE `ec_brands` (
  `id` bigint(20) unsigned NOT NULL AUTO_INCREMENT,
  `name` varchar(191) COLLATE utf8mb4_unicode_ci NOT NULL,
  `description` mediumtext COLLATE utf8mb4_unicode_ci DEFAULT NULL,
  `website` varchar(255) COLLATE utf8mb4_unicode_ci DEFAULT NULL,
  `logo` varchar(255) COLLATE utf8mb4_unicode_ci DEFAULT NULL,
  `status` varchar(60) COLLATE utf8mb4_unicode_ci NOT NULL DEFAULT 'published',
  `order` tinyint(3) unsigned NOT NULL DEFAULT 0,
  `is_featured` tinyint(3) unsigned NOT NULL DEFAULT 0,
  `created_at` timestamp NULL DEFAULT NULL,
  `updated_at` timestamp NULL DEFAULT NULL,
  PRIMARY KEY (`id`)
) ENGINE=InnoDB AUTO_INCREMENT=8 DEFAULT CHARSET=utf8mb4 COLLATE=utf8mb4_unicode_ci;
/*!40101 SET character_set_client = @saved_cs_client */;

--
-- Dumping data for table `ec_brands`
--

LOCK TABLES `ec_brands` WRITE;
/*!40000 ALTER TABLE `ec_brands` DISABLE KEYS */;
INSERT INTO `ec_brands` VALUES (1,'Perxsion',NULL,NULL,'brands/1.png','published',0,1,'2022-01-04 21:10:45','2022-01-04 21:10:45'),(2,'Hiching',NULL,NULL,'brands/2.png','published',1,1,'2022-01-04 21:10:45','2022-01-04 21:10:45'),(3,'Kepslo',NULL,NULL,'brands/3.png','published',2,1,'2022-01-04 21:10:45','2022-01-04 21:10:45'),(4,'Groneba',NULL,NULL,'brands/4.png','published',3,1,'2022-01-04 21:10:45','2022-01-04 21:10:45'),(5,'Babian',NULL,NULL,'brands/5.png','published',4,1,'2022-01-04 21:10:45','2022-01-04 21:10:45'),(6,'Valorant',NULL,NULL,'brands/6.png','published',5,1,'2022-01-04 21:10:45','2022-01-04 21:10:45'),(7,'Pure',NULL,NULL,'brands/7.png','published',6,1,'2022-01-04 21:10:45','2022-01-04 21:10:45');
/*!40000 ALTER TABLE `ec_brands` ENABLE KEYS */;
UNLOCK TABLES;

--
-- Table structure for table `ec_brands_translations`
--

DROP TABLE IF EXISTS `ec_brands_translations`;
/*!40101 SET @saved_cs_client     = @@character_set_client */;
/*!40101 SET character_set_client = utf8 */;
CREATE TABLE `ec_brands_translations` (
  `lang_code` varchar(191) COLLATE utf8mb4_unicode_ci NOT NULL,
  `ec_brands_id` int(11) NOT NULL,
  `name` varchar(191) COLLATE utf8mb4_unicode_ci DEFAULT NULL,
  `description` varchar(191) COLLATE utf8mb4_unicode_ci DEFAULT NULL,
  PRIMARY KEY (`lang_code`,`ec_brands_id`)
) ENGINE=InnoDB DEFAULT CHARSET=utf8mb4 COLLATE=utf8mb4_unicode_ci;
/*!40101 SET character_set_client = @saved_cs_client */;

--
-- Dumping data for table `ec_brands_translations`
--

LOCK TABLES `ec_brands_translations` WRITE;
/*!40000 ALTER TABLE `ec_brands_translations` DISABLE KEYS */;
INSERT INTO `ec_brands_translations` VALUES ('vi',1,'Perxsion',NULL),('vi',2,'Hiching',NULL),('vi',3,'Kepslo',NULL),('vi',4,'Groneba',NULL),('vi',5,'Babian',NULL),('vi',6,'Valorant',NULL),('vi',7,'Pure',NULL);
/*!40000 ALTER TABLE `ec_brands_translations` ENABLE KEYS */;
UNLOCK TABLES;

--
-- Table structure for table `ec_cart`
--

DROP TABLE IF EXISTS `ec_cart`;
/*!40101 SET @saved_cs_client     = @@character_set_client */;
/*!40101 SET character_set_client = utf8 */;
CREATE TABLE `ec_cart` (
  `identifier` varchar(191) COLLATE utf8mb4_unicode_ci NOT NULL,
  `instance` varchar(191) COLLATE utf8mb4_unicode_ci NOT NULL,
  `content` longtext COLLATE utf8mb4_unicode_ci NOT NULL,
  `created_at` timestamp NULL DEFAULT NULL,
  `updated_at` timestamp NULL DEFAULT NULL,
  PRIMARY KEY (`identifier`,`instance`)
) ENGINE=InnoDB DEFAULT CHARSET=utf8mb4 COLLATE=utf8mb4_unicode_ci;
/*!40101 SET character_set_client = @saved_cs_client */;

--
-- Dumping data for table `ec_cart`
--

LOCK TABLES `ec_cart` WRITE;
/*!40000 ALTER TABLE `ec_cart` DISABLE KEYS */;
/*!40000 ALTER TABLE `ec_cart` ENABLE KEYS */;
UNLOCK TABLES;

--
-- Table structure for table `ec_currencies`
--

DROP TABLE IF EXISTS `ec_currencies`;
/*!40101 SET @saved_cs_client     = @@character_set_client */;
/*!40101 SET character_set_client = utf8 */;
CREATE TABLE `ec_currencies` (
  `id` bigint(20) unsigned NOT NULL AUTO_INCREMENT,
  `title` varchar(191) COLLATE utf8mb4_unicode_ci NOT NULL,
  `symbol` varchar(10) COLLATE utf8mb4_unicode_ci NOT NULL,
  `is_prefix_symbol` tinyint(3) unsigned NOT NULL DEFAULT 0,
  `decimals` tinyint(3) unsigned DEFAULT 0,
  `order` int(10) unsigned DEFAULT 0,
  `is_default` tinyint(4) NOT NULL DEFAULT 0,
  `exchange_rate` double NOT NULL DEFAULT 1,
  `created_at` timestamp NULL DEFAULT NULL,
  `updated_at` timestamp NULL DEFAULT NULL,
  PRIMARY KEY (`id`)
) ENGINE=InnoDB AUTO_INCREMENT=4 DEFAULT CHARSET=utf8mb4 COLLATE=utf8mb4_unicode_ci;
/*!40101 SET character_set_client = @saved_cs_client */;

--
-- Dumping data for table `ec_currencies`
--

LOCK TABLES `ec_currencies` WRITE;
/*!40000 ALTER TABLE `ec_currencies` DISABLE KEYS */;
INSERT INTO `ec_currencies` VALUES (1,'USD','$',1,2,0,1,1,'2022-01-04 21:10:45','2022-01-04 21:10:45'),(2,'EUR','€',0,2,1,0,0.84,'2022-01-04 21:10:45','2022-01-04 21:10:45'),(3,'VND','₫',0,0,2,0,23203,'2022-01-04 21:10:45','2022-01-04 21:10:45');
/*!40000 ALTER TABLE `ec_currencies` ENABLE KEYS */;
UNLOCK TABLES;

--
-- Table structure for table `ec_customer_addresses`
--

DROP TABLE IF EXISTS `ec_customer_addresses`;
/*!40101 SET @saved_cs_client     = @@character_set_client */;
/*!40101 SET character_set_client = utf8 */;
CREATE TABLE `ec_customer_addresses` (
  `id` bigint(20) unsigned NOT NULL AUTO_INCREMENT,
  `name` varchar(191) COLLATE utf8mb4_unicode_ci NOT NULL,
  `email` varchar(60) COLLATE utf8mb4_unicode_ci DEFAULT NULL,
  `phone` varchar(20) COLLATE utf8mb4_unicode_ci DEFAULT NULL,
  `country` varchar(120) COLLATE utf8mb4_unicode_ci DEFAULT NULL,
  `state` varchar(120) COLLATE utf8mb4_unicode_ci DEFAULT NULL,
  `city` varchar(120) COLLATE utf8mb4_unicode_ci DEFAULT NULL,
  `address` varchar(191) COLLATE utf8mb4_unicode_ci NOT NULL,
  `customer_id` int(10) unsigned NOT NULL,
  `is_default` tinyint(3) unsigned NOT NULL DEFAULT 0,
  `created_at` timestamp NULL DEFAULT NULL,
  `updated_at` timestamp NULL DEFAULT NULL,
  `zip_code` varchar(20) COLLATE utf8mb4_unicode_ci DEFAULT NULL,
  PRIMARY KEY (`id`)
) ENGINE=InnoDB AUTO_INCREMENT=13 DEFAULT CHARSET=utf8mb4 COLLATE=utf8mb4_unicode_ci;
/*!40101 SET character_set_client = @saved_cs_client */;

--
-- Dumping data for table `ec_customer_addresses`
--

LOCK TABLES `ec_customer_addresses` WRITE;
/*!40000 ALTER TABLE `ec_customer_addresses` DISABLE KEYS */;
INSERT INTO `ec_customer_addresses` VALUES (1,'Ezequiel Fritsch','john.smith@botble.com','+17705307485','TL','South Dakota','Schillerbury','18148 Wilderman Divide',1,1,'2022-01-04 21:11:21','2022-01-04 21:11:21','81559'),(2,'Ezequiel Fritsch','john.smith@botble.com','+15405632484','KZ','Arkansas','Cieloshire','954 Casper Lakes Suite 914',1,0,'2022-01-04 21:11:21','2022-01-04 21:11:21','51945'),(3,'Adele Padberg','customer@botble.com','+15136151552','KH','Connecticut','Vilmashire','51935 Friesen Isle',2,1,'2022-01-04 21:11:21','2022-01-04 21:11:21','24732-4523'),(4,'Adele Padberg','customer@botble.com','+18325332733','MR','Wyoming','New Eula','322 Xzavier Square',2,0,'2022-01-04 21:11:21','2022-01-04 21:11:21','98909'),(5,'Mr. Florian Hyatt V','cschumm@example.net','+15034310789','MP','Alaska','South Keven','562 Douglas Stravenue Suite 312',3,1,'2022-01-04 21:11:21','2022-01-04 21:11:21','21171'),(6,'Dr. Rosella Ullrich III','jprohaska@example.com','+14583488170','LA','North Carolina','South Norwood','1953 Kendrick Isle Suite 501',4,1,'2022-01-04 21:11:22','2022-01-04 21:11:22','16137-6010'),(7,'Kristy Prosacco','jarod98@example.com','+17177314095','AZ','Vermont','East Horacioberg','1840 Charlie Hill',5,1,'2022-01-04 21:11:22','2022-01-04 21:11:22','10087-7221'),(8,'Fae Jenkins','nswaniawski@example.org','+14239998533','BE','Massachusetts','Abnerberg','654 Osinski Gateway',6,1,'2022-01-04 21:11:22','2022-01-04 21:11:22','19276'),(9,'Deonte Borer','suzanne52@example.org','+12408694956','HR','Florida','Port Vivianneton','290 Edward Ports',7,1,'2022-01-04 21:11:22','2022-01-04 21:11:22','16609-5180'),(10,'Prof. Leland Kassulke','bechtelar.ulises@example.com','+12814430895','SA','New Mexico','Kennediville','839 Porter Harbor',8,1,'2022-01-04 21:11:22','2022-01-04 21:11:22','29817'),(11,'Silas Heathcote','stanton.morar@example.net','+14696131527','MT','Kentucky','Germanmouth','4218 Casper Track Apt. 891',9,1,'2022-01-04 21:11:22','2022-01-04 21:11:22','36205-0307'),(12,'Mr. Monroe Rutherford','hhettinger@example.org','+12813173826','GD','Minnesota','East Nasirville','92787 Issac Route Suite 624',10,1,'2022-01-04 21:11:22','2022-01-04 21:11:22','81307-0062');
/*!40000 ALTER TABLE `ec_customer_addresses` ENABLE KEYS */;
UNLOCK TABLES;

--
-- Table structure for table `ec_customer_password_resets`
--

DROP TABLE IF EXISTS `ec_customer_password_resets`;
/*!40101 SET @saved_cs_client     = @@character_set_client */;
/*!40101 SET character_set_client = utf8 */;
CREATE TABLE `ec_customer_password_resets` (
  `email` varchar(191) COLLATE utf8mb4_unicode_ci NOT NULL,
  `token` varchar(191) COLLATE utf8mb4_unicode_ci NOT NULL,
  `created_at` timestamp NULL DEFAULT NULL,
  KEY `ec_customer_password_resets_email_index` (`email`),
  KEY `ec_customer_password_resets_token_index` (`token`)
) ENGINE=InnoDB DEFAULT CHARSET=utf8mb4 COLLATE=utf8mb4_unicode_ci;
/*!40101 SET character_set_client = @saved_cs_client */;

--
-- Dumping data for table `ec_customer_password_resets`
--

LOCK TABLES `ec_customer_password_resets` WRITE;
/*!40000 ALTER TABLE `ec_customer_password_resets` DISABLE KEYS */;
/*!40000 ALTER TABLE `ec_customer_password_resets` ENABLE KEYS */;
UNLOCK TABLES;

--
-- Table structure for table `ec_customers`
--

DROP TABLE IF EXISTS `ec_customers`;
/*!40101 SET @saved_cs_client     = @@character_set_client */;
/*!40101 SET character_set_client = utf8 */;
CREATE TABLE `ec_customers` (
  `id` bigint(20) unsigned NOT NULL AUTO_INCREMENT,
  `name` varchar(191) COLLATE utf8mb4_unicode_ci NOT NULL,
  `email` varchar(191) COLLATE utf8mb4_unicode_ci NOT NULL,
  `password` varchar(191) COLLATE utf8mb4_unicode_ci NOT NULL,
  `avatar` varchar(255) COLLATE utf8mb4_unicode_ci DEFAULT NULL,
  `dob` date DEFAULT NULL,
  `phone` varchar(25) COLLATE utf8mb4_unicode_ci DEFAULT NULL,
  `remember_token` varchar(100) COLLATE utf8mb4_unicode_ci DEFAULT NULL,
  `created_at` timestamp NULL DEFAULT NULL,
  `updated_at` timestamp NULL DEFAULT NULL,
  `confirmed_at` datetime DEFAULT NULL,
  `email_verify_token` varchar(120) COLLATE utf8mb4_unicode_ci DEFAULT NULL,
  `status` varchar(60) COLLATE utf8mb4_unicode_ci NOT NULL DEFAULT 'activated',
  PRIMARY KEY (`id`),
  UNIQUE KEY `ec_customers_email_unique` (`email`)
) ENGINE=InnoDB AUTO_INCREMENT=11 DEFAULT CHARSET=utf8mb4 COLLATE=utf8mb4_unicode_ci;
/*!40101 SET character_set_client = @saved_cs_client */;

--
-- Dumping data for table `ec_customers`
--

LOCK TABLES `ec_customers` WRITE;
/*!40000 ALTER TABLE `ec_customers` DISABLE KEYS */;
INSERT INTO `ec_customers` VALUES (1,'Ezequiel Fritsch','john.smith@botble.com','$2y$10$1dSpZSKdeHquzbBk5aqU/uDZZN1LOgGceOkxCM81A9NT5ucQlSYvy','customers/6.jpg',NULL,'+13469323450',NULL,'2022-01-04 21:11:21','2022-01-04 21:11:21','2022-01-05 04:11:21',NULL,'activated'),(2,'Adele Padberg','customer@botble.com','$2y$10$l1WKJA1j7da1A2Dtjybj/.QUvS/mYZB2Tl0FX/8T8Cuw.eOb1XZ0W','customers/3.jpg',NULL,'+18206083055',NULL,'2022-01-04 21:11:21','2022-01-04 21:11:21','2022-01-05 04:11:21',NULL,'activated'),(3,'Mr. Florian Hyatt V','cschumm@example.net','$2y$10$xHapCEQWk9hW4ru1cCaIAustjusFWlhiuxpe3Gyrjy22kc9CugHRS','customers/1.jpg',NULL,'+14846400059',NULL,'2022-01-04 21:11:21','2022-01-04 21:11:21','2022-01-05 04:11:21',NULL,'activated'),(4,'Dr. Rosella Ullrich III','jprohaska@example.com','$2y$10$8HWz5iSDzj/7SRL8CJRd1u2JwIbJxXqdpT4F2BJfftnR.fh0hkcdG','customers/2.jpg',NULL,'+15152104274',NULL,'2022-01-04 21:11:22','2022-01-04 21:11:22','2022-01-05 04:11:22',NULL,'activated'),(5,'Kristy Prosacco','jarod98@example.com','$2y$10$aWa8ep2n2rIA6JQw5Y2RweVOUKd1/bjPm6d5PQjvs6c.EYPF0VxB6','customers/3.jpg',NULL,'+13412768896',NULL,'2022-01-04 21:11:22','2022-01-04 21:11:22','2022-01-05 04:11:22',NULL,'activated'),(6,'Fae Jenkins','nswaniawski@example.org','$2y$10$y.1JicSGXxllQy/t6EZMsO2JPCpgVtpfc4j2GNZzcK5Z27J.YJPVy','customers/4.jpg',NULL,'+15419149313',NULL,'2022-01-04 21:11:22','2022-01-04 21:11:22','2022-01-05 04:11:22',NULL,'activated'),(7,'Deonte Borer','suzanne52@example.org','$2y$10$7DNLSANvcdmMapWFovrlDe5CdCfHAmXBvzMvSABoQ3kt4aw8aJlmK','customers/5.jpg',NULL,'+16894987646',NULL,'2022-01-04 21:11:22','2022-01-04 21:11:22','2022-01-05 04:11:22',NULL,'activated'),(8,'Prof. Leland Kassulke','bechtelar.ulises@example.com','$2y$10$lNy2v5EHeAK6czPY635nJejWeXXOgHiC8cNcXg0LFJ2kVZgZlqjIC','customers/6.jpg',NULL,'+17859582262',NULL,'2022-01-04 21:11:22','2022-01-04 21:11:22','2022-01-05 04:11:22',NULL,'activated'),(9,'Silas Heathcote','stanton.morar@example.net','$2y$10$VimLQaPrunO54D1k0c/2x.64DZ9qAOHOmGzDFSvgHtDOeCGKq4TFi','customers/7.jpg',NULL,'+16192166301',NULL,'2022-01-04 21:11:22','2022-01-04 21:11:22','2022-01-05 04:11:22',NULL,'activated'),(10,'Mr. Monroe Rutherford','hhettinger@example.org','$2y$10$I1jm5sFFXxabHVFkq6u5MOqLJ/KweBilCIzjaWrs91yxYC4Pjg.Hu','customers/8.jpg',NULL,'+17406977388',NULL,'2022-01-04 21:11:22','2022-01-04 21:11:22','2022-01-05 04:11:22',NULL,'activated');
/*!40000 ALTER TABLE `ec_customers` ENABLE KEYS */;
UNLOCK TABLES;

--
-- Table structure for table `ec_discount_customers`
--

DROP TABLE IF EXISTS `ec_discount_customers`;
/*!40101 SET @saved_cs_client     = @@character_set_client */;
/*!40101 SET character_set_client = utf8 */;
CREATE TABLE `ec_discount_customers` (
  `discount_id` int(10) unsigned NOT NULL,
  `customer_id` int(10) unsigned NOT NULL,
  PRIMARY KEY (`discount_id`,`customer_id`)
) ENGINE=InnoDB DEFAULT CHARSET=utf8mb4 COLLATE=utf8mb4_unicode_ci;
/*!40101 SET character_set_client = @saved_cs_client */;

--
-- Dumping data for table `ec_discount_customers`
--

LOCK TABLES `ec_discount_customers` WRITE;
/*!40000 ALTER TABLE `ec_discount_customers` DISABLE KEYS */;
/*!40000 ALTER TABLE `ec_discount_customers` ENABLE KEYS */;
UNLOCK TABLES;

--
-- Table structure for table `ec_discount_product_collections`
--

DROP TABLE IF EXISTS `ec_discount_product_collections`;
/*!40101 SET @saved_cs_client     = @@character_set_client */;
/*!40101 SET character_set_client = utf8 */;
CREATE TABLE `ec_discount_product_collections` (
  `discount_id` int(10) unsigned NOT NULL,
  `product_collection_id` int(10) unsigned NOT NULL,
  PRIMARY KEY (`discount_id`,`product_collection_id`)
) ENGINE=InnoDB DEFAULT CHARSET=utf8mb4 COLLATE=utf8mb4_unicode_ci;
/*!40101 SET character_set_client = @saved_cs_client */;

--
-- Dumping data for table `ec_discount_product_collections`
--

LOCK TABLES `ec_discount_product_collections` WRITE;
/*!40000 ALTER TABLE `ec_discount_product_collections` DISABLE KEYS */;
/*!40000 ALTER TABLE `ec_discount_product_collections` ENABLE KEYS */;
UNLOCK TABLES;

--
-- Table structure for table `ec_discount_products`
--

DROP TABLE IF EXISTS `ec_discount_products`;
/*!40101 SET @saved_cs_client     = @@character_set_client */;
/*!40101 SET character_set_client = utf8 */;
CREATE TABLE `ec_discount_products` (
  `discount_id` int(10) unsigned NOT NULL,
  `product_id` int(10) unsigned NOT NULL,
  PRIMARY KEY (`discount_id`,`product_id`)
) ENGINE=InnoDB DEFAULT CHARSET=utf8mb4 COLLATE=utf8mb4_unicode_ci;
/*!40101 SET character_set_client = @saved_cs_client */;

--
-- Dumping data for table `ec_discount_products`
--

LOCK TABLES `ec_discount_products` WRITE;
/*!40000 ALTER TABLE `ec_discount_products` DISABLE KEYS */;
/*!40000 ALTER TABLE `ec_discount_products` ENABLE KEYS */;
UNLOCK TABLES;

--
-- Table structure for table `ec_discounts`
--

DROP TABLE IF EXISTS `ec_discounts`;
/*!40101 SET @saved_cs_client     = @@character_set_client */;
/*!40101 SET character_set_client = utf8 */;
CREATE TABLE `ec_discounts` (
  `id` bigint(20) unsigned NOT NULL AUTO_INCREMENT,
  `title` varchar(120) COLLATE utf8mb4_unicode_ci DEFAULT NULL,
  `code` varchar(20) COLLATE utf8mb4_unicode_ci DEFAULT NULL,
  `start_date` datetime DEFAULT NULL,
  `end_date` datetime DEFAULT NULL,
  `quantity` int(11) DEFAULT NULL,
  `total_used` int(10) unsigned NOT NULL DEFAULT 0,
  `value` double DEFAULT NULL,
  `type` varchar(60) COLLATE utf8mb4_unicode_ci DEFAULT 'coupon',
  `can_use_with_promotion` tinyint(1) NOT NULL DEFAULT 0,
  `discount_on` varchar(20) COLLATE utf8mb4_unicode_ci DEFAULT NULL,
  `product_quantity` int(10) unsigned DEFAULT NULL,
  `type_option` varchar(100) COLLATE utf8mb4_unicode_ci NOT NULL DEFAULT 'amount',
  `target` varchar(100) COLLATE utf8mb4_unicode_ci NOT NULL DEFAULT 'all-orders',
  `min_order_price` decimal(15,2) DEFAULT NULL,
  `created_at` timestamp NULL DEFAULT NULL,
  `updated_at` timestamp NULL DEFAULT NULL,
  PRIMARY KEY (`id`),
  UNIQUE KEY `ec_discounts_code_unique` (`code`)
) ENGINE=InnoDB DEFAULT CHARSET=utf8mb4 COLLATE=utf8mb4_unicode_ci;
/*!40101 SET character_set_client = @saved_cs_client */;

--
-- Dumping data for table `ec_discounts`
--

LOCK TABLES `ec_discounts` WRITE;
/*!40000 ALTER TABLE `ec_discounts` DISABLE KEYS */;
/*!40000 ALTER TABLE `ec_discounts` ENABLE KEYS */;
UNLOCK TABLES;

--
-- Table structure for table `ec_flash_sale_products`
--

DROP TABLE IF EXISTS `ec_flash_sale_products`;
/*!40101 SET @saved_cs_client     = @@character_set_client */;
/*!40101 SET character_set_client = utf8 */;
CREATE TABLE `ec_flash_sale_products` (
  `flash_sale_id` int(10) unsigned NOT NULL,
  `product_id` int(10) unsigned NOT NULL,
  `price` double unsigned DEFAULT NULL,
  `quantity` int(10) unsigned DEFAULT NULL,
  `sold` int(10) unsigned NOT NULL DEFAULT 0
) ENGINE=InnoDB DEFAULT CHARSET=utf8mb4 COLLATE=utf8mb4_unicode_ci;
/*!40101 SET character_set_client = @saved_cs_client */;

--
-- Dumping data for table `ec_flash_sale_products`
--

LOCK TABLES `ec_flash_sale_products` WRITE;
/*!40000 ALTER TABLE `ec_flash_sale_products` DISABLE KEYS */;
INSERT INTO `ec_flash_sale_products` VALUES (1,14,41.82,11,3),(2,24,53.04,9,3);
/*!40000 ALTER TABLE `ec_flash_sale_products` ENABLE KEYS */;
UNLOCK TABLES;

--
-- Table structure for table `ec_flash_sales`
--

DROP TABLE IF EXISTS `ec_flash_sales`;
/*!40101 SET @saved_cs_client     = @@character_set_client */;
/*!40101 SET character_set_client = utf8 */;
CREATE TABLE `ec_flash_sales` (
  `id` bigint(20) unsigned NOT NULL AUTO_INCREMENT,
  `name` varchar(255) COLLATE utf8mb4_unicode_ci NOT NULL,
  `end_date` datetime NOT NULL,
  `status` varchar(60) COLLATE utf8mb4_unicode_ci NOT NULL DEFAULT 'published',
  `created_at` timestamp NULL DEFAULT NULL,
  `updated_at` timestamp NULL DEFAULT NULL,
  PRIMARY KEY (`id`)
) ENGINE=InnoDB AUTO_INCREMENT=3 DEFAULT CHARSET=utf8mb4 COLLATE=utf8mb4_unicode_ci;
/*!40101 SET character_set_client = @saved_cs_client */;

--
-- Dumping data for table `ec_flash_sales`
--

LOCK TABLES `ec_flash_sales` WRITE;
/*!40000 ALTER TABLE `ec_flash_sales` DISABLE KEYS */;
INSERT INTO `ec_flash_sales` VALUES (1,'Deal of the Day.','2022-02-16 00:00:00','published','2022-01-04 21:11:23','2022-01-04 21:11:23'),(2,'Gadgets & Accessories','2022-02-24 00:00:00','published','2022-01-04 21:11:23','2022-01-04 21:11:23');
/*!40000 ALTER TABLE `ec_flash_sales` ENABLE KEYS */;
UNLOCK TABLES;

--
-- Table structure for table `ec_flash_sales_translations`
--

DROP TABLE IF EXISTS `ec_flash_sales_translations`;
/*!40101 SET @saved_cs_client     = @@character_set_client */;
/*!40101 SET character_set_client = utf8 */;
CREATE TABLE `ec_flash_sales_translations` (
  `lang_code` varchar(191) COLLATE utf8mb4_unicode_ci NOT NULL,
  `ec_flash_sales_id` int(11) NOT NULL,
  `name` varchar(191) COLLATE utf8mb4_unicode_ci DEFAULT NULL,
  PRIMARY KEY (`lang_code`,`ec_flash_sales_id`)
) ENGINE=InnoDB DEFAULT CHARSET=utf8mb4 COLLATE=utf8mb4_unicode_ci;
/*!40101 SET character_set_client = @saved_cs_client */;

--
-- Dumping data for table `ec_flash_sales_translations`
--

LOCK TABLES `ec_flash_sales_translations` WRITE;
/*!40000 ALTER TABLE `ec_flash_sales_translations` DISABLE KEYS */;
INSERT INTO `ec_flash_sales_translations` VALUES ('vi',1,'Khuyến mãi trong ngày.'),('vi',2,'Tiện ích & Phụ kiện');
/*!40000 ALTER TABLE `ec_flash_sales_translations` ENABLE KEYS */;
UNLOCK TABLES;

--
-- Table structure for table `ec_grouped_products`
--

DROP TABLE IF EXISTS `ec_grouped_products`;
/*!40101 SET @saved_cs_client     = @@character_set_client */;
/*!40101 SET character_set_client = utf8 */;
CREATE TABLE `ec_grouped_products` (
  `id` bigint(20) unsigned NOT NULL AUTO_INCREMENT,
  `parent_product_id` int(10) unsigned NOT NULL,
  `product_id` int(10) unsigned NOT NULL,
  `fixed_qty` int(11) NOT NULL DEFAULT 1,
  PRIMARY KEY (`id`)
) ENGINE=InnoDB DEFAULT CHARSET=utf8mb4 COLLATE=utf8mb4_unicode_ci;
/*!40101 SET character_set_client = @saved_cs_client */;

--
-- Dumping data for table `ec_grouped_products`
--

LOCK TABLES `ec_grouped_products` WRITE;
/*!40000 ALTER TABLE `ec_grouped_products` DISABLE KEYS */;
/*!40000 ALTER TABLE `ec_grouped_products` ENABLE KEYS */;
UNLOCK TABLES;

--
-- Table structure for table `ec_order_addresses`
--

DROP TABLE IF EXISTS `ec_order_addresses`;
/*!40101 SET @saved_cs_client     = @@character_set_client */;
/*!40101 SET character_set_client = utf8 */;
CREATE TABLE `ec_order_addresses` (
  `id` bigint(20) unsigned NOT NULL AUTO_INCREMENT,
  `name` varchar(191) COLLATE utf8mb4_unicode_ci NOT NULL,
  `phone` varchar(20) COLLATE utf8mb4_unicode_ci DEFAULT NULL,
  `email` varchar(191) COLLATE utf8mb4_unicode_ci DEFAULT NULL,
  `country` varchar(120) COLLATE utf8mb4_unicode_ci DEFAULT NULL,
  `state` varchar(120) COLLATE utf8mb4_unicode_ci DEFAULT NULL,
  `city` varchar(120) COLLATE utf8mb4_unicode_ci DEFAULT NULL,
  `address` varchar(255) COLLATE utf8mb4_unicode_ci DEFAULT NULL,
  `order_id` int(10) unsigned NOT NULL,
  `zip_code` varchar(20) COLLATE utf8mb4_unicode_ci DEFAULT NULL,
  PRIMARY KEY (`id`)
) ENGINE=InnoDB AUTO_INCREMENT=21 DEFAULT CHARSET=utf8mb4 COLLATE=utf8mb4_unicode_ci;
/*!40101 SET character_set_client = @saved_cs_client */;

--
-- Dumping data for table `ec_order_addresses`
--

LOCK TABLES `ec_order_addresses` WRITE;
/*!40000 ALTER TABLE `ec_order_addresses` DISABLE KEYS */;
INSERT INTO `ec_order_addresses` VALUES (1,'Ezequiel Fritsch','+17705307485','john.smith@botble.com','TL','South Dakota','Schillerbury','18148 Wilderman Divide',1,'81559'),(2,'Kristy Prosacco','+17177314095','jarod98@example.com','AZ','Vermont','East Horacioberg','1840 Charlie Hill',2,'10087-7221'),(3,'Deonte Borer','+12408694956','suzanne52@example.org','HR','Florida','Port Vivianneton','290 Edward Ports',3,'16609-5180'),(4,'Deonte Borer','+12408694956','suzanne52@example.org','HR','Florida','Port Vivianneton','290 Edward Ports',4,'16609-5180'),(5,'Deonte Borer','+12408694956','suzanne52@example.org','HR','Florida','Port Vivianneton','290 Edward Ports',5,'16609-5180'),(6,'Prof. Leland Kassulke','+12814430895','bechtelar.ulises@example.com','SA','New Mexico','Kennediville','839 Porter Harbor',6,'29817'),(7,'Fae Jenkins','+14239998533','nswaniawski@example.org','BE','Massachusetts','Abnerberg','654 Osinski Gateway',7,'19276'),(8,'Mr. Florian Hyatt V','+15034310789','cschumm@example.net','MP','Alaska','South Keven','562 Douglas Stravenue Suite 312',8,'21171'),(9,'Mr. Florian Hyatt V','+15034310789','cschumm@example.net','MP','Alaska','South Keven','562 Douglas Stravenue Suite 312',9,'21171'),(10,'Silas Heathcote','+14696131527','stanton.morar@example.net','MT','Kentucky','Germanmouth','4218 Casper Track Apt. 891',10,'36205-0307'),(11,'Dr. Rosella Ullrich III','+14583488170','jprohaska@example.com','LA','North Carolina','South Norwood','1953 Kendrick Isle Suite 501',11,'16137-6010'),(12,'Kristy Prosacco','+17177314095','jarod98@example.com','AZ','Vermont','East Horacioberg','1840 Charlie Hill',12,'10087-7221'),(13,'Mr. Florian Hyatt V','+15034310789','cschumm@example.net','MP','Alaska','South Keven','562 Douglas Stravenue Suite 312',13,'21171'),(14,'Dr. Rosella Ullrich III','+14583488170','jprohaska@example.com','LA','North Carolina','South Norwood','1953 Kendrick Isle Suite 501',14,'16137-6010'),(15,'Adele Padberg','+15136151552','customer@botble.com','KH','Connecticut','Vilmashire','51935 Friesen Isle',15,'24732-4523'),(16,'Ezequiel Fritsch','+17705307485','john.smith@botble.com','TL','South Dakota','Schillerbury','18148 Wilderman Divide',16,'81559'),(17,'Prof. Leland Kassulke','+12814430895','bechtelar.ulises@example.com','SA','New Mexico','Kennediville','839 Porter Harbor',17,'29817'),(18,'Deonte Borer','+12408694956','suzanne52@example.org','HR','Florida','Port Vivianneton','290 Edward Ports',18,'16609-5180'),(19,'Dr. Rosella Ullrich III','+14583488170','jprohaska@example.com','LA','North Carolina','South Norwood','1953 Kendrick Isle Suite 501',19,'16137-6010'),(20,'Dr. Rosella Ullrich III','+14583488170','jprohaska@example.com','LA','North Carolina','South Norwood','1953 Kendrick Isle Suite 501',20,'16137-6010');
/*!40000 ALTER TABLE `ec_order_addresses` ENABLE KEYS */;
UNLOCK TABLES;

--
-- Table structure for table `ec_order_histories`
--

DROP TABLE IF EXISTS `ec_order_histories`;
/*!40101 SET @saved_cs_client     = @@character_set_client */;
/*!40101 SET character_set_client = utf8 */;
CREATE TABLE `ec_order_histories` (
  `id` bigint(20) unsigned NOT NULL AUTO_INCREMENT,
  `action` varchar(120) COLLATE utf8mb4_unicode_ci NOT NULL,
  `description` varchar(255) COLLATE utf8mb4_unicode_ci NOT NULL,
  `user_id` int(10) unsigned DEFAULT NULL,
  `order_id` int(10) unsigned NOT NULL,
  `extras` text COLLATE utf8mb4_unicode_ci DEFAULT NULL,
  `created_at` timestamp NULL DEFAULT NULL,
  `updated_at` timestamp NULL DEFAULT NULL,
  PRIMARY KEY (`id`)
) ENGINE=InnoDB AUTO_INCREMENT=90 DEFAULT CHARSET=utf8mb4 COLLATE=utf8mb4_unicode_ci;
/*!40101 SET character_set_client = @saved_cs_client */;

--
-- Dumping data for table `ec_order_histories`
--

LOCK TABLES `ec_order_histories` WRITE;
/*!40000 ALTER TABLE `ec_order_histories` DISABLE KEYS */;
INSERT INTO `ec_order_histories` VALUES (1,'create_order_from_seeder','Order is created from the checkout page',NULL,1,NULL,'2021-12-30 21:11:23','2021-12-30 21:11:23'),(2,'confirm_order','Order was verified by %user_name%',0,1,NULL,'2021-12-30 21:11:23','2021-12-30 21:11:23'),(3,'create_shipment','Created shipment for order',0,1,NULL,'2022-01-04 21:11:23','2022-01-04 21:11:23'),(4,'update_status','Changed status of shipping to : Delivered . Updated by: %user_name%',0,1,NULL,'2022-01-04 21:11:23','2022-01-04 21:11:23'),(5,'create_order_from_seeder','Order is created from the checkout page',NULL,2,NULL,'2021-12-27 23:11:23','2021-12-27 23:11:23'),(6,'confirm_order','Order was verified by %user_name%',0,2,NULL,'2021-12-27 23:11:23','2021-12-27 23:11:23'),(7,'confirm_payment','Payment was confirmed (amount $520.80) by %user_name%',0,2,NULL,'2022-01-04 21:11:23','2022-01-04 21:11:23'),(8,'create_shipment','Created shipment for order',0,2,NULL,'2022-01-04 21:11:23','2022-01-04 21:11:23'),(9,'create_order_from_seeder','Order is created from the checkout page',NULL,3,NULL,'2021-12-28 09:11:23','2021-12-28 09:11:23'),(10,'confirm_order','Order was verified by %user_name%',0,3,NULL,'2021-12-28 09:11:23','2021-12-28 09:11:23'),(11,'confirm_payment','Payment was confirmed (amount $883.80) by %user_name%',0,3,NULL,'2022-01-04 21:11:23','2022-01-04 21:11:23'),(12,'create_shipment','Created shipment for order',0,3,NULL,'2022-01-04 21:11:23','2022-01-04 21:11:23'),(13,'create_order_from_seeder','Order is created from the checkout page',NULL,4,NULL,'2021-12-28 19:11:23','2021-12-28 19:11:23'),(14,'confirm_order','Order was verified by %user_name%',0,4,NULL,'2021-12-28 19:11:23','2021-12-28 19:11:23'),(15,'create_shipment','Created shipment for order',0,4,NULL,'2022-01-04 21:11:23','2022-01-04 21:11:23'),(16,'create_order_from_seeder','Order is created from the checkout page',NULL,5,NULL,'2021-12-27 21:11:23','2021-12-27 21:11:23'),(17,'confirm_order','Order was verified by %user_name%',0,5,NULL,'2021-12-27 21:11:23','2021-12-27 21:11:23'),(18,'confirm_payment','Payment was confirmed (amount $375.90) by %user_name%',0,5,NULL,'2022-01-04 21:11:23','2022-01-04 21:11:23'),(19,'create_shipment','Created shipment for order',0,5,NULL,'2022-01-04 21:11:23','2022-01-04 21:11:23'),(20,'update_status','Changed status of shipping to : Delivered . Updated by: %user_name%',0,5,NULL,'2022-01-04 21:11:23','2022-01-04 21:11:23'),(21,'create_order_from_seeder','Order is created from the checkout page',NULL,6,NULL,'2021-12-23 09:11:23','2021-12-23 09:11:23'),(22,'confirm_order','Order was verified by %user_name%',0,6,NULL,'2021-12-23 09:11:23','2021-12-23 09:11:23'),(23,'confirm_payment','Payment was confirmed (amount $1,254.20) by %user_name%',0,6,NULL,'2022-01-04 21:11:23','2022-01-04 21:11:23'),(24,'create_shipment','Created shipment for order',0,6,NULL,'2022-01-04 21:11:23','2022-01-04 21:11:23'),(25,'update_status','Changed status of shipping to : Delivered . Updated by: %user_name%',0,6,NULL,'2022-01-04 21:11:23','2022-01-04 21:11:23'),(26,'create_order_from_seeder','Order is created from the checkout page',NULL,7,NULL,'2021-12-24 05:11:23','2021-12-24 05:11:23'),(27,'confirm_order','Order was verified by %user_name%',0,7,NULL,'2021-12-24 05:11:23','2021-12-24 05:11:23'),(28,'confirm_payment','Payment was confirmed (amount $988.80) by %user_name%',0,7,NULL,'2022-01-04 21:11:23','2022-01-04 21:11:23'),(29,'create_shipment','Created shipment for order',0,7,NULL,'2022-01-04 21:11:23','2022-01-04 21:11:23'),(30,'create_order_from_seeder','Order is created from the checkout page',NULL,8,NULL,'2021-12-25 01:11:23','2021-12-25 01:11:23'),(31,'confirm_order','Order was verified by %user_name%',0,8,NULL,'2021-12-25 01:11:23','2021-12-25 01:11:23'),(32,'confirm_payment','Payment was confirmed (amount $1,299.80) by %user_name%',0,8,NULL,'2022-01-04 21:11:23','2022-01-04 21:11:23'),(33,'create_shipment','Created shipment for order',0,8,NULL,'2022-01-04 21:11:23','2022-01-04 21:11:23'),(34,'update_status','Changed status of shipping to : Delivered . Updated by: %user_name%',0,8,NULL,'2022-01-04 21:11:23','2022-01-04 21:11:23'),(35,'create_order_from_seeder','Order is created from the checkout page',NULL,9,NULL,'2021-12-31 21:11:23','2021-12-31 21:11:23'),(36,'confirm_order','Order was verified by %user_name%',0,9,NULL,'2021-12-31 21:11:23','2021-12-31 21:11:23'),(37,'confirm_payment','Payment was confirmed (amount $276.10) by %user_name%',0,9,NULL,'2022-01-04 21:11:23','2022-01-04 21:11:23'),(38,'create_shipment','Created shipment for order',0,9,NULL,'2022-01-04 21:11:23','2022-01-04 21:11:23'),(39,'update_status','Changed status of shipping to : Delivered . Updated by: %user_name%',0,9,NULL,'2022-01-04 21:11:23','2022-01-04 21:11:23'),(40,'create_order_from_seeder','Order is created from the checkout page',NULL,10,NULL,'2021-12-30 09:11:23','2021-12-30 09:11:23'),(41,'confirm_order','Order was verified by %user_name%',0,10,NULL,'2021-12-30 09:11:23','2021-12-30 09:11:23'),(42,'confirm_payment','Payment was confirmed (amount $2,392.80) by %user_name%',0,10,NULL,'2022-01-04 21:11:23','2022-01-04 21:11:23'),(43,'create_shipment','Created shipment for order',0,10,NULL,'2022-01-04 21:11:23','2022-01-04 21:11:23'),(44,'create_order_from_seeder','Order is created from the checkout page',NULL,11,NULL,'2021-12-31 17:11:23','2021-12-31 17:11:23'),(45,'confirm_order','Order was verified by %user_name%',0,11,NULL,'2021-12-31 17:11:23','2021-12-31 17:11:23'),(46,'create_shipment','Created shipment for order',0,11,NULL,'2022-01-04 21:11:23','2022-01-04 21:11:23'),(47,'create_order_from_seeder','Order is created from the checkout page',NULL,12,NULL,'2022-01-03 09:11:23','2022-01-03 09:11:23'),(48,'confirm_order','Order was verified by %user_name%',0,12,NULL,'2022-01-03 09:11:23','2022-01-03 09:11:23'),(49,'confirm_payment','Payment was confirmed (amount $1,350.30) by %user_name%',0,12,NULL,'2022-01-04 21:11:23','2022-01-04 21:11:23'),(50,'create_shipment','Created shipment for order',0,12,NULL,'2022-01-04 21:11:23','2022-01-04 21:11:23'),(51,'update_status','Changed status of shipping to : Delivered . Updated by: %user_name%',0,12,NULL,'2022-01-04 21:11:23','2022-01-04 21:11:23'),(52,'create_order_from_seeder','Order is created from the checkout page',NULL,13,NULL,'2022-01-03 13:11:23','2022-01-03 13:11:23'),(53,'confirm_order','Order was verified by %user_name%',0,13,NULL,'2022-01-03 13:11:23','2022-01-03 13:11:23'),(54,'confirm_payment','Payment was confirmed (amount $410.80) by %user_name%',0,13,NULL,'2022-01-04 21:11:23','2022-01-04 21:11:23'),(55,'create_shipment','Created shipment for order',0,13,NULL,'2022-01-04 21:11:23','2022-01-04 21:11:23'),(56,'update_status','Changed status of shipping to : Delivered . Updated by: %user_name%',0,13,NULL,'2022-01-04 21:11:23','2022-01-04 21:11:23'),(57,'create_order_from_seeder','Order is created from the checkout page',NULL,14,NULL,'2021-12-31 05:11:23','2021-12-31 05:11:23'),(58,'confirm_order','Order was verified by %user_name%',0,14,NULL,'2021-12-31 05:11:23','2021-12-31 05:11:23'),(59,'create_shipment','Created shipment for order',0,14,NULL,'2022-01-04 21:11:24','2022-01-04 21:11:24'),(60,'update_status','Changed status of shipping to : Delivered . Updated by: %user_name%',0,14,NULL,'2022-01-04 21:11:24','2022-01-04 21:11:24'),(61,'create_order_from_seeder','Order is created from the checkout page',NULL,15,NULL,'2022-01-01 21:11:24','2022-01-01 21:11:24'),(62,'confirm_order','Order was verified by %user_name%',0,15,NULL,'2022-01-01 21:11:24','2022-01-01 21:11:24'),(63,'create_shipment','Created shipment for order',0,15,NULL,'2022-01-04 21:11:24','2022-01-04 21:11:24'),(64,'update_status','Changed status of shipping to : Delivered . Updated by: %user_name%',0,15,NULL,'2022-01-04 21:11:24','2022-01-04 21:11:24'),(65,'create_order_from_seeder','Order is created from the checkout page',NULL,16,NULL,'2022-01-03 15:11:24','2022-01-03 15:11:24'),(66,'confirm_order','Order was verified by %user_name%',0,16,NULL,'2022-01-03 15:11:24','2022-01-03 15:11:24'),(67,'confirm_payment','Payment was confirmed (amount $1,244.20) by %user_name%',0,16,NULL,'2022-01-04 21:11:24','2022-01-04 21:11:24'),(68,'create_shipment','Created shipment for order',0,16,NULL,'2022-01-04 21:11:24','2022-01-04 21:11:24'),(69,'update_status','Changed status of shipping to : Delivered . Updated by: %user_name%',0,16,NULL,'2022-01-04 21:11:24','2022-01-04 21:11:24'),(70,'create_order_from_seeder','Order is created from the checkout page',NULL,17,NULL,'2022-01-03 13:11:24','2022-01-03 13:11:24'),(71,'confirm_order','Order was verified by %user_name%',0,17,NULL,'2022-01-03 13:11:24','2022-01-03 13:11:24'),(72,'confirm_payment','Payment was confirmed (amount $2,314.80) by %user_name%',0,17,NULL,'2022-01-04 21:11:24','2022-01-04 21:11:24'),(73,'create_shipment','Created shipment for order',0,17,NULL,'2022-01-04 21:11:24','2022-01-04 21:11:24'),(74,'create_order_from_seeder','Order is created from the checkout page',NULL,18,NULL,'2022-01-02 21:11:24','2022-01-02 21:11:24'),(75,'confirm_order','Order was verified by %user_name%',0,18,NULL,'2022-01-02 21:11:24','2022-01-02 21:11:24'),(76,'create_shipment','Created shipment for order',0,18,NULL,'2022-01-04 21:11:24','2022-01-04 21:11:24'),(77,'create_order_from_seeder','Order is created from the checkout page',NULL,19,NULL,'2022-01-03 17:11:24','2022-01-03 17:11:24'),(78,'confirm_order','Order was verified by %user_name%',0,19,NULL,'2022-01-03 17:11:24','2022-01-03 17:11:24'),(79,'create_shipment','Created shipment for order',0,19,NULL,'2022-01-04 21:11:24','2022-01-04 21:11:24'),(80,'create_order_from_seeder','Order is created from the checkout page',NULL,20,NULL,'2022-01-04 09:11:24','2022-01-04 09:11:24'),(81,'confirm_order','Order was verified by %user_name%',0,20,NULL,'2022-01-04 09:11:24','2022-01-04 09:11:24'),(82,'create_shipment','Created shipment for order',0,20,NULL,'2022-01-04 21:11:24','2022-01-04 21:11:24'),(83,'update_status','Order confirmed by %user_name%',0,5,NULL,'2022-01-04 21:11:24','2022-01-04 21:11:24'),(84,'update_status','Order confirmed by %user_name%',0,6,NULL,'2022-01-04 21:11:24','2022-01-04 21:11:24'),(85,'update_status','Order confirmed by %user_name%',0,8,NULL,'2022-01-04 21:11:24','2022-01-04 21:11:24'),(86,'update_status','Order confirmed by %user_name%',0,9,NULL,'2022-01-04 21:11:24','2022-01-04 21:11:24'),(87,'update_status','Order confirmed by %user_name%',0,12,NULL,'2022-01-04 21:11:24','2022-01-04 21:11:24'),(88,'update_status','Order confirmed by %user_name%',0,13,NULL,'2022-01-04 21:11:24','2022-01-04 21:11:24'),(89,'update_status','Order confirmed by %user_name%',0,16,NULL,'2022-01-04 21:11:24','2022-01-04 21:11:24');
/*!40000 ALTER TABLE `ec_order_histories` ENABLE KEYS */;
UNLOCK TABLES;

--
-- Table structure for table `ec_order_product`
--

DROP TABLE IF EXISTS `ec_order_product`;
/*!40101 SET @saved_cs_client     = @@character_set_client */;
/*!40101 SET character_set_client = utf8 */;
CREATE TABLE `ec_order_product` (
  `id` bigint(20) unsigned NOT NULL AUTO_INCREMENT,
  `order_id` int(10) unsigned NOT NULL,
  `qty` int(11) NOT NULL,
  `price` decimal(15,2) NOT NULL,
  `tax_amount` decimal(15,2) NOT NULL,
  `options` text COLLATE utf8mb4_unicode_ci DEFAULT NULL,
  `product_id` int(10) unsigned DEFAULT NULL,
  `product_name` varchar(191) COLLATE utf8mb4_unicode_ci NOT NULL,
  `weight` double(8,2) DEFAULT 0.00,
  `restock_quantity` int(10) unsigned DEFAULT 0,
  `created_at` timestamp NULL DEFAULT NULL,
  `updated_at` timestamp NULL DEFAULT NULL,
  PRIMARY KEY (`id`)
) ENGINE=InnoDB AUTO_INCREMENT=57 DEFAULT CHARSET=utf8mb4 COLLATE=utf8mb4_unicode_ci;
/*!40101 SET character_set_client = @saved_cs_client */;

--
-- Dumping data for table `ec_order_product`
--

LOCK TABLES `ec_order_product` WRITE;
/*!40000 ALTER TABLE `ec_order_product` DISABLE KEYS */;
INSERT INTO `ec_order_product` VALUES (1,1,3,42.00,4.20,'[]',38,'Camera Hikvision HK-35VS8',1971.00,0,'2022-01-04 21:11:23','2022-01-04 21:11:23'),(2,1,3,122.00,12.20,'[]',75,'Leather Watch Band Serial 3',1734.00,0,'2022-01-04 21:11:23','2022-01-04 21:11:23'),(3,2,2,123.00,12.30,'[]',64,'MacSafe 80W',1340.00,0,'2022-01-04 21:11:23','2022-01-04 21:11:23'),(4,2,2,125.00,12.50,'[]',66,'Hand playstation',1480.00,0,'2022-01-04 21:11:23','2022-01-04 21:11:23'),(5,3,3,79.00,7.90,'[]',35,'Chikie - Bluetooth Speaker',2121.00,0,'2022-01-04 21:11:23','2022-01-04 21:11:23'),(6,3,1,237.00,23.70,'[]',49,'Macbook Air 12 inch',798.00,0,'2022-01-04 21:11:23','2022-01-04 21:11:23'),(7,3,3,122.00,12.20,'[]',77,'Leather Watch Band Serial 3',1734.00,0,'2022-01-04 21:11:23','2022-01-04 21:11:23'),(8,4,2,337.00,33.70,'[]',30,'Headphone Ultra Bass',1420.00,0,'2022-01-04 21:11:23','2022-01-04 21:11:23'),(9,4,1,127.00,12.70,'[]',42,'Leather Watch Band',875.00,0,'2022-01-04 21:11:23','2022-01-04 21:11:23'),(10,4,2,121.00,12.10,'[]',57,'Macbook Pro 13 inch',1516.00,0,'2022-01-04 21:11:23','2022-01-04 21:11:23'),(11,4,2,120.00,12.00,'[]',82,'Black Glasses',1526.00,0,'2022-01-04 21:11:23','2022-01-04 21:11:23'),(12,5,2,59.00,5.90,'[]',40,'Camera Samsung SS-24',1404.00,0,'2022-01-04 21:11:23','2022-01-04 21:11:23'),(13,5,2,120.00,12.00,'[]',82,'Black Glasses',1526.00,0,'2022-01-04 21:11:23','2022-01-04 21:11:23'),(14,6,2,493.00,49.30,'[]',28,'Smart Home Speaker',1258.00,0,'2022-01-04 21:11:23','2022-01-04 21:11:23'),(15,6,1,79.00,7.90,'[]',34,'Chikie - Bluetooth Speaker',707.00,0,'2022-01-04 21:11:23','2022-01-04 21:11:23'),(16,6,1,120.00,12.00,'[]',69,'Apple Airpods Serial 3',513.00,0,'2022-01-04 21:11:23','2022-01-04 21:11:23'),(17,7,3,237.00,23.70,'[]',48,'Macbook Air 12 inch',2394.00,0,'2022-01-04 21:11:23','2022-01-04 21:11:23'),(18,7,2,121.00,12.10,'[]',56,'Macbook Pro 13 inch',1516.00,0,'2022-01-04 21:11:23','2022-01-04 21:11:23'),(19,8,3,121.00,12.10,'[]',56,'Macbook Pro 13 inch',2274.00,0,'2022-01-04 21:11:23','2022-01-04 21:11:23'),(20,8,3,125.00,12.50,'[]',66,'Hand playstation',2220.00,0,'2022-01-04 21:11:23','2022-01-04 21:11:23'),(21,8,1,122.00,12.20,'[]',77,'Leather Watch Band Serial 3',578.00,0,'2022-01-04 21:11:23','2022-01-04 21:11:23'),(22,8,3,130.00,13.00,'[]',88,'Gaming Keyboard',2232.00,0,'2022-01-04 21:11:23','2022-01-04 21:11:23'),(23,9,1,121.00,12.10,'[]',56,'Macbook Pro 13 inch',758.00,0,'2022-01-04 21:11:23','2022-01-04 21:11:23'),(24,9,1,130.00,13.00,'[]',88,'Gaming Keyboard',744.00,0,'2022-01-04 21:11:23','2022-01-04 21:11:23'),(25,10,3,493.00,49.30,'[]',27,'Smart Home Speaker',1887.00,0,'2022-01-04 21:11:23','2022-01-04 21:11:23'),(26,10,3,237.00,23.70,'[]',50,'Macbook Air 12 inch',2394.00,0,'2022-01-04 21:11:23','2022-01-04 21:11:23'),(27,10,1,118.00,11.80,'[]',80,'Historic Alarm Clock',648.00,0,'2022-01-04 21:11:23','2022-01-04 21:11:23'),(28,11,3,79.00,7.90,'[]',33,'Chikie - Bluetooth Speaker',2121.00,0,'2022-01-04 21:11:23','2022-01-04 21:11:23'),(29,11,2,120.00,12.00,'[]',67,'Apple Airpods Serial 3',1026.00,0,'2022-01-04 21:11:23','2022-01-04 21:11:23'),(30,12,3,337.00,33.70,'[]',29,'Headphone Ultra Bass',2130.00,0,'2022-01-04 21:11:23','2022-01-04 21:11:23'),(31,12,2,79.00,7.90,'[]',36,'Chikie - Bluetooth Speaker',1414.00,0,'2022-01-04 21:11:23','2022-01-04 21:11:23'),(32,12,1,127.00,12.70,'[]',43,'Leather Watch Band',875.00,0,'2022-01-04 21:11:23','2022-01-04 21:11:23'),(33,13,2,79.00,7.90,'[]',34,'Chikie - Bluetooth Speaker',1414.00,0,'2022-01-04 21:11:23','2022-01-04 21:11:23'),(34,13,3,79.00,7.90,'[]',35,'Chikie - Bluetooth Speaker',2121.00,0,'2022-01-04 21:11:23','2022-01-04 21:11:23'),(35,14,2,126.00,12.60,'[]',55,'Apple Watch Serial 7',1252.00,0,'2022-01-04 21:11:24','2022-01-04 21:11:24'),(36,14,2,125.00,12.50,'[]',66,'Hand playstation',1480.00,0,'2022-01-04 21:11:24','2022-01-04 21:11:24'),(37,15,1,493.00,49.30,'[]',28,'Smart Home Speaker',629.00,0,'2022-01-04 21:11:24','2022-01-04 21:11:24'),(38,15,2,79.00,7.90,'[]',34,'Chikie - Bluetooth Speaker',1414.00,0,'2022-01-04 21:11:24','2022-01-04 21:11:24'),(39,15,2,126.00,12.60,'[]',52,'Apple Watch Serial 7',1252.00,0,'2022-01-04 21:11:24','2022-01-04 21:11:24'),(40,16,2,42.00,4.20,'[]',37,'Camera Hikvision HK-35VS8',1314.00,0,'2022-01-04 21:11:24','2022-01-04 21:11:24'),(41,16,3,127.00,12.70,'[]',43,'Leather Watch Band',2625.00,0,'2022-01-04 21:11:24','2022-01-04 21:11:24'),(42,16,2,237.00,23.70,'[]',49,'Macbook Air 12 inch',1596.00,0,'2022-01-04 21:11:24','2022-01-04 21:11:24'),(43,16,2,126.00,12.60,'[]',53,'Apple Watch Serial 7',1252.00,0,'2022-01-04 21:11:24','2022-01-04 21:11:24'),(44,17,3,493.00,49.30,'[]',26,'Smart Home Speaker',1887.00,0,'2022-01-04 21:11:24','2022-01-04 21:11:24'),(45,17,2,125.00,12.50,'[]',66,'Hand playstation',1480.00,0,'2022-01-04 21:11:24','2022-01-04 21:11:24'),(46,17,3,130.00,13.00,'[]',71,'Cool Smart Watches',2094.00,0,'2022-01-04 21:11:24','2022-01-04 21:11:24'),(47,17,1,110.00,11.00,'[]',74,'Black Smart Watches',634.00,0,'2022-01-04 21:11:24','2022-01-04 21:11:24'),(48,18,1,59.00,5.90,'[]',41,'Camera Samsung SS-24',702.00,0,'2022-01-04 21:11:24','2022-01-04 21:11:24'),(49,18,2,122.00,12.20,'[]',77,'Leather Watch Band Serial 3',1156.00,0,'2022-01-04 21:11:24','2022-01-04 21:11:24'),(50,18,3,116.00,11.60,'[]',79,'Macbook Pro 2015 13 inch',2118.00,0,'2022-01-04 21:11:24','2022-01-04 21:11:24'),(51,18,3,118.00,11.80,'[]',81,'Historic Alarm Clock',1944.00,0,'2022-01-04 21:11:24','2022-01-04 21:11:24'),(52,19,3,121.00,12.10,'[]',57,'Macbook Pro 13 inch',2274.00,0,'2022-01-04 21:11:24','2022-01-04 21:11:24'),(53,19,2,123.00,12.30,'[]',63,'MacSafe 80W',1340.00,0,'2022-01-04 21:11:24','2022-01-04 21:11:24'),(54,20,3,493.00,49.30,'[]',26,'Smart Home Speaker',1887.00,0,'2022-01-04 21:11:24','2022-01-04 21:11:24'),(55,20,2,337.00,33.70,'[]',31,'Headphone Ultra Bass',1420.00,0,'2022-01-04 21:11:24','2022-01-04 21:11:24'),(56,20,2,110.00,11.00,'[]',74,'Black Smart Watches',1268.00,0,'2022-01-04 21:11:24','2022-01-04 21:11:24');
/*!40000 ALTER TABLE `ec_order_product` ENABLE KEYS */;
UNLOCK TABLES;

--
-- Table structure for table `ec_orders`
--

DROP TABLE IF EXISTS `ec_orders`;
/*!40101 SET @saved_cs_client     = @@character_set_client */;
/*!40101 SET character_set_client = utf8 */;
CREATE TABLE `ec_orders` (
  `id` bigint(20) unsigned NOT NULL AUTO_INCREMENT,
  `user_id` int(10) unsigned NOT NULL,
  `shipping_option` varchar(60) COLLATE utf8mb4_unicode_ci DEFAULT NULL,
  `shipping_method` varchar(60) COLLATE utf8mb4_unicode_ci NOT NULL DEFAULT 'default',
  `status` varchar(120) COLLATE utf8mb4_unicode_ci NOT NULL DEFAULT 'pending',
  `amount` decimal(15,2) NOT NULL,
  `tax_amount` decimal(15,2) DEFAULT NULL,
  `shipping_amount` decimal(15,2) DEFAULT NULL,
  `description` text COLLATE utf8mb4_unicode_ci DEFAULT NULL,
  `coupon_code` varchar(120) COLLATE utf8mb4_unicode_ci DEFAULT NULL,
  `discount_amount` decimal(15,2) DEFAULT NULL,
  `sub_total` decimal(15,2) NOT NULL,
  `is_confirmed` tinyint(1) NOT NULL DEFAULT 0,
  `discount_description` varchar(255) COLLATE utf8mb4_unicode_ci DEFAULT NULL,
  `is_finished` tinyint(1) DEFAULT 1,
  `token` varchar(120) COLLATE utf8mb4_unicode_ci DEFAULT NULL,
  `payment_id` int(10) unsigned DEFAULT NULL,
  `created_at` timestamp NULL DEFAULT NULL,
  `updated_at` timestamp NULL DEFAULT NULL,
  PRIMARY KEY (`id`)
) ENGINE=InnoDB AUTO_INCREMENT=21 DEFAULT CHARSET=utf8mb4 COLLATE=utf8mb4_unicode_ci;
/*!40101 SET character_set_client = @saved_cs_client */;

--
-- Dumping data for table `ec_orders`
--

LOCK TABLES `ec_orders` WRITE;
/*!40000 ALTER TABLE `ec_orders` DISABLE KEYS */;
INSERT INTO `ec_orders` VALUES (1,1,'1','default','pending',508.40,16.40,0.00,NULL,NULL,0.00,492.00,1,NULL,1,'biiB3YJ7qOQMqrpgmH99nwY18QEML',1,'2021-12-30 21:11:23','2022-01-04 21:11:23'),(2,5,'1','default','pending',520.80,24.80,0.00,NULL,NULL,0.00,496.00,1,NULL,1,'Bt7djoWsAjeclLk6erOzIGQZiRYAE',2,'2021-12-27 23:11:23','2022-01-04 21:11:23'),(3,7,'1','default','pending',883.80,43.80,0.00,NULL,NULL,0.00,840.00,1,NULL,1,'63gub7coshsc2PRFKSrTY1RsZL2KG',3,'2021-12-28 09:11:23','2022-01-04 21:11:23'),(4,7,'1','default','pending',1353.50,70.50,0.00,NULL,NULL,0.00,1283.00,1,NULL,1,'fEiLUpVlwCjaLRNow1AurzwZZB79s',4,'2021-12-28 19:11:23','2022-01-04 21:11:23'),(5,7,'1','default','completed',375.90,17.90,0.00,NULL,NULL,0.00,358.00,1,NULL,1,'Al9KJcK8avC3dJtb5sm9DDx1r97gf',5,'2021-12-27 21:11:23','2022-01-04 21:11:24'),(6,8,'1','default','completed',1254.20,69.20,0.00,NULL,NULL,0.00,1185.00,1,NULL,1,'cGIcLfprdoXop9GbC3H2QXzFkQtHR',6,'2021-12-23 09:11:23','2022-01-04 21:11:24'),(7,6,'1','default','pending',988.80,35.80,0.00,NULL,NULL,0.00,953.00,1,NULL,1,'4z7MhuiFBX9AmjFJrjOFf3qkaW0xm',7,'2021-12-24 05:11:23','2022-01-04 21:11:23'),(8,3,'1','default','completed',1299.80,49.80,0.00,NULL,NULL,0.00,1250.00,1,NULL,1,'sKpiO5HEK5k8m8raMxjVFT6Op0y67',8,'2021-12-25 01:11:23','2022-01-04 21:11:24'),(9,3,'1','default','completed',276.10,25.10,0.00,NULL,NULL,0.00,251.00,1,NULL,1,'LNvS0H8RvAfaa84ELDJTgUN46rb8G',9,'2021-12-31 21:11:23','2022-01-04 21:11:24'),(10,9,'1','default','pending',2392.80,84.80,0.00,NULL,NULL,0.00,2308.00,1,NULL,1,'EJQSbC7UGsRKc4ybsJhCLs8ChdHZT',10,'2021-12-30 09:11:23','2022-01-04 21:11:23'),(11,4,'1','default','pending',496.90,19.90,0.00,NULL,NULL,0.00,477.00,1,NULL,1,'ER6ZWgfNdPW0PUCge1brkAuwmgQUI',11,'2021-12-31 17:11:23','2022-01-04 21:11:23'),(12,5,'1','default','completed',1350.30,54.30,0.00,NULL,NULL,0.00,1296.00,1,NULL,1,'OkciReLUobEHe0Bbh0s0lIjdue0Mj',12,'2022-01-03 09:11:23','2022-01-04 21:11:24'),(13,3,'1','default','completed',410.80,15.80,0.00,NULL,NULL,0.00,395.00,1,NULL,1,'ECJgOaogABtJBVrth1sjnUjCMG4MB',13,'2022-01-03 13:11:23','2022-01-04 21:11:24'),(14,4,'1','default','pending',527.10,25.10,0.00,NULL,NULL,0.00,502.00,1,NULL,1,'wYVcG3dN1fnZnAt0nmGj0pURqdgLH',14,'2021-12-31 05:11:23','2022-01-04 21:11:24'),(15,2,'1','default','pending',972.80,69.80,0.00,NULL,NULL,0.00,903.00,1,NULL,1,'UclVktsdp7S0FSqp4n5vbV306fLJy',15,'2022-01-01 21:11:24','2022-01-04 21:11:24'),(16,1,'1','default','completed',1244.20,53.20,0.00,NULL,NULL,0.00,1191.00,1,NULL,1,'b0U3fHiP3stBzymty8nkwnC34cZsp',16,'2022-01-03 15:11:24','2022-01-04 21:11:24'),(17,8,'1','default','pending',2314.80,85.80,0.00,NULL,NULL,0.00,2229.00,1,NULL,1,'yntVOS8pLVurvFJAMN8OzPjE31sYV',17,'2022-01-03 13:11:24','2022-01-04 21:11:24'),(18,7,'1','default','pending',1046.50,41.50,0.00,NULL,NULL,0.00,1005.00,1,NULL,1,'MuWo12E4ZuyQkVDPtPoGNKFwnntHP',18,'2022-01-02 21:11:24','2022-01-04 21:11:24'),(19,4,'1','default','pending',633.40,24.40,0.00,NULL,NULL,0.00,609.00,1,NULL,1,'l0PSq9sQ0LollYX6pkw02X2MelyiS',19,'2022-01-03 17:11:24','2022-01-04 21:11:24'),(20,4,'1','default','pending',2467.00,94.00,0.00,NULL,NULL,0.00,2373.00,1,NULL,1,'XsCkJ91QfwGBkoExtFXnBIVePtn1T',20,'2022-01-04 09:11:24','2022-01-04 21:11:24');
/*!40000 ALTER TABLE `ec_orders` ENABLE KEYS */;
UNLOCK TABLES;

--
-- Table structure for table `ec_product_attribute_sets`
--

DROP TABLE IF EXISTS `ec_product_attribute_sets`;
/*!40101 SET @saved_cs_client     = @@character_set_client */;
/*!40101 SET character_set_client = utf8 */;
CREATE TABLE `ec_product_attribute_sets` (
  `id` bigint(20) unsigned NOT NULL AUTO_INCREMENT,
  `title` varchar(120) COLLATE utf8mb4_unicode_ci NOT NULL,
  `slug` varchar(120) COLLATE utf8mb4_unicode_ci DEFAULT NULL,
  `display_layout` varchar(191) COLLATE utf8mb4_unicode_ci NOT NULL DEFAULT 'swatch_dropdown',
  `is_searchable` tinyint(3) unsigned NOT NULL DEFAULT 1,
  `is_comparable` tinyint(3) unsigned NOT NULL DEFAULT 1,
  `is_use_in_product_listing` tinyint(3) unsigned NOT NULL DEFAULT 0,
  `status` varchar(60) COLLATE utf8mb4_unicode_ci NOT NULL DEFAULT 'published',
  `order` tinyint(3) unsigned NOT NULL DEFAULT 0,
  `created_at` timestamp NULL DEFAULT NULL,
  `updated_at` timestamp NULL DEFAULT NULL,
  PRIMARY KEY (`id`)
) ENGINE=InnoDB AUTO_INCREMENT=3 DEFAULT CHARSET=utf8mb4 COLLATE=utf8mb4_unicode_ci;
/*!40101 SET character_set_client = @saved_cs_client */;

--
-- Dumping data for table `ec_product_attribute_sets`
--

LOCK TABLES `ec_product_attribute_sets` WRITE;
/*!40000 ALTER TABLE `ec_product_attribute_sets` DISABLE KEYS */;
INSERT INTO `ec_product_attribute_sets` VALUES (1,'Color','color','visual',1,1,1,'published',0,'2022-01-04 21:10:47','2022-01-04 21:10:47'),(2,'Size','size','text',1,1,1,'published',1,'2022-01-04 21:10:47','2022-01-04 21:10:47');
/*!40000 ALTER TABLE `ec_product_attribute_sets` ENABLE KEYS */;
UNLOCK TABLES;

--
-- Table structure for table `ec_product_attribute_sets_translations`
--

DROP TABLE IF EXISTS `ec_product_attribute_sets_translations`;
/*!40101 SET @saved_cs_client     = @@character_set_client */;
/*!40101 SET character_set_client = utf8 */;
CREATE TABLE `ec_product_attribute_sets_translations` (
  `lang_code` varchar(191) COLLATE utf8mb4_unicode_ci NOT NULL,
  `ec_product_attribute_sets_id` int(11) NOT NULL,
  `title` varchar(191) COLLATE utf8mb4_unicode_ci DEFAULT NULL,
  PRIMARY KEY (`lang_code`,`ec_product_attribute_sets_id`)
) ENGINE=InnoDB DEFAULT CHARSET=utf8mb4 COLLATE=utf8mb4_unicode_ci;
/*!40101 SET character_set_client = @saved_cs_client */;

--
-- Dumping data for table `ec_product_attribute_sets_translations`
--

LOCK TABLES `ec_product_attribute_sets_translations` WRITE;
/*!40000 ALTER TABLE `ec_product_attribute_sets_translations` DISABLE KEYS */;
INSERT INTO `ec_product_attribute_sets_translations` VALUES ('vi',1,'Màu sắc'),('vi',2,'Kích thước');
/*!40000 ALTER TABLE `ec_product_attribute_sets_translations` ENABLE KEYS */;
UNLOCK TABLES;

--
-- Table structure for table `ec_product_attributes`
--

DROP TABLE IF EXISTS `ec_product_attributes`;
/*!40101 SET @saved_cs_client     = @@character_set_client */;
/*!40101 SET character_set_client = utf8 */;
CREATE TABLE `ec_product_attributes` (
  `id` bigint(20) unsigned NOT NULL AUTO_INCREMENT,
  `attribute_set_id` int(10) unsigned NOT NULL,
  `title` varchar(120) COLLATE utf8mb4_unicode_ci NOT NULL,
  `slug` varchar(120) COLLATE utf8mb4_unicode_ci DEFAULT NULL,
  `color` varchar(50) COLLATE utf8mb4_unicode_ci DEFAULT NULL,
  `image` varchar(191) COLLATE utf8mb4_unicode_ci DEFAULT NULL,
  `is_default` tinyint(3) unsigned NOT NULL DEFAULT 0,
  `order` tinyint(3) unsigned NOT NULL DEFAULT 0,
  `status` varchar(60) COLLATE utf8mb4_unicode_ci NOT NULL DEFAULT 'published',
  `created_at` timestamp NULL DEFAULT NULL,
  `updated_at` timestamp NULL DEFAULT NULL,
  PRIMARY KEY (`id`)
) ENGINE=InnoDB AUTO_INCREMENT=11 DEFAULT CHARSET=utf8mb4 COLLATE=utf8mb4_unicode_ci;
/*!40101 SET character_set_client = @saved_cs_client */;

--
-- Dumping data for table `ec_product_attributes`
--

LOCK TABLES `ec_product_attributes` WRITE;
/*!40000 ALTER TABLE `ec_product_attributes` DISABLE KEYS */;
INSERT INTO `ec_product_attributes` VALUES (1,1,'Green','green','#5FB7D4',NULL,1,1,'published','2022-01-04 21:10:47','2022-01-04 21:10:47'),(2,1,'Blue','blue','#333333',NULL,0,2,'published','2022-01-04 21:10:47','2022-01-04 21:10:47'),(3,1,'Red','red','#DA323F',NULL,0,3,'published','2022-01-04 21:10:47','2022-01-04 21:10:47'),(4,1,'Black','back','#2F366C',NULL,0,4,'published','2022-01-04 21:10:47','2022-01-04 21:10:47'),(5,1,'Brown','brown','#87554B',NULL,0,5,'published','2022-01-04 21:10:47','2022-01-04 21:10:47'),(6,2,'S','s',NULL,NULL,1,1,'published','2022-01-04 21:10:47','2022-01-04 21:10:47'),(7,2,'M','m',NULL,NULL,0,2,'published','2022-01-04 21:10:47','2022-01-04 21:10:47'),(8,2,'L','l',NULL,NULL,0,3,'published','2022-01-04 21:10:47','2022-01-04 21:10:47'),(9,2,'XL','xl',NULL,NULL,0,4,'published','2022-01-04 21:10:47','2022-01-04 21:10:47'),(10,2,'XXL','xxl',NULL,NULL,0,5,'published','2022-01-04 21:10:47','2022-01-04 21:10:47');
/*!40000 ALTER TABLE `ec_product_attributes` ENABLE KEYS */;
UNLOCK TABLES;

--
-- Table structure for table `ec_product_attributes_translations`
--

DROP TABLE IF EXISTS `ec_product_attributes_translations`;
/*!40101 SET @saved_cs_client     = @@character_set_client */;
/*!40101 SET character_set_client = utf8 */;
CREATE TABLE `ec_product_attributes_translations` (
  `lang_code` varchar(191) COLLATE utf8mb4_unicode_ci NOT NULL,
  `ec_product_attributes_id` int(11) NOT NULL,
  `title` varchar(191) COLLATE utf8mb4_unicode_ci DEFAULT NULL,
  PRIMARY KEY (`lang_code`,`ec_product_attributes_id`)
) ENGINE=InnoDB DEFAULT CHARSET=utf8mb4 COLLATE=utf8mb4_unicode_ci;
/*!40101 SET character_set_client = @saved_cs_client */;

--
-- Dumping data for table `ec_product_attributes_translations`
--

LOCK TABLES `ec_product_attributes_translations` WRITE;
/*!40000 ALTER TABLE `ec_product_attributes_translations` DISABLE KEYS */;
INSERT INTO `ec_product_attributes_translations` VALUES ('vi',1,'Xanh lá cây'),('vi',2,'Xanh da trời'),('vi',3,'Đỏ'),('vi',4,'Đen'),('vi',5,'Nâu'),('vi',6,'S'),('vi',7,'M'),('vi',8,'L'),('vi',9,'XL'),('vi',10,'XXL');
/*!40000 ALTER TABLE `ec_product_attributes_translations` ENABLE KEYS */;
UNLOCK TABLES;

--
-- Table structure for table `ec_product_categories`
--

DROP TABLE IF EXISTS `ec_product_categories`;
/*!40101 SET @saved_cs_client     = @@character_set_client */;
/*!40101 SET character_set_client = utf8 */;
CREATE TABLE `ec_product_categories` (
  `id` bigint(20) unsigned NOT NULL AUTO_INCREMENT,
  `name` varchar(191) COLLATE utf8mb4_unicode_ci NOT NULL,
  `parent_id` int(10) unsigned DEFAULT 0,
  `description` mediumtext COLLATE utf8mb4_unicode_ci DEFAULT NULL,
  `status` varchar(60) COLLATE utf8mb4_unicode_ci NOT NULL DEFAULT 'published',
  `order` int(10) unsigned NOT NULL DEFAULT 0,
  `image` varchar(255) COLLATE utf8mb4_unicode_ci DEFAULT NULL,
  `is_featured` tinyint(3) unsigned NOT NULL DEFAULT 0,
  `created_at` timestamp NULL DEFAULT NULL,
  `updated_at` timestamp NULL DEFAULT NULL,
  PRIMARY KEY (`id`)
) ENGINE=InnoDB AUTO_INCREMENT=31 DEFAULT CHARSET=utf8mb4 COLLATE=utf8mb4_unicode_ci;
/*!40101 SET character_set_client = @saved_cs_client */;

--
-- Dumping data for table `ec_product_categories`
--

LOCK TABLES `ec_product_categories` WRITE;
/*!40000 ALTER TABLE `ec_product_categories` DISABLE KEYS */;
INSERT INTO `ec_product_categories` VALUES (1,'Hot Promotions',0,NULL,'published',0,NULL,0,'2022-01-04 21:10:47','2022-01-04 21:10:47'),(2,'Electronics',0,NULL,'published',1,'product-categories/1.jpg',1,'2022-01-04 21:10:47','2022-01-04 21:10:47'),(3,'Home Audio & Theaters',2,NULL,'published',0,NULL,0,'2022-01-04 21:10:47','2022-01-04 21:10:47'),(4,'TV & Videos',2,NULL,'published',1,NULL,0,'2022-01-04 21:10:47','2022-01-04 21:10:47'),(5,'Camera, Photos & Videos',2,NULL,'published',2,NULL,0,'2022-01-04 21:10:47','2022-01-04 21:10:47'),(6,'Cellphones & Accessories',2,NULL,'published',3,NULL,0,'2022-01-04 21:10:47','2022-01-04 21:10:47'),(7,'Headphones',2,NULL,'published',4,NULL,0,'2022-01-04 21:10:47','2022-01-04 21:10:47'),(8,'Videos games',2,NULL,'published',5,NULL,0,'2022-01-04 21:10:47','2022-01-04 21:10:47'),(9,'Wireless Speakers',2,NULL,'published',6,NULL,0,'2022-01-04 21:10:47','2022-01-04 21:10:47'),(10,'Office Electronic',2,NULL,'published',7,NULL,0,'2022-01-04 21:10:47','2022-01-04 21:10:47'),(11,'Clothing',0,NULL,'published',2,'product-categories/2.jpg',1,'2022-01-04 21:10:47','2022-01-04 21:10:47'),(12,'Computers',0,NULL,'published',3,'product-categories/3.jpg',1,'2022-01-04 21:10:47','2022-01-04 21:10:47'),(13,'Computer & Tablets',12,NULL,'published',0,NULL,0,'2022-01-04 21:10:47','2022-01-04 21:10:47'),(14,'Laptop',12,NULL,'published',1,NULL,0,'2022-01-04 21:10:47','2022-01-04 21:10:47'),(15,'Monitors',12,NULL,'published',2,NULL,0,'2022-01-04 21:10:47','2022-01-04 21:10:47'),(16,'Computer Components',12,NULL,'published',3,NULL,0,'2022-01-04 21:10:47','2022-01-04 21:10:47'),(17,'Home & Kitchen',0,NULL,'published',4,'product-categories/4.jpg',1,'2022-01-04 21:10:47','2022-01-04 21:10:47'),(18,'Health & Beauty',0,NULL,'published',5,'product-categories/5.jpg',1,'2022-01-04 21:10:47','2022-01-04 21:10:47'),(19,'Jewelry & Watch',0,NULL,'published',6,'product-categories/6.jpg',1,'2022-01-04 21:10:47','2022-01-04 21:10:47'),(20,'Technology Toys',0,NULL,'published',7,'product-categories/7.jpg',1,'2022-01-04 21:10:47','2022-01-04 21:10:47'),(21,'Drive & Storages',20,NULL,'published',0,NULL,0,'2022-01-04 21:10:47','2022-01-04 21:10:47'),(22,'Gaming Laptop',20,NULL,'published',1,NULL,0,'2022-01-04 21:10:47','2022-01-04 21:10:47'),(23,'Security & Protection',20,NULL,'published',2,NULL,0,'2022-01-04 21:10:47','2022-01-04 21:10:47'),(24,'Accessories',20,NULL,'published',3,NULL,0,'2022-01-04 21:10:47','2022-01-04 21:10:47'),(25,'Phones',0,NULL,'published',8,'product-categories/8.jpg',1,'2022-01-04 21:10:47','2022-01-04 21:10:47'),(26,'Babies & Moms',0,NULL,'published',9,NULL,0,'2022-01-04 21:10:47','2022-01-04 21:10:47'),(27,'Sport & Outdoor',0,NULL,'published',10,NULL,0,'2022-01-04 21:10:47','2022-01-04 21:10:47'),(28,'Books & Office',0,NULL,'published',11,NULL,0,'2022-01-04 21:10:47','2022-01-04 21:10:47'),(29,'Cars & Motorcycles',0,NULL,'published',12,NULL,0,'2022-01-04 21:10:47','2022-01-04 21:10:47'),(30,'Home Improvements',0,NULL,'published',13,NULL,0,'2022-01-04 21:10:47','2022-01-04 21:10:47');
/*!40000 ALTER TABLE `ec_product_categories` ENABLE KEYS */;
UNLOCK TABLES;

--
-- Table structure for table `ec_product_categories_translations`
--

DROP TABLE IF EXISTS `ec_product_categories_translations`;
/*!40101 SET @saved_cs_client     = @@character_set_client */;
/*!40101 SET character_set_client = utf8 */;
CREATE TABLE `ec_product_categories_translations` (
  `lang_code` varchar(191) COLLATE utf8mb4_unicode_ci NOT NULL,
  `ec_product_categories_id` int(11) NOT NULL,
  `name` varchar(191) COLLATE utf8mb4_unicode_ci DEFAULT NULL,
  `description` text COLLATE utf8mb4_unicode_ci DEFAULT NULL,
  PRIMARY KEY (`lang_code`,`ec_product_categories_id`)
) ENGINE=InnoDB DEFAULT CHARSET=utf8mb4 COLLATE=utf8mb4_unicode_ci;
/*!40101 SET character_set_client = @saved_cs_client */;

--
-- Dumping data for table `ec_product_categories_translations`
--

LOCK TABLES `ec_product_categories_translations` WRITE;
/*!40000 ALTER TABLE `ec_product_categories_translations` DISABLE KEYS */;
INSERT INTO `ec_product_categories_translations` VALUES ('vi',1,'Khuyến mãi nổi bật',NULL),('vi',2,'Điện tử',NULL),('vi',3,'Âm thanh và hình ảnh',NULL),('vi',4,'TV & Videos',NULL),('vi',5,'Máy ảnh, Ảnh & Videos',NULL),('vi',6,'Điện thoại & Phụ kiện',NULL),('vi',7,'Tai nghe',NULL),('vi',8,'Trò chơi',NULL),('vi',9,'Tai nghe không dây',NULL),('vi',10,'Điện tử văn phòng',NULL),('vi',11,'Quần áo',NULL),('vi',12,'Máy tính',NULL),('vi',13,'Máy tính và máy tính bảng',NULL),('vi',14,'Máy vi tính',NULL),('vi',15,'Màn hình',NULL),('vi',16,'Thiết bị máy tính',NULL),('vi',17,'Đồ dùng nhà bếp',NULL),('vi',18,'Sức khỏe & làm đẹp',NULL),('vi',19,'Đồng hồ & trang sức',NULL),('vi',20,'Đồ chơi công nghệ',NULL),('vi',21,'Thiết bị lưu trữ',NULL),('vi',22,'Máy tính chơi game',NULL),('vi',23,'Bảo mật',NULL),('vi',24,'Phụ kiện',NULL),('vi',25,'Điện thoại',NULL),('vi',26,'Mẹ và bé',NULL),('vi',27,'Thể thao & ngoài trời',NULL),('vi',28,'Sách & Văn phòng',NULL),('vi',29,'Ôto & Xe máy',NULL),('vi',30,'Thiết bị gia đình',NULL);
/*!40000 ALTER TABLE `ec_product_categories_translations` ENABLE KEYS */;
UNLOCK TABLES;

--
-- Table structure for table `ec_product_category_product`
--

DROP TABLE IF EXISTS `ec_product_category_product`;
/*!40101 SET @saved_cs_client     = @@character_set_client */;
/*!40101 SET character_set_client = utf8 */;
CREATE TABLE `ec_product_category_product` (
  `id` bigint(20) unsigned NOT NULL AUTO_INCREMENT,
  `category_id` int(10) unsigned NOT NULL,
  `product_id` int(10) unsigned NOT NULL,
  PRIMARY KEY (`id`),
  KEY `ec_product_category_product_category_id_index` (`category_id`),
  KEY `ec_product_category_product_product_id_index` (`product_id`)
) ENGINE=InnoDB AUTO_INCREMENT=25 DEFAULT CHARSET=utf8mb4 COLLATE=utf8mb4_unicode_ci;
/*!40101 SET character_set_client = @saved_cs_client */;

--
-- Dumping data for table `ec_product_category_product`
--

LOCK TABLES `ec_product_category_product` WRITE;
/*!40000 ALTER TABLE `ec_product_category_product` DISABLE KEYS */;
INSERT INTO `ec_product_category_product` VALUES (1,21,1),(2,17,2),(3,30,3),(4,26,4),(5,24,5),(6,29,6),(7,13,7),(8,16,8),(9,37,9),(10,22,10),(11,2,11),(12,21,12),(13,16,13),(14,14,14),(15,19,15),(16,11,16),(17,27,17),(18,3,18),(19,10,19),(20,22,20),(21,24,21),(22,25,22),(23,4,23),(24,21,24);
/*!40000 ALTER TABLE `ec_product_category_product` ENABLE KEYS */;
UNLOCK TABLES;

--
-- Table structure for table `ec_product_collection_products`
--

DROP TABLE IF EXISTS `ec_product_collection_products`;
/*!40101 SET @saved_cs_client     = @@character_set_client */;
/*!40101 SET character_set_client = utf8 */;
CREATE TABLE `ec_product_collection_products` (
  `id` bigint(20) unsigned NOT NULL AUTO_INCREMENT,
  `product_collection_id` int(10) unsigned NOT NULL,
  `product_id` int(10) unsigned NOT NULL,
  PRIMARY KEY (`id`),
  KEY `ec_product_collection_products_product_collection_id_index` (`product_collection_id`),
  KEY `ec_product_collection_products_product_id_index` (`product_id`)
) ENGINE=InnoDB AUTO_INCREMENT=25 DEFAULT CHARSET=utf8mb4 COLLATE=utf8mb4_unicode_ci;
/*!40101 SET character_set_client = @saved_cs_client */;

--
-- Dumping data for table `ec_product_collection_products`
--

LOCK TABLES `ec_product_collection_products` WRITE;
/*!40000 ALTER TABLE `ec_product_collection_products` DISABLE KEYS */;
INSERT INTO `ec_product_collection_products` VALUES (1,3,1),(2,3,2),(3,2,3),(4,2,4),(5,2,5),(6,1,6),(7,3,7),(8,1,8),(9,3,9),(10,1,10),(11,2,11),(12,3,12),(13,1,13),(14,3,14),(15,1,15),(16,1,16),(17,2,17),(18,3,18),(19,1,19),(20,1,20),(21,2,21),(22,1,22),(23,3,23),(24,2,24);
/*!40000 ALTER TABLE `ec_product_collection_products` ENABLE KEYS */;
UNLOCK TABLES;

--
-- Table structure for table `ec_product_collections`
--

DROP TABLE IF EXISTS `ec_product_collections`;
/*!40101 SET @saved_cs_client     = @@character_set_client */;
/*!40101 SET character_set_client = utf8 */;
CREATE TABLE `ec_product_collections` (
  `id` bigint(20) unsigned NOT NULL AUTO_INCREMENT,
  `name` varchar(191) COLLATE utf8mb4_unicode_ci NOT NULL,
  `slug` varchar(191) COLLATE utf8mb4_unicode_ci NOT NULL,
  `description` varchar(400) COLLATE utf8mb4_unicode_ci DEFAULT NULL,
  `image` varchar(255) COLLATE utf8mb4_unicode_ci DEFAULT NULL,
  `status` varchar(60) COLLATE utf8mb4_unicode_ci NOT NULL DEFAULT 'published',
  `created_at` timestamp NULL DEFAULT NULL,
  `updated_at` timestamp NULL DEFAULT NULL,
  `is_featured` tinyint(3) unsigned NOT NULL DEFAULT 0,
  PRIMARY KEY (`id`)
) ENGINE=InnoDB AUTO_INCREMENT=4 DEFAULT CHARSET=utf8mb4 COLLATE=utf8mb4_unicode_ci;
/*!40101 SET character_set_client = @saved_cs_client */;

--
-- Dumping data for table `ec_product_collections`
--

LOCK TABLES `ec_product_collections` WRITE;
/*!40000 ALTER TABLE `ec_product_collections` DISABLE KEYS */;
INSERT INTO `ec_product_collections` VALUES (1,'New Arrival','new-arrival',NULL,NULL,'published','2022-01-04 21:10:47','2022-01-04 21:10:47',0),(2,'Best Sellers','best-sellers',NULL,NULL,'published','2022-01-04 21:10:47','2022-01-04 21:10:47',0),(3,'Special Offer','special-offer',NULL,NULL,'published','2022-01-04 21:10:47','2022-01-04 21:10:47',0);
/*!40000 ALTER TABLE `ec_product_collections` ENABLE KEYS */;
UNLOCK TABLES;

--
-- Table structure for table `ec_product_collections_translations`
--

DROP TABLE IF EXISTS `ec_product_collections_translations`;
/*!40101 SET @saved_cs_client     = @@character_set_client */;
/*!40101 SET character_set_client = utf8 */;
CREATE TABLE `ec_product_collections_translations` (
  `lang_code` varchar(191) COLLATE utf8mb4_unicode_ci NOT NULL,
  `ec_product_collections_id` int(11) NOT NULL,
  `name` varchar(191) COLLATE utf8mb4_unicode_ci DEFAULT NULL,
  `description` varchar(191) COLLATE utf8mb4_unicode_ci DEFAULT NULL,
  PRIMARY KEY (`lang_code`,`ec_product_collections_id`)
) ENGINE=InnoDB DEFAULT CHARSET=utf8mb4 COLLATE=utf8mb4_unicode_ci;
/*!40101 SET character_set_client = @saved_cs_client */;

--
-- Dumping data for table `ec_product_collections_translations`
--

LOCK TABLES `ec_product_collections_translations` WRITE;
/*!40000 ALTER TABLE `ec_product_collections_translations` DISABLE KEYS */;
INSERT INTO `ec_product_collections_translations` VALUES ('vi',1,'Hàng mới về',NULL),('vi',2,'Bán chạy nhất',NULL),('vi',3,'Khuyến mãi đặc biệt',NULL);
/*!40000 ALTER TABLE `ec_product_collections_translations` ENABLE KEYS */;
UNLOCK TABLES;

--
-- Table structure for table `ec_product_cross_sale_relations`
--

DROP TABLE IF EXISTS `ec_product_cross_sale_relations`;
/*!40101 SET @saved_cs_client     = @@character_set_client */;
/*!40101 SET character_set_client = utf8 */;
CREATE TABLE `ec_product_cross_sale_relations` (
  `id` bigint(20) unsigned NOT NULL AUTO_INCREMENT,
  `from_product_id` int(10) unsigned NOT NULL,
  `to_product_id` int(10) unsigned NOT NULL,
  PRIMARY KEY (`id`),
  KEY `ec_product_cross_sale_relations_from_product_id_index` (`from_product_id`),
  KEY `ec_product_cross_sale_relations_to_product_id_index` (`to_product_id`)
) ENGINE=InnoDB AUTO_INCREMENT=90 DEFAULT CHARSET=utf8mb4 COLLATE=utf8mb4_unicode_ci;
/*!40101 SET character_set_client = @saved_cs_client */;

--
-- Dumping data for table `ec_product_cross_sale_relations`
--

LOCK TABLES `ec_product_cross_sale_relations` WRITE;
/*!40000 ALTER TABLE `ec_product_cross_sale_relations` DISABLE KEYS */;
INSERT INTO `ec_product_cross_sale_relations` VALUES (1,1,22),(2,1,2),(3,1,18),(4,1,16),(5,2,3),(6,2,14),(7,2,12),(8,2,1),(9,3,5),(10,3,24),(11,3,19),(12,3,6),(13,4,15),(14,4,18),(15,4,24),(16,4,21),(17,5,24),(18,5,6),(19,5,11),(20,6,20),(21,6,12),(22,6,16),(23,6,1),(24,7,20),(25,7,11),(26,7,22),(27,7,13),(28,8,11),(29,8,6),(30,8,19),(31,9,20),(32,9,2),(33,9,23),(34,9,21),(35,10,1),(36,10,15),(37,10,5),(38,10,24),(39,11,16),(40,11,22),(41,11,15),(42,11,19),(43,12,2),(44,12,8),(45,12,21),(46,13,1),(47,13,9),(48,13,7),(49,13,17),(50,14,16),(51,14,13),(52,14,1),(53,15,8),(54,15,14),(55,15,12),(56,16,21),(57,16,5),(58,16,20),(59,16,12),(60,17,13),(61,17,19),(62,17,1),(63,17,16),(64,18,14),(65,18,13),(66,18,4),(67,18,15),(68,19,5),(69,19,9),(70,19,1),(71,20,1),(72,20,19),(73,20,3),(74,20,18),(75,21,4),(76,21,16),(77,21,14),(78,21,15),(79,22,15),(80,22,21),(81,22,9),(82,22,1),(83,23,12),(84,23,6),(85,23,1),(86,24,14),(87,24,12),(88,24,2),(89,24,21);
/*!40000 ALTER TABLE `ec_product_cross_sale_relations` ENABLE KEYS */;
UNLOCK TABLES;

--
-- Table structure for table `ec_product_label_products`
--

DROP TABLE IF EXISTS `ec_product_label_products`;
/*!40101 SET @saved_cs_client     = @@character_set_client */;
/*!40101 SET character_set_client = utf8 */;
CREATE TABLE `ec_product_label_products` (
  `product_label_id` int(10) unsigned NOT NULL,
  `product_id` int(10) unsigned NOT NULL,
  PRIMARY KEY (`product_label_id`,`product_id`),
  KEY `ec_product_label_products_product_label_id_index` (`product_label_id`),
  KEY `ec_product_label_products_product_id_index` (`product_id`)
) ENGINE=InnoDB DEFAULT CHARSET=utf8mb4 COLLATE=utf8mb4_unicode_ci;
/*!40101 SET character_set_client = @saved_cs_client */;

--
-- Dumping data for table `ec_product_label_products`
--

LOCK TABLES `ec_product_label_products` WRITE;
/*!40000 ALTER TABLE `ec_product_label_products` DISABLE KEYS */;
INSERT INTO `ec_product_label_products` VALUES (1,7),(1,14),(1,21);
/*!40000 ALTER TABLE `ec_product_label_products` ENABLE KEYS */;
UNLOCK TABLES;

--
-- Table structure for table `ec_product_labels`
--

DROP TABLE IF EXISTS `ec_product_labels`;
/*!40101 SET @saved_cs_client     = @@character_set_client */;
/*!40101 SET character_set_client = utf8 */;
CREATE TABLE `ec_product_labels` (
  `id` bigint(20) unsigned NOT NULL AUTO_INCREMENT,
  `name` varchar(255) COLLATE utf8mb4_unicode_ci NOT NULL,
  `color` varchar(120) COLLATE utf8mb4_unicode_ci DEFAULT NULL,
  `status` varchar(60) COLLATE utf8mb4_unicode_ci NOT NULL DEFAULT 'published',
  `created_at` timestamp NULL DEFAULT NULL,
  `updated_at` timestamp NULL DEFAULT NULL,
  PRIMARY KEY (`id`)
) ENGINE=InnoDB AUTO_INCREMENT=4 DEFAULT CHARSET=utf8mb4 COLLATE=utf8mb4_unicode_ci;
/*!40101 SET character_set_client = @saved_cs_client */;

--
-- Dumping data for table `ec_product_labels`
--

LOCK TABLES `ec_product_labels` WRITE;
/*!40000 ALTER TABLE `ec_product_labels` DISABLE KEYS */;
INSERT INTO `ec_product_labels` VALUES (1,'Hot','#ec2434','published','2022-01-04 21:10:47','2022-01-04 21:10:47'),(2,'New','#00c9a7','published','2022-01-04 21:10:47','2022-01-04 21:10:47'),(3,'Sale','#fe9931','published','2022-01-04 21:10:47','2022-01-04 21:10:47');
/*!40000 ALTER TABLE `ec_product_labels` ENABLE KEYS */;
UNLOCK TABLES;

--
-- Table structure for table `ec_product_labels_translations`
--

DROP TABLE IF EXISTS `ec_product_labels_translations`;
/*!40101 SET @saved_cs_client     = @@character_set_client */;
/*!40101 SET character_set_client = utf8 */;
CREATE TABLE `ec_product_labels_translations` (
  `lang_code` varchar(191) COLLATE utf8mb4_unicode_ci NOT NULL,
  `ec_product_labels_id` int(11) NOT NULL,
  `name` varchar(191) COLLATE utf8mb4_unicode_ci DEFAULT NULL,
  `description` varchar(191) COLLATE utf8mb4_unicode_ci DEFAULT NULL,
  PRIMARY KEY (`lang_code`,`ec_product_labels_id`)
) ENGINE=InnoDB DEFAULT CHARSET=utf8mb4 COLLATE=utf8mb4_unicode_ci;
/*!40101 SET character_set_client = @saved_cs_client */;

--
-- Dumping data for table `ec_product_labels_translations`
--

LOCK TABLES `ec_product_labels_translations` WRITE;
/*!40000 ALTER TABLE `ec_product_labels_translations` DISABLE KEYS */;
INSERT INTO `ec_product_labels_translations` VALUES ('vi',1,'Nổi bật',NULL),('vi',2,'Mới',NULL),('vi',3,'Giảm giá',NULL);
/*!40000 ALTER TABLE `ec_product_labels_translations` ENABLE KEYS */;
UNLOCK TABLES;

--
-- Table structure for table `ec_product_related_relations`
--

DROP TABLE IF EXISTS `ec_product_related_relations`;
/*!40101 SET @saved_cs_client     = @@character_set_client */;
/*!40101 SET character_set_client = utf8 */;
CREATE TABLE `ec_product_related_relations` (
  `id` bigint(20) unsigned NOT NULL AUTO_INCREMENT,
  `from_product_id` int(10) unsigned NOT NULL,
  `to_product_id` int(10) unsigned NOT NULL,
  PRIMARY KEY (`id`),
  KEY `ec_product_related_relations_from_product_id_index` (`from_product_id`),
  KEY `ec_product_related_relations_to_product_id_index` (`to_product_id`)
) ENGINE=InnoDB DEFAULT CHARSET=utf8mb4 COLLATE=utf8mb4_unicode_ci;
/*!40101 SET character_set_client = @saved_cs_client */;

--
-- Dumping data for table `ec_product_related_relations`
--

LOCK TABLES `ec_product_related_relations` WRITE;
/*!40000 ALTER TABLE `ec_product_related_relations` DISABLE KEYS */;
/*!40000 ALTER TABLE `ec_product_related_relations` ENABLE KEYS */;
UNLOCK TABLES;

--
-- Table structure for table `ec_product_tag_product`
--

DROP TABLE IF EXISTS `ec_product_tag_product`;
/*!40101 SET @saved_cs_client     = @@character_set_client */;
/*!40101 SET character_set_client = utf8 */;
CREATE TABLE `ec_product_tag_product` (
  `product_id` int(10) unsigned NOT NULL,
  `tag_id` int(10) unsigned NOT NULL,
  PRIMARY KEY (`product_id`,`tag_id`),
  KEY `ec_product_tag_product_product_id_index` (`product_id`),
  KEY `ec_product_tag_product_tag_id_index` (`tag_id`)
) ENGINE=InnoDB DEFAULT CHARSET=utf8mb4 COLLATE=utf8mb4_unicode_ci;
/*!40101 SET character_set_client = @saved_cs_client */;

--
-- Dumping data for table `ec_product_tag_product`
--

LOCK TABLES `ec_product_tag_product` WRITE;
/*!40000 ALTER TABLE `ec_product_tag_product` DISABLE KEYS */;
INSERT INTO `ec_product_tag_product` VALUES (1,2),(1,5),(1,6),(2,1),(2,4),(2,5),(3,3),(3,5),(4,2),(4,5),(5,3),(5,5),(5,6),(6,1),(6,2),(6,3),(7,3),(7,4),(8,2),(8,4),(9,1),(9,4),(10,2),(10,3),(10,4),(11,3),(11,4),(12,1),(12,2),(12,4),(13,1),(13,2),(13,6),(14,1),(14,5),(14,6),(15,3),(15,5),(16,1),(16,4),(16,6),(17,2),(17,3),(17,6),(18,5),(18,6),(19,2),(20,1),(20,2),(20,3),(21,1),(21,2),(21,4),(22,2),(22,4),(22,5),(23,2),(23,3),(24,3),(24,4),(24,6);
/*!40000 ALTER TABLE `ec_product_tag_product` ENABLE KEYS */;
UNLOCK TABLES;

--
-- Table structure for table `ec_product_tags`
--

DROP TABLE IF EXISTS `ec_product_tags`;
/*!40101 SET @saved_cs_client     = @@character_set_client */;
/*!40101 SET character_set_client = utf8 */;
CREATE TABLE `ec_product_tags` (
  `id` bigint(20) unsigned NOT NULL AUTO_INCREMENT,
  `name` varchar(120) COLLATE utf8mb4_unicode_ci NOT NULL,
  `description` varchar(400) COLLATE utf8mb4_unicode_ci DEFAULT NULL,
  `status` varchar(60) COLLATE utf8mb4_unicode_ci NOT NULL DEFAULT 'published',
  `created_at` timestamp NULL DEFAULT NULL,
  `updated_at` timestamp NULL DEFAULT NULL,
  PRIMARY KEY (`id`)
) ENGINE=InnoDB AUTO_INCREMENT=6 DEFAULT CHARSET=utf8mb4 COLLATE=utf8mb4_unicode_ci;
/*!40101 SET character_set_client = @saved_cs_client */;

--
-- Dumping data for table `ec_product_tags`
--

LOCK TABLES `ec_product_tags` WRITE;
/*!40000 ALTER TABLE `ec_product_tags` DISABLE KEYS */;
INSERT INTO `ec_product_tags` VALUES (1,'Wallet',NULL,'published','2022-01-04 21:10:47','2022-01-04 21:10:47'),(2,'Bags',NULL,'published','2022-01-04 21:10:47','2022-01-04 21:10:47'),(3,'Shoes',NULL,'published','2022-01-04 21:10:47','2022-01-04 21:10:47'),(4,'Clothes',NULL,'published','2022-01-04 21:10:47','2022-01-04 21:10:47'),(5,'Hand bag',NULL,'published','2022-01-04 21:10:47','2022-01-04 21:10:47');
/*!40000 ALTER TABLE `ec_product_tags` ENABLE KEYS */;
UNLOCK TABLES;

--
-- Table structure for table `ec_product_tags_translations`
--

DROP TABLE IF EXISTS `ec_product_tags_translations`;
/*!40101 SET @saved_cs_client     = @@character_set_client */;
/*!40101 SET character_set_client = utf8 */;
CREATE TABLE `ec_product_tags_translations` (
  `lang_code` varchar(191) COLLATE utf8mb4_unicode_ci NOT NULL,
  `ec_product_tags_id` int(11) NOT NULL,
  `name` varchar(191) COLLATE utf8mb4_unicode_ci DEFAULT NULL,
  PRIMARY KEY (`lang_code`,`ec_product_tags_id`)
) ENGINE=InnoDB DEFAULT CHARSET=utf8mb4 COLLATE=utf8mb4_unicode_ci;
/*!40101 SET character_set_client = @saved_cs_client */;

--
-- Dumping data for table `ec_product_tags_translations`
--

LOCK TABLES `ec_product_tags_translations` WRITE;
/*!40000 ALTER TABLE `ec_product_tags_translations` DISABLE KEYS */;
/*!40000 ALTER TABLE `ec_product_tags_translations` ENABLE KEYS */;
UNLOCK TABLES;

--
-- Table structure for table `ec_product_up_sale_relations`
--

DROP TABLE IF EXISTS `ec_product_up_sale_relations`;
/*!40101 SET @saved_cs_client     = @@character_set_client */;
/*!40101 SET character_set_client = utf8 */;
CREATE TABLE `ec_product_up_sale_relations` (
  `id` bigint(20) unsigned NOT NULL AUTO_INCREMENT,
  `from_product_id` int(10) unsigned NOT NULL,
  `to_product_id` int(10) unsigned NOT NULL,
  PRIMARY KEY (`id`),
  KEY `ec_product_up_sale_relations_from_product_id_index` (`from_product_id`),
  KEY `ec_product_up_sale_relations_to_product_id_index` (`to_product_id`)
) ENGINE=InnoDB DEFAULT CHARSET=utf8mb4 COLLATE=utf8mb4_unicode_ci;
/*!40101 SET character_set_client = @saved_cs_client */;

--
-- Dumping data for table `ec_product_up_sale_relations`
--

LOCK TABLES `ec_product_up_sale_relations` WRITE;
/*!40000 ALTER TABLE `ec_product_up_sale_relations` DISABLE KEYS */;
/*!40000 ALTER TABLE `ec_product_up_sale_relations` ENABLE KEYS */;
UNLOCK TABLES;

--
-- Table structure for table `ec_product_variation_items`
--

DROP TABLE IF EXISTS `ec_product_variation_items`;
/*!40101 SET @saved_cs_client     = @@character_set_client */;
/*!40101 SET character_set_client = utf8 */;
CREATE TABLE `ec_product_variation_items` (
  `id` bigint(20) unsigned NOT NULL AUTO_INCREMENT,
  `attribute_id` int(10) unsigned NOT NULL,
  `variation_id` int(10) unsigned NOT NULL,
  PRIMARY KEY (`id`)
) ENGINE=InnoDB AUTO_INCREMENT=131 DEFAULT CHARSET=utf8mb4 COLLATE=utf8mb4_unicode_ci;
/*!40101 SET character_set_client = @saved_cs_client */;

--
-- Dumping data for table `ec_product_variation_items`
--

LOCK TABLES `ec_product_variation_items` WRITE;
/*!40000 ALTER TABLE `ec_product_variation_items` DISABLE KEYS */;
INSERT INTO `ec_product_variation_items` VALUES (1,5,1),(2,7,1),(3,3,2),(4,9,2),(5,5,3),(6,8,3),(7,5,4),(8,8,4),(9,5,5),(10,6,5),(11,5,6),(12,7,6),(13,2,7),(14,6,7),(15,3,8),(16,8,8),(17,2,9),(18,8,9),(19,2,10),(20,10,10),(21,3,11),(22,10,11),(23,4,12),(24,7,12),(25,4,13),(26,9,13),(27,2,14),(28,6,14),(29,1,15),(30,7,15),(31,5,16),(32,7,16),(33,3,17),(34,9,17),(35,2,18),(36,10,18),(37,5,19),(38,9,19),(39,1,20),(40,6,20),(41,1,21),(42,7,21),(43,3,22),(44,8,22),(45,3,23),(46,8,23),(47,5,24),(48,6,24),(49,2,25),(50,10,25),(51,5,26),(52,9,26),(53,5,27),(54,10,27),(55,5,28),(56,7,28),(57,1,29),(58,9,29),(59,2,30),(60,6,30),(61,5,31),(62,7,31),(63,4,32),(64,10,32),(65,2,33),(66,9,33),(67,4,34),(68,10,34),(69,1,35),(70,7,35),(71,1,36),(72,6,36),(73,3,37),(74,9,37),(75,3,38),(76,7,38),(77,4,39),(78,6,39),(79,4,40),(80,7,40),(81,5,41),(82,10,41),(83,3,42),(84,7,42),(85,2,43),(86,8,43),(87,2,44),(88,8,44),(89,5,45),(90,8,45),(91,1,46),(92,9,46),(93,2,47),(94,6,47),(95,1,48),(96,8,48),(97,3,49),(98,6,49),(99,5,50),(100,7,50),(101,4,51),(102,9,51),(103,4,52),(104,10,52),(105,1,53),(106,10,53),(107,1,54),(108,7,54),(109,3,55),(110,9,55),(111,1,56),(112,6,56),(113,1,57),(114,10,57),(115,4,58),(116,7,58),(117,4,59),(118,6,59),(119,4,60),(120,7,60),(121,1,61),(122,10,61),(123,1,62),(124,8,62),(125,1,63),(126,8,63),(127,4,64),(128,7,64),(129,2,65),(130,6,65);
/*!40000 ALTER TABLE `ec_product_variation_items` ENABLE KEYS */;
UNLOCK TABLES;

--
-- Table structure for table `ec_product_variations`
--

DROP TABLE IF EXISTS `ec_product_variations`;
/*!40101 SET @saved_cs_client     = @@character_set_client */;
/*!40101 SET character_set_client = utf8 */;
CREATE TABLE `ec_product_variations` (
  `id` bigint(20) unsigned NOT NULL AUTO_INCREMENT,
  `product_id` int(10) unsigned DEFAULT NULL,
  `configurable_product_id` int(10) unsigned NOT NULL,
  `is_default` tinyint(4) NOT NULL DEFAULT 0,
  PRIMARY KEY (`id`)
) ENGINE=InnoDB AUTO_INCREMENT=66 DEFAULT CHARSET=utf8mb4 COLLATE=utf8mb4_unicode_ci;
/*!40101 SET character_set_client = @saved_cs_client */;

--
-- Dumping data for table `ec_product_variations`
--

LOCK TABLES `ec_product_variations` WRITE;
/*!40000 ALTER TABLE `ec_product_variations` DISABLE KEYS */;
INSERT INTO `ec_product_variations` VALUES (1,25,1,1),(2,26,1,0),(3,27,1,0),(4,28,1,0),(5,29,2,1),(6,30,2,0),(7,31,2,0),(8,32,3,1),(9,33,4,1),(10,34,4,0),(11,35,4,0),(12,36,4,0),(13,37,5,1),(14,38,5,0),(15,39,5,0),(16,40,6,1),(17,41,6,0),(18,42,7,1),(19,43,7,0),(20,44,7,0),(21,45,8,1),(22,46,8,0),(23,47,9,1),(24,48,10,1),(25,49,10,0),(26,50,10,0),(27,51,10,0),(28,52,11,1),(29,53,11,0),(30,54,11,0),(31,55,11,0),(32,56,12,1),(33,57,12,0),(34,58,12,0),(35,59,13,1),(36,60,13,0),(37,61,13,0),(38,62,13,0),(39,63,14,1),(40,64,14,0),(41,65,15,1),(42,66,15,0),(43,67,16,1),(44,68,16,0),(45,69,16,0),(46,70,17,1),(47,71,17,0),(48,72,17,0),(49,73,18,1),(50,74,18,0),(51,75,19,1),(52,76,19,0),(53,77,19,0),(54,78,20,1),(55,79,20,0),(56,80,21,1),(57,81,21,0),(58,82,22,1),(59,83,22,0),(60,84,22,0),(61,85,22,0),(62,86,23,1),(63,87,23,0),(64,88,24,1),(65,89,24,0);
/*!40000 ALTER TABLE `ec_product_variations` ENABLE KEYS */;
UNLOCK TABLES;

--
-- Table structure for table `ec_product_with_attribute`
--

DROP TABLE IF EXISTS `ec_product_with_attribute`;
/*!40101 SET @saved_cs_client     = @@character_set_client */;
/*!40101 SET character_set_client = utf8 */;
CREATE TABLE `ec_product_with_attribute` (
  `id` bigint(20) unsigned NOT NULL AUTO_INCREMENT,
  `attribute_id` int(10) unsigned NOT NULL,
  `product_id` int(10) unsigned NOT NULL,
  PRIMARY KEY (`id`)
) ENGINE=InnoDB AUTO_INCREMENT=49 DEFAULT CHARSET=utf8mb4 COLLATE=utf8mb4_unicode_ci;
/*!40101 SET character_set_client = @saved_cs_client */;

--
-- Dumping data for table `ec_product_with_attribute`
--

LOCK TABLES `ec_product_with_attribute` WRITE;
/*!40000 ALTER TABLE `ec_product_with_attribute` DISABLE KEYS */;
INSERT INTO `ec_product_with_attribute` VALUES (1,2,1),(2,10,1),(3,2,2),(4,7,2),(5,4,3),(6,6,3),(7,1,4),(8,9,4),(9,3,5),(10,6,5),(11,5,6),(12,7,6),(13,3,7),(14,8,7),(15,5,8),(16,9,8),(17,5,9),(18,9,9),(19,2,10),(20,6,10),(21,1,11),(22,8,11),(23,1,12),(24,7,12),(25,5,13),(26,9,13),(27,1,14),(28,10,14),(29,4,15),(30,7,15),(31,5,16),(32,6,16),(33,5,17),(34,7,17),(35,4,18),(36,8,18),(37,3,19),(38,8,19),(39,3,20),(40,8,20),(41,4,21),(42,10,21),(43,1,22),(44,9,22),(45,5,23),(46,10,23),(47,3,24),(48,7,24);
/*!40000 ALTER TABLE `ec_product_with_attribute` ENABLE KEYS */;
UNLOCK TABLES;

--
-- Table structure for table `ec_product_with_attribute_set`
--

DROP TABLE IF EXISTS `ec_product_with_attribute_set`;
/*!40101 SET @saved_cs_client     = @@character_set_client */;
/*!40101 SET character_set_client = utf8 */;
CREATE TABLE `ec_product_with_attribute_set` (
  `id` bigint(20) unsigned NOT NULL AUTO_INCREMENT,
  `attribute_set_id` int(10) unsigned NOT NULL,
  `product_id` int(10) unsigned NOT NULL,
  `order` tinyint(3) unsigned NOT NULL DEFAULT 0,
  PRIMARY KEY (`id`)
) ENGINE=InnoDB AUTO_INCREMENT=49 DEFAULT CHARSET=utf8mb4 COLLATE=utf8mb4_unicode_ci;
/*!40101 SET character_set_client = @saved_cs_client */;

--
-- Dumping data for table `ec_product_with_attribute_set`
--

LOCK TABLES `ec_product_with_attribute_set` WRITE;
/*!40000 ALTER TABLE `ec_product_with_attribute_set` DISABLE KEYS */;
INSERT INTO `ec_product_with_attribute_set` VALUES (1,1,1,0),(2,2,1,0),(3,1,2,0),(4,2,2,0),(5,1,3,0),(6,2,3,0),(7,1,4,0),(8,2,4,0),(9,1,5,0),(10,2,5,0),(11,1,6,0),(12,2,6,0),(13,1,7,0),(14,2,7,0),(15,1,8,0),(16,2,8,0),(17,1,9,0),(18,2,9,0),(19,1,10,0),(20,2,10,0),(21,1,11,0),(22,2,11,0),(23,1,12,0),(24,2,12,0),(25,1,13,0),(26,2,13,0),(27,1,14,0),(28,2,14,0),(29,1,15,0),(30,2,15,0),(31,1,16,0),(32,2,16,0),(33,1,17,0),(34,2,17,0),(35,1,18,0),(36,2,18,0),(37,1,19,0),(38,2,19,0),(39,1,20,0),(40,2,20,0),(41,1,21,0),(42,2,21,0),(43,1,22,0),(44,2,22,0),(45,1,23,0),(46,2,23,0),(47,1,24,0),(48,2,24,0);
/*!40000 ALTER TABLE `ec_product_with_attribute_set` ENABLE KEYS */;
UNLOCK TABLES;

--
-- Table structure for table `ec_products`
--

DROP TABLE IF EXISTS `ec_products`;
/*!40101 SET @saved_cs_client     = @@character_set_client */;
/*!40101 SET character_set_client = utf8 */;
CREATE TABLE `ec_products` (
  `id` bigint(20) unsigned NOT NULL AUTO_INCREMENT,
  `name` varchar(191) COLLATE utf8mb4_unicode_ci NOT NULL,
  `description` text COLLATE utf8mb4_unicode_ci DEFAULT NULL,
  `content` longtext COLLATE utf8mb4_unicode_ci DEFAULT NULL,
  `status` varchar(60) COLLATE utf8mb4_unicode_ci NOT NULL DEFAULT 'published',
  `images` text COLLATE utf8mb4_unicode_ci DEFAULT NULL,
  `sku` varchar(191) COLLATE utf8mb4_unicode_ci DEFAULT NULL,
  `order` int(10) unsigned NOT NULL DEFAULT 0,
  `quantity` int(10) unsigned DEFAULT NULL,
  `allow_checkout_when_out_of_stock` tinyint(3) unsigned NOT NULL DEFAULT 0,
  `with_storehouse_management` tinyint(3) unsigned NOT NULL DEFAULT 0,
  `is_featured` tinyint(3) unsigned NOT NULL DEFAULT 0,
  `brand_id` int(10) unsigned DEFAULT NULL,
  `is_variation` tinyint(4) NOT NULL DEFAULT 0,
  `sale_type` tinyint(4) NOT NULL DEFAULT 0,
  `price` double unsigned DEFAULT NULL,
  `sale_price` double unsigned DEFAULT NULL,
  `start_date` timestamp NULL DEFAULT NULL,
  `end_date` timestamp NULL DEFAULT NULL,
  `length` double(8,2) DEFAULT NULL,
  `wide` double(8,2) DEFAULT NULL,
  `height` double(8,2) DEFAULT NULL,
  `weight` double(8,2) DEFAULT NULL,
  `created_at` timestamp NULL DEFAULT NULL,
  `updated_at` timestamp NULL DEFAULT NULL,
  `tax_id` int(10) unsigned DEFAULT NULL,
  `views` bigint(20) NOT NULL DEFAULT 0,
  `stock_status` varchar(191) COLLATE utf8mb4_unicode_ci DEFAULT 'in_stock',
  `created_by_id` int(11) DEFAULT 0,
  `created_by_type` varchar(255) COLLATE utf8mb4_unicode_ci NOT NULL DEFAULT 'Botble\\ACL\\Models\\User',
  `image` varchar(255) COLLATE utf8mb4_unicode_ci DEFAULT NULL,
  PRIMARY KEY (`id`)
) ENGINE=InnoDB AUTO_INCREMENT=90 DEFAULT CHARSET=utf8mb4 COLLATE=utf8mb4_unicode_ci;
/*!40101 SET character_set_client = @saved_cs_client */;

--
-- Dumping data for table `ec_products`
--

LOCK TABLES `ec_products` WRITE;
/*!40000 ALTER TABLE `ec_products` DISABLE KEYS */;
INSERT INTO `ec_products` VALUES (1,'Smart Home Speaker','<p>Short Hooded Coat features a straight body, large pockets with button flaps, ventilation air holes, and a string detail along the hemline.</p><ul>\n                                        <li class=\"mb-10\"><i class=\"far fa-hourglass mr-5 text-brand\"></i> 1 Year AL Jazeera Brand Warranty</li>\n                                        <li class=\"mb-10\"><i class=\"far fa-paper-plane mr-5 text-brand\"></i> 30 Day Return Policy</li>\n                                        <li><i class=\"far fa-address-card mr-5 text-brand\"></i> Cash on Delivery available</li>\n                                    </ul>','<p>Short Hooded Coat features a straight body, large pockets with button flaps, ventilation air holes, and a string detail along the hemline. The style is completed with a drawstring hood, featuring Rains&rsquo; signature built-in cap. Made from waterproof, matte PU, this lightweight unisex rain jacket is an ode to nostalgia through its classic silhouette and utilitarian design details.</p>\n                                <p>- Casual unisex fit</p>\n\n                                <p>- 64% polyester, 36% polyurethane</p>\n\n                                <p>- Water column pressure: 4000 mm</p>\n\n                                <p>- Model is 187cm tall and wearing a size S / M</p>\n\n                                <p>- Unisex fit</p>\n\n                                <p>- Drawstring hood with built-in cap</p>\n\n                                <p>- Front placket with snap buttons</p>\n\n                                <p>- Ventilation under armpit</p>\n\n                                <p>- Adjustable cuffs</p>\n\n                                <p>- Double welted front pockets</p>\n\n                                <p>- Adjustable elastic string at hempen</p>\n\n                                <p>- Ultrasonically welded seams</p>\n\n                                <p>This is a unisex item, please check our clothing &amp; footwear sizing guide for specific Rains jacket sizing information. RAINS comes from the rainy nation of Denmark at the edge of the European continent, close to the ocean and with prevailing westerly winds; all factors that contribute to an average of 121 rain days each year. Arising from these rainy weather conditions comes the attitude that a quick rain shower may be beautiful, as well as moody- but first and foremost requires the right outfit. Rains focus on the whole experience of going outside on rainy days, issuing an invitation to explore even in the most mercurial weather.</p>','published','[\"products\\/1.jpg\",\"products\\/1-1.jpg\",\"products\\/1-2.jpg\",\"products\\/1-3.jpg\"]','HS-195-A0',0,14,0,1,1,6,0,0,493,NULL,NULL,NULL,16.00,12.00,15.00,629.00,'2022-01-04 21:11:18','2022-01-04 21:11:19',1,99499,'in_stock',0,'Botble\\ACL\\Models\\User',NULL),(2,'Headphone Ultra Bass','<p>Short Hooded Coat features a straight body, large pockets with button flaps, ventilation air holes, and a string detail along the hemline.</p><ul>\n                                        <li class=\"mb-10\"><i class=\"far fa-hourglass mr-5 text-brand\"></i> 1 Year AL Jazeera Brand Warranty</li>\n                                        <li class=\"mb-10\"><i class=\"far fa-paper-plane mr-5 text-brand\"></i> 30 Day Return Policy</li>\n                                        <li><i class=\"far fa-address-card mr-5 text-brand\"></i> Cash on Delivery available</li>\n                                    </ul>','<p>Short Hooded Coat features a straight body, large pockets with button flaps, ventilation air holes, and a string detail along the hemline. The style is completed with a drawstring hood, featuring Rains&rsquo; signature built-in cap. Made from waterproof, matte PU, this lightweight unisex rain jacket is an ode to nostalgia through its classic silhouette and utilitarian design details.</p>\n                                <p>- Casual unisex fit</p>\n\n                                <p>- 64% polyester, 36% polyurethane</p>\n\n                                <p>- Water column pressure: 4000 mm</p>\n\n                                <p>- Model is 187cm tall and wearing a size S / M</p>\n\n                                <p>- Unisex fit</p>\n\n                                <p>- Drawstring hood with built-in cap</p>\n\n                                <p>- Front placket with snap buttons</p>\n\n                                <p>- Ventilation under armpit</p>\n\n                                <p>- Adjustable cuffs</p>\n\n                                <p>- Double welted front pockets</p>\n\n                                <p>- Adjustable elastic string at hempen</p>\n\n                                <p>- Ultrasonically welded seams</p>\n\n                                <p>This is a unisex item, please check our clothing &amp; footwear sizing guide for specific Rains jacket sizing information. RAINS comes from the rainy nation of Denmark at the edge of the European continent, close to the ocean and with prevailing westerly winds; all factors that contribute to an average of 121 rain days each year. Arising from these rainy weather conditions comes the attitude that a quick rain shower may be beautiful, as well as moody- but first and foremost requires the right outfit. Rains focus on the whole experience of going outside on rainy days, issuing an invitation to explore even in the most mercurial weather.</p>','published','[\"products\\/2.jpg\",\"products\\/2-1.jpg\",\"products\\/2-2.jpg\",\"products\\/2-3.jpg\"]','HS-157-A0',0,12,0,1,1,2,0,0,337,NULL,NULL,NULL,20.00,10.00,15.00,710.00,'2022-01-04 21:11:18','2022-01-04 21:11:19',1,116243,'in_stock',0,'Botble\\ACL\\Models\\User',NULL),(3,'Boxed - Bluetooth Headphone','<p>Short Hooded Coat features a straight body, large pockets with button flaps, ventilation air holes, and a string detail along the hemline.</p><ul>\n                                        <li class=\"mb-10\"><i class=\"far fa-hourglass mr-5 text-brand\"></i> 1 Year AL Jazeera Brand Warranty</li>\n                                        <li class=\"mb-10\"><i class=\"far fa-paper-plane mr-5 text-brand\"></i> 30 Day Return Policy</li>\n                                        <li><i class=\"far fa-address-card mr-5 text-brand\"></i> Cash on Delivery available</li>\n                                    </ul>','<p>Short Hooded Coat features a straight body, large pockets with button flaps, ventilation air holes, and a string detail along the hemline. The style is completed with a drawstring hood, featuring Rains&rsquo; signature built-in cap. Made from waterproof, matte PU, this lightweight unisex rain jacket is an ode to nostalgia through its classic silhouette and utilitarian design details.</p>\n                                <p>- Casual unisex fit</p>\n\n                                <p>- 64% polyester, 36% polyurethane</p>\n\n                                <p>- Water column pressure: 4000 mm</p>\n\n                                <p>- Model is 187cm tall and wearing a size S / M</p>\n\n                                <p>- Unisex fit</p>\n\n                                <p>- Drawstring hood with built-in cap</p>\n\n                                <p>- Front placket with snap buttons</p>\n\n                                <p>- Ventilation under armpit</p>\n\n                                <p>- Adjustable cuffs</p>\n\n                                <p>- Double welted front pockets</p>\n\n                                <p>- Adjustable elastic string at hempen</p>\n\n                                <p>- Ultrasonically welded seams</p>\n\n                                <p>This is a unisex item, please check our clothing &amp; footwear sizing guide for specific Rains jacket sizing information. RAINS comes from the rainy nation of Denmark at the edge of the European continent, close to the ocean and with prevailing westerly winds; all factors that contribute to an average of 121 rain days each year. Arising from these rainy weather conditions comes the attitude that a quick rain shower may be beautiful, as well as moody- but first and foremost requires the right outfit. Rains focus on the whole experience of going outside on rainy days, issuing an invitation to explore even in the most mercurial weather.</p>','published','[\"products\\/3.jpg\",\"products\\/3-1.jpg\",\"products\\/3-2.jpg\",\"products\\/3-3.jpg\"]','HS-169-A0',0,20,0,1,1,4,0,0,375,NULL,NULL,NULL,14.00,18.00,13.00,888.00,'2022-01-04 21:11:18','2022-01-04 21:11:19',1,92620,'in_stock',0,'Botble\\ACL\\Models\\User',NULL),(4,'Chikie - Bluetooth Speaker','<p>Short Hooded Coat features a straight body, large pockets with button flaps, ventilation air holes, and a string detail along the hemline.</p><ul>\n                                        <li class=\"mb-10\"><i class=\"far fa-hourglass mr-5 text-brand\"></i> 1 Year AL Jazeera Brand Warranty</li>\n                                        <li class=\"mb-10\"><i class=\"far fa-paper-plane mr-5 text-brand\"></i> 30 Day Return Policy</li>\n                                        <li><i class=\"far fa-address-card mr-5 text-brand\"></i> Cash on Delivery available</li>\n                                    </ul>','<p>Short Hooded Coat features a straight body, large pockets with button flaps, ventilation air holes, and a string detail along the hemline. The style is completed with a drawstring hood, featuring Rains&rsquo; signature built-in cap. Made from waterproof, matte PU, this lightweight unisex rain jacket is an ode to nostalgia through its classic silhouette and utilitarian design details.</p>\n                                <p>- Casual unisex fit</p>\n\n                                <p>- 64% polyester, 36% polyurethane</p>\n\n                                <p>- Water column pressure: 4000 mm</p>\n\n                                <p>- Model is 187cm tall and wearing a size S / M</p>\n\n                                <p>- Unisex fit</p>\n\n                                <p>- Drawstring hood with built-in cap</p>\n\n                                <p>- Front placket with snap buttons</p>\n\n                                <p>- Ventilation under armpit</p>\n\n                                <p>- Adjustable cuffs</p>\n\n                                <p>- Double welted front pockets</p>\n\n                                <p>- Adjustable elastic string at hempen</p>\n\n                                <p>- Ultrasonically welded seams</p>\n\n                                <p>This is a unisex item, please check our clothing &amp; footwear sizing guide for specific Rains jacket sizing information. RAINS comes from the rainy nation of Denmark at the edge of the European continent, close to the ocean and with prevailing westerly winds; all factors that contribute to an average of 121 rain days each year. Arising from these rainy weather conditions comes the attitude that a quick rain shower may be beautiful, as well as moody- but first and foremost requires the right outfit. Rains focus on the whole experience of going outside on rainy days, issuing an invitation to explore even in the most mercurial weather.</p>','published','[\"products\\/4.jpg\",\"products\\/4-1.jpg\",\"products\\/4-2.jpg\",\"products\\/4-3.jpg\"]','HS-129-A0',0,15,0,1,1,7,0,0,79,64.78,NULL,NULL,16.00,13.00,14.00,707.00,'2022-01-04 21:11:18','2022-01-04 21:11:19',1,25364,'in_stock',0,'Botble\\ACL\\Models\\User',NULL),(5,'Camera Hikvision HK-35VS8','<p>Short Hooded Coat features a straight body, large pockets with button flaps, ventilation air holes, and a string detail along the hemline.</p><ul>\n                                        <li class=\"mb-10\"><i class=\"far fa-hourglass mr-5 text-brand\"></i> 1 Year AL Jazeera Brand Warranty</li>\n                                        <li class=\"mb-10\"><i class=\"far fa-paper-plane mr-5 text-brand\"></i> 30 Day Return Policy</li>\n                                        <li><i class=\"far fa-address-card mr-5 text-brand\"></i> Cash on Delivery available</li>\n                                    </ul>','<p>Short Hooded Coat features a straight body, large pockets with button flaps, ventilation air holes, and a string detail along the hemline. The style is completed with a drawstring hood, featuring Rains&rsquo; signature built-in cap. Made from waterproof, matte PU, this lightweight unisex rain jacket is an ode to nostalgia through its classic silhouette and utilitarian design details.</p>\n                                <p>- Casual unisex fit</p>\n\n                                <p>- 64% polyester, 36% polyurethane</p>\n\n                                <p>- Water column pressure: 4000 mm</p>\n\n                                <p>- Model is 187cm tall and wearing a size S / M</p>\n\n                                <p>- Unisex fit</p>\n\n                                <p>- Drawstring hood with built-in cap</p>\n\n                                <p>- Front placket with snap buttons</p>\n\n                                <p>- Ventilation under armpit</p>\n\n                                <p>- Adjustable cuffs</p>\n\n                                <p>- Double welted front pockets</p>\n\n                                <p>- Adjustable elastic string at hempen</p>\n\n                                <p>- Ultrasonically welded seams</p>\n\n                                <p>This is a unisex item, please check our clothing &amp; footwear sizing guide for specific Rains jacket sizing information. RAINS comes from the rainy nation of Denmark at the edge of the European continent, close to the ocean and with prevailing westerly winds; all factors that contribute to an average of 121 rain days each year. Arising from these rainy weather conditions comes the attitude that a quick rain shower may be beautiful, as well as moody- but first and foremost requires the right outfit. Rains focus on the whole experience of going outside on rainy days, issuing an invitation to explore even in the most mercurial weather.</p>','published','[\"products\\/5.jpg\",\"products\\/5-1.jpg\",\"products\\/5-2.jpg\",\"products\\/5-3.jpg\"]','HS-118-A0',0,14,0,1,1,1,0,0,42,NULL,NULL,NULL,17.00,17.00,10.00,657.00,'2022-01-04 21:11:18','2022-01-04 21:11:19',1,81024,'in_stock',0,'Botble\\ACL\\Models\\User',NULL),(6,'Camera Samsung SS-24','<p>Short Hooded Coat features a straight body, large pockets with button flaps, ventilation air holes, and a string detail along the hemline.</p><ul>\n                                        <li class=\"mb-10\"><i class=\"far fa-hourglass mr-5 text-brand\"></i> 1 Year AL Jazeera Brand Warranty</li>\n                                        <li class=\"mb-10\"><i class=\"far fa-paper-plane mr-5 text-brand\"></i> 30 Day Return Policy</li>\n                                        <li><i class=\"far fa-address-card mr-5 text-brand\"></i> Cash on Delivery available</li>\n                                    </ul>','<p>Short Hooded Coat features a straight body, large pockets with button flaps, ventilation air holes, and a string detail along the hemline. The style is completed with a drawstring hood, featuring Rains&rsquo; signature built-in cap. Made from waterproof, matte PU, this lightweight unisex rain jacket is an ode to nostalgia through its classic silhouette and utilitarian design details.</p>\n                                <p>- Casual unisex fit</p>\n\n                                <p>- 64% polyester, 36% polyurethane</p>\n\n                                <p>- Water column pressure: 4000 mm</p>\n\n                                <p>- Model is 187cm tall and wearing a size S / M</p>\n\n                                <p>- Unisex fit</p>\n\n                                <p>- Drawstring hood with built-in cap</p>\n\n                                <p>- Front placket with snap buttons</p>\n\n                                <p>- Ventilation under armpit</p>\n\n                                <p>- Adjustable cuffs</p>\n\n                                <p>- Double welted front pockets</p>\n\n                                <p>- Adjustable elastic string at hempen</p>\n\n                                <p>- Ultrasonically welded seams</p>\n\n                                <p>This is a unisex item, please check our clothing &amp; footwear sizing guide for specific Rains jacket sizing information. RAINS comes from the rainy nation of Denmark at the edge of the European continent, close to the ocean and with prevailing westerly winds; all factors that contribute to an average of 121 rain days each year. Arising from these rainy weather conditions comes the attitude that a quick rain shower may be beautiful, as well as moody- but first and foremost requires the right outfit. Rains focus on the whole experience of going outside on rainy days, issuing an invitation to explore even in the most mercurial weather.</p>','published','[\"products\\/6.jpg\",\"products\\/6-1.jpg\"]','HS-126-A0',0,14,0,1,1,3,0,0,59,NULL,NULL,NULL,10.00,17.00,16.00,702.00,'2022-01-04 21:11:18','2022-01-04 21:11:19',1,132176,'in_stock',0,'Botble\\ACL\\Models\\User',NULL),(7,'Leather Watch Band','<p>Short Hooded Coat features a straight body, large pockets with button flaps, ventilation air holes, and a string detail along the hemline.</p><ul>\n                                        <li class=\"mb-10\"><i class=\"far fa-hourglass mr-5 text-brand\"></i> 1 Year AL Jazeera Brand Warranty</li>\n                                        <li class=\"mb-10\"><i class=\"far fa-paper-plane mr-5 text-brand\"></i> 30 Day Return Policy</li>\n                                        <li><i class=\"far fa-address-card mr-5 text-brand\"></i> Cash on Delivery available</li>\n                                    </ul>','<p>Short Hooded Coat features a straight body, large pockets with button flaps, ventilation air holes, and a string detail along the hemline. The style is completed with a drawstring hood, featuring Rains&rsquo; signature built-in cap. Made from waterproof, matte PU, this lightweight unisex rain jacket is an ode to nostalgia through its classic silhouette and utilitarian design details.</p>\n                                <p>- Casual unisex fit</p>\n\n                                <p>- 64% polyester, 36% polyurethane</p>\n\n                                <p>- Water column pressure: 4000 mm</p>\n\n                                <p>- Model is 187cm tall and wearing a size S / M</p>\n\n                                <p>- Unisex fit</p>\n\n                                <p>- Drawstring hood with built-in cap</p>\n\n                                <p>- Front placket with snap buttons</p>\n\n                                <p>- Ventilation under armpit</p>\n\n                                <p>- Adjustable cuffs</p>\n\n                                <p>- Double welted front pockets</p>\n\n                                <p>- Adjustable elastic string at hempen</p>\n\n                                <p>- Ultrasonically welded seams</p>\n\n                                <p>This is a unisex item, please check our clothing &amp; footwear sizing guide for specific Rains jacket sizing information. RAINS comes from the rainy nation of Denmark at the edge of the European continent, close to the ocean and with prevailing westerly winds; all factors that contribute to an average of 121 rain days each year. Arising from these rainy weather conditions comes the attitude that a quick rain shower may be beautiful, as well as moody- but first and foremost requires the right outfit. Rains focus on the whole experience of going outside on rainy days, issuing an invitation to explore even in the most mercurial weather.</p>','published','[\"products\\/7.jpg\",\"products\\/7-1.jpg\"]','HS-178-A0',0,17,0,1,1,1,0,0,127,NULL,NULL,NULL,20.00,17.00,14.00,875.00,'2022-01-04 21:11:18','2022-01-04 21:11:19',1,89049,'in_stock',0,'Botble\\ACL\\Models\\User',NULL),(8,'Apple iPhone 13 Plus','<p>Short Hooded Coat features a straight body, large pockets with button flaps, ventilation air holes, and a string detail along the hemline.</p><ul>\n                                        <li class=\"mb-10\"><i class=\"far fa-hourglass mr-5 text-brand\"></i> 1 Year AL Jazeera Brand Warranty</li>\n                                        <li class=\"mb-10\"><i class=\"far fa-paper-plane mr-5 text-brand\"></i> 30 Day Return Policy</li>\n                                        <li><i class=\"far fa-address-card mr-5 text-brand\"></i> Cash on Delivery available</li>\n                                    </ul>','<p>Short Hooded Coat features a straight body, large pockets with button flaps, ventilation air holes, and a string detail along the hemline. The style is completed with a drawstring hood, featuring Rains&rsquo; signature built-in cap. Made from waterproof, matte PU, this lightweight unisex rain jacket is an ode to nostalgia through its classic silhouette and utilitarian design details.</p>\n                                <p>- Casual unisex fit</p>\n\n                                <p>- 64% polyester, 36% polyurethane</p>\n\n                                <p>- Water column pressure: 4000 mm</p>\n\n                                <p>- Model is 187cm tall and wearing a size S / M</p>\n\n                                <p>- Unisex fit</p>\n\n                                <p>- Drawstring hood with built-in cap</p>\n\n                                <p>- Front placket with snap buttons</p>\n\n                                <p>- Ventilation under armpit</p>\n\n                                <p>- Adjustable cuffs</p>\n\n                                <p>- Double welted front pockets</p>\n\n                                <p>- Adjustable elastic string at hempen</p>\n\n                                <p>- Ultrasonically welded seams</p>\n\n                                <p>This is a unisex item, please check our clothing &amp; footwear sizing guide for specific Rains jacket sizing information. RAINS comes from the rainy nation of Denmark at the edge of the European continent, close to the ocean and with prevailing westerly winds; all factors that contribute to an average of 121 rain days each year. Arising from these rainy weather conditions comes the attitude that a quick rain shower may be beautiful, as well as moody- but first and foremost requires the right outfit. Rains focus on the whole experience of going outside on rainy days, issuing an invitation to explore even in the most mercurial weather.</p>','published','[\"products\\/8.jpg\",\"products\\/8-1.jpg\"]','HS-182-A0',0,11,0,1,1,4,0,0,121,88.33,NULL,NULL,18.00,17.00,10.00,614.00,'2022-01-04 21:11:18','2022-01-04 21:11:19',1,196103,'in_stock',0,'Botble\\ACL\\Models\\User',NULL),(9,'Macbook Pro 2015','<p>Short Hooded Coat features a straight body, large pockets with button flaps, ventilation air holes, and a string detail along the hemline.</p><ul>\n                                        <li class=\"mb-10\"><i class=\"far fa-hourglass mr-5 text-brand\"></i> 1 Year AL Jazeera Brand Warranty</li>\n                                        <li class=\"mb-10\"><i class=\"far fa-paper-plane mr-5 text-brand\"></i> 30 Day Return Policy</li>\n                                        <li><i class=\"far fa-address-card mr-5 text-brand\"></i> Cash on Delivery available</li>\n                                    </ul>','<p>Short Hooded Coat features a straight body, large pockets with button flaps, ventilation air holes, and a string detail along the hemline. The style is completed with a drawstring hood, featuring Rains&rsquo; signature built-in cap. Made from waterproof, matte PU, this lightweight unisex rain jacket is an ode to nostalgia through its classic silhouette and utilitarian design details.</p>\n                                <p>- Casual unisex fit</p>\n\n                                <p>- 64% polyester, 36% polyurethane</p>\n\n                                <p>- Water column pressure: 4000 mm</p>\n\n                                <p>- Model is 187cm tall and wearing a size S / M</p>\n\n                                <p>- Unisex fit</p>\n\n                                <p>- Drawstring hood with built-in cap</p>\n\n                                <p>- Front placket with snap buttons</p>\n\n                                <p>- Ventilation under armpit</p>\n\n                                <p>- Adjustable cuffs</p>\n\n                                <p>- Double welted front pockets</p>\n\n                                <p>- Adjustable elastic string at hempen</p>\n\n                                <p>- Ultrasonically welded seams</p>\n\n                                <p>This is a unisex item, please check our clothing &amp; footwear sizing guide for specific Rains jacket sizing information. RAINS comes from the rainy nation of Denmark at the edge of the European continent, close to the ocean and with prevailing westerly winds; all factors that contribute to an average of 121 rain days each year. Arising from these rainy weather conditions comes the attitude that a quick rain shower may be beautiful, as well as moody- but first and foremost requires the right outfit. Rains focus on the whole experience of going outside on rainy days, issuing an invitation to explore even in the most mercurial weather.</p>','published','[\"products\\/9.jpg\",\"products\\/9-1.jpg\"]','HS-100-A0',0,18,0,1,1,6,0,0,121,NULL,NULL,NULL,19.00,18.00,16.00,792.00,'2022-01-04 21:11:18','2022-01-04 21:11:19',1,141558,'in_stock',0,'Botble\\ACL\\Models\\User',NULL),(10,'Macbook Air 12 inch','<p>Short Hooded Coat features a straight body, large pockets with button flaps, ventilation air holes, and a string detail along the hemline.</p><ul>\n                                        <li class=\"mb-10\"><i class=\"far fa-hourglass mr-5 text-brand\"></i> 1 Year AL Jazeera Brand Warranty</li>\n                                        <li class=\"mb-10\"><i class=\"far fa-paper-plane mr-5 text-brand\"></i> 30 Day Return Policy</li>\n                                        <li><i class=\"far fa-address-card mr-5 text-brand\"></i> Cash on Delivery available</li>\n                                    </ul>','<p>Short Hooded Coat features a straight body, large pockets with button flaps, ventilation air holes, and a string detail along the hemline. The style is completed with a drawstring hood, featuring Rains&rsquo; signature built-in cap. Made from waterproof, matte PU, this lightweight unisex rain jacket is an ode to nostalgia through its classic silhouette and utilitarian design details.</p>\n                                <p>- Casual unisex fit</p>\n\n                                <p>- 64% polyester, 36% polyurethane</p>\n\n                                <p>- Water column pressure: 4000 mm</p>\n\n                                <p>- Model is 187cm tall and wearing a size S / M</p>\n\n                                <p>- Unisex fit</p>\n\n                                <p>- Drawstring hood with built-in cap</p>\n\n                                <p>- Front placket with snap buttons</p>\n\n                                <p>- Ventilation under armpit</p>\n\n                                <p>- Adjustable cuffs</p>\n\n                                <p>- Double welted front pockets</p>\n\n                                <p>- Adjustable elastic string at hempen</p>\n\n                                <p>- Ultrasonically welded seams</p>\n\n                                <p>This is a unisex item, please check our clothing &amp; footwear sizing guide for specific Rains jacket sizing information. RAINS comes from the rainy nation of Denmark at the edge of the European continent, close to the ocean and with prevailing westerly winds; all factors that contribute to an average of 121 rain days each year. Arising from these rainy weather conditions comes the attitude that a quick rain shower may be beautiful, as well as moody- but first and foremost requires the right outfit. Rains focus on the whole experience of going outside on rainy days, issuing an invitation to explore even in the most mercurial weather.</p>','published','[\"products\\/10.jpg\",\"products\\/10-1.jpg\"]','HS-188-A0',0,15,0,1,1,2,0,0,237,NULL,NULL,NULL,11.00,11.00,15.00,798.00,'2022-01-04 21:11:18','2022-01-04 21:11:19',1,157704,'in_stock',0,'Botble\\ACL\\Models\\User',NULL),(11,'Apple Watch Serial 7','<p>Short Hooded Coat features a straight body, large pockets with button flaps, ventilation air holes, and a string detail along the hemline.</p><ul>\n                                        <li class=\"mb-10\"><i class=\"far fa-hourglass mr-5 text-brand\"></i> 1 Year AL Jazeera Brand Warranty</li>\n                                        <li class=\"mb-10\"><i class=\"far fa-paper-plane mr-5 text-brand\"></i> 30 Day Return Policy</li>\n                                        <li><i class=\"far fa-address-card mr-5 text-brand\"></i> Cash on Delivery available</li>\n                                    </ul>','<p>Short Hooded Coat features a straight body, large pockets with button flaps, ventilation air holes, and a string detail along the hemline. The style is completed with a drawstring hood, featuring Rains&rsquo; signature built-in cap. Made from waterproof, matte PU, this lightweight unisex rain jacket is an ode to nostalgia through its classic silhouette and utilitarian design details.</p>\n                                <p>- Casual unisex fit</p>\n\n                                <p>- 64% polyester, 36% polyurethane</p>\n\n                                <p>- Water column pressure: 4000 mm</p>\n\n                                <p>- Model is 187cm tall and wearing a size S / M</p>\n\n                                <p>- Unisex fit</p>\n\n                                <p>- Drawstring hood with built-in cap</p>\n\n                                <p>- Front placket with snap buttons</p>\n\n                                <p>- Ventilation under armpit</p>\n\n                                <p>- Adjustable cuffs</p>\n\n                                <p>- Double welted front pockets</p>\n\n                                <p>- Adjustable elastic string at hempen</p>\n\n                                <p>- Ultrasonically welded seams</p>\n\n                                <p>This is a unisex item, please check our clothing &amp; footwear sizing guide for specific Rains jacket sizing information. RAINS comes from the rainy nation of Denmark at the edge of the European continent, close to the ocean and with prevailing westerly winds; all factors that contribute to an average of 121 rain days each year. Arising from these rainy weather conditions comes the attitude that a quick rain shower may be beautiful, as well as moody- but first and foremost requires the right outfit. Rains focus on the whole experience of going outside on rainy days, issuing an invitation to explore even in the most mercurial weather.</p>','published','[\"products\\/11.jpg\",\"products\\/11-1.jpg\"]','HS-118-A0',0,10,0,1,1,5,0,0,126,NULL,NULL,NULL,16.00,11.00,16.00,626.00,'2022-01-04 21:11:18','2022-01-04 21:11:19',1,38511,'in_stock',0,'Botble\\ACL\\Models\\User',NULL),(12,'Macbook Pro 13 inch','<p>Short Hooded Coat features a straight body, large pockets with button flaps, ventilation air holes, and a string detail along the hemline.</p><ul>\n                                        <li class=\"mb-10\"><i class=\"far fa-hourglass mr-5 text-brand\"></i> 1 Year AL Jazeera Brand Warranty</li>\n                                        <li class=\"mb-10\"><i class=\"far fa-paper-plane mr-5 text-brand\"></i> 30 Day Return Policy</li>\n                                        <li><i class=\"far fa-address-card mr-5 text-brand\"></i> Cash on Delivery available</li>\n                                    </ul>','<p>Short Hooded Coat features a straight body, large pockets with button flaps, ventilation air holes, and a string detail along the hemline. The style is completed with a drawstring hood, featuring Rains&rsquo; signature built-in cap. Made from waterproof, matte PU, this lightweight unisex rain jacket is an ode to nostalgia through its classic silhouette and utilitarian design details.</p>\n                                <p>- Casual unisex fit</p>\n\n                                <p>- 64% polyester, 36% polyurethane</p>\n\n                                <p>- Water column pressure: 4000 mm</p>\n\n                                <p>- Model is 187cm tall and wearing a size S / M</p>\n\n                                <p>- Unisex fit</p>\n\n                                <p>- Drawstring hood with built-in cap</p>\n\n                                <p>- Front placket with snap buttons</p>\n\n                                <p>- Ventilation under armpit</p>\n\n                                <p>- Adjustable cuffs</p>\n\n                                <p>- Double welted front pockets</p>\n\n                                <p>- Adjustable elastic string at hempen</p>\n\n                                <p>- Ultrasonically welded seams</p>\n\n                                <p>This is a unisex item, please check our clothing &amp; footwear sizing guide for specific Rains jacket sizing information. RAINS comes from the rainy nation of Denmark at the edge of the European continent, close to the ocean and with prevailing westerly winds; all factors that contribute to an average of 121 rain days each year. Arising from these rainy weather conditions comes the attitude that a quick rain shower may be beautiful, as well as moody- but first and foremost requires the right outfit. Rains focus on the whole experience of going outside on rainy days, issuing an invitation to explore even in the most mercurial weather.</p>','published','[\"products\\/12.jpg\",\"products\\/12-1.jpg\"]','HS-143-A0',0,18,0,1,1,6,0,0,121,104.06,NULL,NULL,19.00,12.00,13.00,758.00,'2022-01-04 21:11:18','2022-01-04 21:11:19',1,141797,'in_stock',0,'Botble\\ACL\\Models\\User',NULL),(13,'Apple Keyboard','<p>Short Hooded Coat features a straight body, large pockets with button flaps, ventilation air holes, and a string detail along the hemline.</p><ul>\n                                        <li class=\"mb-10\"><i class=\"far fa-hourglass mr-5 text-brand\"></i> 1 Year AL Jazeera Brand Warranty</li>\n                                        <li class=\"mb-10\"><i class=\"far fa-paper-plane mr-5 text-brand\"></i> 30 Day Return Policy</li>\n                                        <li><i class=\"far fa-address-card mr-5 text-brand\"></i> Cash on Delivery available</li>\n                                    </ul>','<p>Short Hooded Coat features a straight body, large pockets with button flaps, ventilation air holes, and a string detail along the hemline. The style is completed with a drawstring hood, featuring Rains&rsquo; signature built-in cap. Made from waterproof, matte PU, this lightweight unisex rain jacket is an ode to nostalgia through its classic silhouette and utilitarian design details.</p>\n                                <p>- Casual unisex fit</p>\n\n                                <p>- 64% polyester, 36% polyurethane</p>\n\n                                <p>- Water column pressure: 4000 mm</p>\n\n                                <p>- Model is 187cm tall and wearing a size S / M</p>\n\n                                <p>- Unisex fit</p>\n\n                                <p>- Drawstring hood with built-in cap</p>\n\n                                <p>- Front placket with snap buttons</p>\n\n                                <p>- Ventilation under armpit</p>\n\n                                <p>- Adjustable cuffs</p>\n\n                                <p>- Double welted front pockets</p>\n\n                                <p>- Adjustable elastic string at hempen</p>\n\n                                <p>- Ultrasonically welded seams</p>\n\n                                <p>This is a unisex item, please check our clothing &amp; footwear sizing guide for specific Rains jacket sizing information. RAINS comes from the rainy nation of Denmark at the edge of the European continent, close to the ocean and with prevailing westerly winds; all factors that contribute to an average of 121 rain days each year. Arising from these rainy weather conditions comes the attitude that a quick rain shower may be beautiful, as well as moody- but first and foremost requires the right outfit. Rains focus on the whole experience of going outside on rainy days, issuing an invitation to explore even in the most mercurial weather.</p>','published','[\"products\\/13.jpg\",\"products\\/13-1.jpg\"]','HS-110-A0',0,12,0,1,1,4,0,0,129,NULL,NULL,NULL,19.00,14.00,19.00,679.00,'2022-01-04 21:11:18','2022-01-04 21:11:19',1,165571,'in_stock',0,'Botble\\ACL\\Models\\User',NULL),(14,'MacSafe 80W','<p>Short Hooded Coat features a straight body, large pockets with button flaps, ventilation air holes, and a string detail along the hemline.</p><ul>\n                                        <li class=\"mb-10\"><i class=\"far fa-hourglass mr-5 text-brand\"></i> 1 Year AL Jazeera Brand Warranty</li>\n                                        <li class=\"mb-10\"><i class=\"far fa-paper-plane mr-5 text-brand\"></i> 30 Day Return Policy</li>\n                                        <li><i class=\"far fa-address-card mr-5 text-brand\"></i> Cash on Delivery available</li>\n                                    </ul>','<p>Short Hooded Coat features a straight body, large pockets with button flaps, ventilation air holes, and a string detail along the hemline. The style is completed with a drawstring hood, featuring Rains&rsquo; signature built-in cap. Made from waterproof, matte PU, this lightweight unisex rain jacket is an ode to nostalgia through its classic silhouette and utilitarian design details.</p>\n                                <p>- Casual unisex fit</p>\n\n                                <p>- 64% polyester, 36% polyurethane</p>\n\n                                <p>- Water column pressure: 4000 mm</p>\n\n                                <p>- Model is 187cm tall and wearing a size S / M</p>\n\n                                <p>- Unisex fit</p>\n\n                                <p>- Drawstring hood with built-in cap</p>\n\n                                <p>- Front placket with snap buttons</p>\n\n                                <p>- Ventilation under armpit</p>\n\n                                <p>- Adjustable cuffs</p>\n\n                                <p>- Double welted front pockets</p>\n\n                                <p>- Adjustable elastic string at hempen</p>\n\n                                <p>- Ultrasonically welded seams</p>\n\n                                <p>This is a unisex item, please check our clothing &amp; footwear sizing guide for specific Rains jacket sizing information. RAINS comes from the rainy nation of Denmark at the edge of the European continent, close to the ocean and with prevailing westerly winds; all factors that contribute to an average of 121 rain days each year. Arising from these rainy weather conditions comes the attitude that a quick rain shower may be beautiful, as well as moody- but first and foremost requires the right outfit. Rains focus on the whole experience of going outside on rainy days, issuing an invitation to explore even in the most mercurial weather.</p>','published','[\"products\\/14.jpg\",\"products\\/14-1.jpg\"]','HS-118-A0',0,10,0,1,1,4,0,0,123,NULL,NULL,NULL,17.00,17.00,11.00,670.00,'2022-01-04 21:11:18','2022-01-04 21:11:19',1,59728,'in_stock',0,'Botble\\ACL\\Models\\User',NULL),(15,'Hand playstation','<p>Short Hooded Coat features a straight body, large pockets with button flaps, ventilation air holes, and a string detail along the hemline.</p><ul>\n                                        <li class=\"mb-10\"><i class=\"far fa-hourglass mr-5 text-brand\"></i> 1 Year AL Jazeera Brand Warranty</li>\n                                        <li class=\"mb-10\"><i class=\"far fa-paper-plane mr-5 text-brand\"></i> 30 Day Return Policy</li>\n                                        <li><i class=\"far fa-address-card mr-5 text-brand\"></i> Cash on Delivery available</li>\n                                    </ul>','<p>Short Hooded Coat features a straight body, large pockets with button flaps, ventilation air holes, and a string detail along the hemline. The style is completed with a drawstring hood, featuring Rains&rsquo; signature built-in cap. Made from waterproof, matte PU, this lightweight unisex rain jacket is an ode to nostalgia through its classic silhouette and utilitarian design details.</p>\n                                <p>- Casual unisex fit</p>\n\n                                <p>- 64% polyester, 36% polyurethane</p>\n\n                                <p>- Water column pressure: 4000 mm</p>\n\n                                <p>- Model is 187cm tall and wearing a size S / M</p>\n\n                                <p>- Unisex fit</p>\n\n                                <p>- Drawstring hood with built-in cap</p>\n\n                                <p>- Front placket with snap buttons</p>\n\n                                <p>- Ventilation under armpit</p>\n\n                                <p>- Adjustable cuffs</p>\n\n                                <p>- Double welted front pockets</p>\n\n                                <p>- Adjustable elastic string at hempen</p>\n\n                                <p>- Ultrasonically welded seams</p>\n\n                                <p>This is a unisex item, please check our clothing &amp; footwear sizing guide for specific Rains jacket sizing information. RAINS comes from the rainy nation of Denmark at the edge of the European continent, close to the ocean and with prevailing westerly winds; all factors that contribute to an average of 121 rain days each year. Arising from these rainy weather conditions comes the attitude that a quick rain shower may be beautiful, as well as moody- but first and foremost requires the right outfit. Rains focus on the whole experience of going outside on rainy days, issuing an invitation to explore even in the most mercurial weather.</p>','published','[\"products\\/15.jpg\",\"products\\/15-1.jpg\"]','HS-164-A0',0,11,0,1,1,4,0,0,125,NULL,NULL,NULL,12.00,15.00,12.00,740.00,'2022-01-04 21:11:18','2022-01-04 21:11:19',1,194190,'in_stock',0,'Botble\\ACL\\Models\\User',NULL),(16,'Apple Airpods Serial 3','<p>Short Hooded Coat features a straight body, large pockets with button flaps, ventilation air holes, and a string detail along the hemline.</p><ul>\n                                        <li class=\"mb-10\"><i class=\"far fa-hourglass mr-5 text-brand\"></i> 1 Year AL Jazeera Brand Warranty</li>\n                                        <li class=\"mb-10\"><i class=\"far fa-paper-plane mr-5 text-brand\"></i> 30 Day Return Policy</li>\n                                        <li><i class=\"far fa-address-card mr-5 text-brand\"></i> Cash on Delivery available</li>\n                                    </ul>','<p>Short Hooded Coat features a straight body, large pockets with button flaps, ventilation air holes, and a string detail along the hemline. The style is completed with a drawstring hood, featuring Rains&rsquo; signature built-in cap. Made from waterproof, matte PU, this lightweight unisex rain jacket is an ode to nostalgia through its classic silhouette and utilitarian design details.</p>\n                                <p>- Casual unisex fit</p>\n\n                                <p>- 64% polyester, 36% polyurethane</p>\n\n                                <p>- Water column pressure: 4000 mm</p>\n\n                                <p>- Model is 187cm tall and wearing a size S / M</p>\n\n                                <p>- Unisex fit</p>\n\n                                <p>- Drawstring hood with built-in cap</p>\n\n                                <p>- Front placket with snap buttons</p>\n\n                                <p>- Ventilation under armpit</p>\n\n                                <p>- Adjustable cuffs</p>\n\n                                <p>- Double welted front pockets</p>\n\n                                <p>- Adjustable elastic string at hempen</p>\n\n                                <p>- Ultrasonically welded seams</p>\n\n                                <p>This is a unisex item, please check our clothing &amp; footwear sizing guide for specific Rains jacket sizing information. RAINS comes from the rainy nation of Denmark at the edge of the European continent, close to the ocean and with prevailing westerly winds; all factors that contribute to an average of 121 rain days each year. Arising from these rainy weather conditions comes the attitude that a quick rain shower may be beautiful, as well as moody- but first and foremost requires the right outfit. Rains focus on the whole experience of going outside on rainy days, issuing an invitation to explore even in the most mercurial weather.</p>','published','[\"products\\/16.jpg\"]','HS-117-A0',0,15,0,1,1,2,0,0,120,100.8,NULL,NULL,15.00,11.00,18.00,513.00,'2022-01-04 21:11:18','2022-01-04 21:11:19',1,7456,'in_stock',0,'Botble\\ACL\\Models\\User',NULL),(17,'Cool Smart Watches','<p>Short Hooded Coat features a straight body, large pockets with button flaps, ventilation air holes, and a string detail along the hemline.</p><ul>\n                                        <li class=\"mb-10\"><i class=\"far fa-hourglass mr-5 text-brand\"></i> 1 Year AL Jazeera Brand Warranty</li>\n                                        <li class=\"mb-10\"><i class=\"far fa-paper-plane mr-5 text-brand\"></i> 30 Day Return Policy</li>\n                                        <li><i class=\"far fa-address-card mr-5 text-brand\"></i> Cash on Delivery available</li>\n                                    </ul>','<p>Short Hooded Coat features a straight body, large pockets with button flaps, ventilation air holes, and a string detail along the hemline. The style is completed with a drawstring hood, featuring Rains&rsquo; signature built-in cap. Made from waterproof, matte PU, this lightweight unisex rain jacket is an ode to nostalgia through its classic silhouette and utilitarian design details.</p>\n                                <p>- Casual unisex fit</p>\n\n                                <p>- 64% polyester, 36% polyurethane</p>\n\n                                <p>- Water column pressure: 4000 mm</p>\n\n                                <p>- Model is 187cm tall and wearing a size S / M</p>\n\n                                <p>- Unisex fit</p>\n\n                                <p>- Drawstring hood with built-in cap</p>\n\n                                <p>- Front placket with snap buttons</p>\n\n                                <p>- Ventilation under armpit</p>\n\n                                <p>- Adjustable cuffs</p>\n\n                                <p>- Double welted front pockets</p>\n\n                                <p>- Adjustable elastic string at hempen</p>\n\n                                <p>- Ultrasonically welded seams</p>\n\n                                <p>This is a unisex item, please check our clothing &amp; footwear sizing guide for specific Rains jacket sizing information. RAINS comes from the rainy nation of Denmark at the edge of the European continent, close to the ocean and with prevailing westerly winds; all factors that contribute to an average of 121 rain days each year. Arising from these rainy weather conditions comes the attitude that a quick rain shower may be beautiful, as well as moody- but first and foremost requires the right outfit. Rains focus on the whole experience of going outside on rainy days, issuing an invitation to explore even in the most mercurial weather.</p>','published','[\"products\\/17.jpg\"]','HS-190-A0',0,13,0,1,1,1,0,0,130,NULL,NULL,NULL,14.00,18.00,20.00,698.00,'2022-01-04 21:11:18','2022-01-04 21:11:19',1,56149,'in_stock',0,'Botble\\ACL\\Models\\User',NULL),(18,'Black Smart Watches','<p>Short Hooded Coat features a straight body, large pockets with button flaps, ventilation air holes, and a string detail along the hemline.</p><ul>\n                                        <li class=\"mb-10\"><i class=\"far fa-hourglass mr-5 text-brand\"></i> 1 Year AL Jazeera Brand Warranty</li>\n                                        <li class=\"mb-10\"><i class=\"far fa-paper-plane mr-5 text-brand\"></i> 30 Day Return Policy</li>\n                                        <li><i class=\"far fa-address-card mr-5 text-brand\"></i> Cash on Delivery available</li>\n                                    </ul>','<p>Short Hooded Coat features a straight body, large pockets with button flaps, ventilation air holes, and a string detail along the hemline. The style is completed with a drawstring hood, featuring Rains&rsquo; signature built-in cap. Made from waterproof, matte PU, this lightweight unisex rain jacket is an ode to nostalgia through its classic silhouette and utilitarian design details.</p>\n                                <p>- Casual unisex fit</p>\n\n                                <p>- 64% polyester, 36% polyurethane</p>\n\n                                <p>- Water column pressure: 4000 mm</p>\n\n                                <p>- Model is 187cm tall and wearing a size S / M</p>\n\n                                <p>- Unisex fit</p>\n\n                                <p>- Drawstring hood with built-in cap</p>\n\n                                <p>- Front placket with snap buttons</p>\n\n                                <p>- Ventilation under armpit</p>\n\n                                <p>- Adjustable cuffs</p>\n\n                                <p>- Double welted front pockets</p>\n\n                                <p>- Adjustable elastic string at hempen</p>\n\n                                <p>- Ultrasonically welded seams</p>\n\n                                <p>This is a unisex item, please check our clothing &amp; footwear sizing guide for specific Rains jacket sizing information. RAINS comes from the rainy nation of Denmark at the edge of the European continent, close to the ocean and with prevailing westerly winds; all factors that contribute to an average of 121 rain days each year. Arising from these rainy weather conditions comes the attitude that a quick rain shower may be beautiful, as well as moody- but first and foremost requires the right outfit. Rains focus on the whole experience of going outside on rainy days, issuing an invitation to explore even in the most mercurial weather.</p>','published','[\"products\\/18.jpg\",\"products\\/18-1.jpg\",\"products\\/18-2.jpg\"]','HS-194-A0',0,20,0,1,1,2,0,0,110,NULL,NULL,NULL,17.00,15.00,16.00,634.00,'2022-01-04 21:11:18','2022-01-04 21:11:19',1,159745,'in_stock',0,'Botble\\ACL\\Models\\User',NULL),(19,'Leather Watch Band Serial 3','<p>Short Hooded Coat features a straight body, large pockets with button flaps, ventilation air holes, and a string detail along the hemline.</p><ul>\n                                        <li class=\"mb-10\"><i class=\"far fa-hourglass mr-5 text-brand\"></i> 1 Year AL Jazeera Brand Warranty</li>\n                                        <li class=\"mb-10\"><i class=\"far fa-paper-plane mr-5 text-brand\"></i> 30 Day Return Policy</li>\n                                        <li><i class=\"far fa-address-card mr-5 text-brand\"></i> Cash on Delivery available</li>\n                                    </ul>','<p>Short Hooded Coat features a straight body, large pockets with button flaps, ventilation air holes, and a string detail along the hemline. The style is completed with a drawstring hood, featuring Rains&rsquo; signature built-in cap. Made from waterproof, matte PU, this lightweight unisex rain jacket is an ode to nostalgia through its classic silhouette and utilitarian design details.</p>\n                                <p>- Casual unisex fit</p>\n\n                                <p>- 64% polyester, 36% polyurethane</p>\n\n                                <p>- Water column pressure: 4000 mm</p>\n\n                                <p>- Model is 187cm tall and wearing a size S / M</p>\n\n                                <p>- Unisex fit</p>\n\n                                <p>- Drawstring hood with built-in cap</p>\n\n                                <p>- Front placket with snap buttons</p>\n\n                                <p>- Ventilation under armpit</p>\n\n                                <p>- Adjustable cuffs</p>\n\n                                <p>- Double welted front pockets</p>\n\n                                <p>- Adjustable elastic string at hempen</p>\n\n                                <p>- Ultrasonically welded seams</p>\n\n                                <p>This is a unisex item, please check our clothing &amp; footwear sizing guide for specific Rains jacket sizing information. RAINS comes from the rainy nation of Denmark at the edge of the European continent, close to the ocean and with prevailing westerly winds; all factors that contribute to an average of 121 rain days each year. Arising from these rainy weather conditions comes the attitude that a quick rain shower may be beautiful, as well as moody- but first and foremost requires the right outfit. Rains focus on the whole experience of going outside on rainy days, issuing an invitation to explore even in the most mercurial weather.</p>','published','[\"products\\/19.jpg\",\"products\\/19-1.jpg\"]','HS-106-A0',0,11,0,1,1,3,0,0,122,NULL,NULL,NULL,20.00,17.00,18.00,578.00,'2022-01-04 21:11:18','2022-01-04 21:11:19',1,169644,'in_stock',0,'Botble\\ACL\\Models\\User',NULL),(20,'Macbook Pro 2015 13 inch','<p>Short Hooded Coat features a straight body, large pockets with button flaps, ventilation air holes, and a string detail along the hemline.</p><ul>\n                                        <li class=\"mb-10\"><i class=\"far fa-hourglass mr-5 text-brand\"></i> 1 Year AL Jazeera Brand Warranty</li>\n                                        <li class=\"mb-10\"><i class=\"far fa-paper-plane mr-5 text-brand\"></i> 30 Day Return Policy</li>\n                                        <li><i class=\"far fa-address-card mr-5 text-brand\"></i> Cash on Delivery available</li>\n                                    </ul>','<p>Short Hooded Coat features a straight body, large pockets with button flaps, ventilation air holes, and a string detail along the hemline. The style is completed with a drawstring hood, featuring Rains&rsquo; signature built-in cap. Made from waterproof, matte PU, this lightweight unisex rain jacket is an ode to nostalgia through its classic silhouette and utilitarian design details.</p>\n                                <p>- Casual unisex fit</p>\n\n                                <p>- 64% polyester, 36% polyurethane</p>\n\n                                <p>- Water column pressure: 4000 mm</p>\n\n                                <p>- Model is 187cm tall and wearing a size S / M</p>\n\n                                <p>- Unisex fit</p>\n\n                                <p>- Drawstring hood with built-in cap</p>\n\n                                <p>- Front placket with snap buttons</p>\n\n                                <p>- Ventilation under armpit</p>\n\n                                <p>- Adjustable cuffs</p>\n\n                                <p>- Double welted front pockets</p>\n\n                                <p>- Adjustable elastic string at hempen</p>\n\n                                <p>- Ultrasonically welded seams</p>\n\n                                <p>This is a unisex item, please check our clothing &amp; footwear sizing guide for specific Rains jacket sizing information. RAINS comes from the rainy nation of Denmark at the edge of the European continent, close to the ocean and with prevailing westerly winds; all factors that contribute to an average of 121 rain days each year. Arising from these rainy weather conditions comes the attitude that a quick rain shower may be beautiful, as well as moody- but first and foremost requires the right outfit. Rains focus on the whole experience of going outside on rainy days, issuing an invitation to explore even in the most mercurial weather.</p>','published','[\"products\\/20.jpg\",\"products\\/20-1.jpg\"]','HS-109-A0',0,11,0,1,1,7,0,0,116,93.96,NULL,NULL,13.00,11.00,11.00,706.00,'2022-01-04 21:11:18','2022-01-04 21:11:19',1,56337,'in_stock',0,'Botble\\ACL\\Models\\User',NULL),(21,'Historic Alarm Clock','<p>Short Hooded Coat features a straight body, large pockets with button flaps, ventilation air holes, and a string detail along the hemline.</p><ul>\n                                        <li class=\"mb-10\"><i class=\"far fa-hourglass mr-5 text-brand\"></i> 1 Year AL Jazeera Brand Warranty</li>\n                                        <li class=\"mb-10\"><i class=\"far fa-paper-plane mr-5 text-brand\"></i> 30 Day Return Policy</li>\n                                        <li><i class=\"far fa-address-card mr-5 text-brand\"></i> Cash on Delivery available</li>\n                                    </ul>','<p>Short Hooded Coat features a straight body, large pockets with button flaps, ventilation air holes, and a string detail along the hemline. The style is completed with a drawstring hood, featuring Rains&rsquo; signature built-in cap. Made from waterproof, matte PU, this lightweight unisex rain jacket is an ode to nostalgia through its classic silhouette and utilitarian design details.</p>\n                                <p>- Casual unisex fit</p>\n\n                                <p>- 64% polyester, 36% polyurethane</p>\n\n                                <p>- Water column pressure: 4000 mm</p>\n\n                                <p>- Model is 187cm tall and wearing a size S / M</p>\n\n                                <p>- Unisex fit</p>\n\n                                <p>- Drawstring hood with built-in cap</p>\n\n                                <p>- Front placket with snap buttons</p>\n\n                                <p>- Ventilation under armpit</p>\n\n                                <p>- Adjustable cuffs</p>\n\n                                <p>- Double welted front pockets</p>\n\n                                <p>- Adjustable elastic string at hempen</p>\n\n                                <p>- Ultrasonically welded seams</p>\n\n                                <p>This is a unisex item, please check our clothing &amp; footwear sizing guide for specific Rains jacket sizing information. RAINS comes from the rainy nation of Denmark at the edge of the European continent, close to the ocean and with prevailing westerly winds; all factors that contribute to an average of 121 rain days each year. Arising from these rainy weather conditions comes the attitude that a quick rain shower may be beautiful, as well as moody- but first and foremost requires the right outfit. Rains focus on the whole experience of going outside on rainy days, issuing an invitation to explore even in the most mercurial weather.</p>','published','[\"products\\/21.jpg\",\"products\\/21-1.jpg\"]','HS-197-A0',0,19,0,1,1,4,0,0,118,NULL,NULL,NULL,18.00,13.00,16.00,648.00,'2022-01-04 21:11:18','2022-01-04 21:11:19',1,171008,'in_stock',0,'Botble\\ACL\\Models\\User',NULL),(22,'Black Glasses','<p>Short Hooded Coat features a straight body, large pockets with button flaps, ventilation air holes, and a string detail along the hemline.</p><ul>\n                                        <li class=\"mb-10\"><i class=\"far fa-hourglass mr-5 text-brand\"></i> 1 Year AL Jazeera Brand Warranty</li>\n                                        <li class=\"mb-10\"><i class=\"far fa-paper-plane mr-5 text-brand\"></i> 30 Day Return Policy</li>\n                                        <li><i class=\"far fa-address-card mr-5 text-brand\"></i> Cash on Delivery available</li>\n                                    </ul>','<p>Short Hooded Coat features a straight body, large pockets with button flaps, ventilation air holes, and a string detail along the hemline. The style is completed with a drawstring hood, featuring Rains&rsquo; signature built-in cap. Made from waterproof, matte PU, this lightweight unisex rain jacket is an ode to nostalgia through its classic silhouette and utilitarian design details.</p>\n                                <p>- Casual unisex fit</p>\n\n                                <p>- 64% polyester, 36% polyurethane</p>\n\n                                <p>- Water column pressure: 4000 mm</p>\n\n                                <p>- Model is 187cm tall and wearing a size S / M</p>\n\n                                <p>- Unisex fit</p>\n\n                                <p>- Drawstring hood with built-in cap</p>\n\n                                <p>- Front placket with snap buttons</p>\n\n                                <p>- Ventilation under armpit</p>\n\n                                <p>- Adjustable cuffs</p>\n\n                                <p>- Double welted front pockets</p>\n\n                                <p>- Adjustable elastic string at hempen</p>\n\n                                <p>- Ultrasonically welded seams</p>\n\n                                <p>This is a unisex item, please check our clothing &amp; footwear sizing guide for specific Rains jacket sizing information. RAINS comes from the rainy nation of Denmark at the edge of the European continent, close to the ocean and with prevailing westerly winds; all factors that contribute to an average of 121 rain days each year. Arising from these rainy weather conditions comes the attitude that a quick rain shower may be beautiful, as well as moody- but first and foremost requires the right outfit. Rains focus on the whole experience of going outside on rainy days, issuing an invitation to explore even in the most mercurial weather.</p>','published','[\"products\\/22.jpg\",\"products\\/22-1.jpg\"]','HS-112-A0',0,14,0,1,1,2,0,0,120,NULL,NULL,NULL,16.00,11.00,16.00,763.00,'2022-01-04 21:11:18','2022-01-04 21:11:19',1,138328,'in_stock',0,'Botble\\ACL\\Models\\User',NULL),(23,'Phillips Mouse','<p>Short Hooded Coat features a straight body, large pockets with button flaps, ventilation air holes, and a string detail along the hemline.</p><ul>\n                                        <li class=\"mb-10\"><i class=\"far fa-hourglass mr-5 text-brand\"></i> 1 Year AL Jazeera Brand Warranty</li>\n                                        <li class=\"mb-10\"><i class=\"far fa-paper-plane mr-5 text-brand\"></i> 30 Day Return Policy</li>\n                                        <li><i class=\"far fa-address-card mr-5 text-brand\"></i> Cash on Delivery available</li>\n                                    </ul>','<p>Short Hooded Coat features a straight body, large pockets with button flaps, ventilation air holes, and a string detail along the hemline. The style is completed with a drawstring hood, featuring Rains&rsquo; signature built-in cap. Made from waterproof, matte PU, this lightweight unisex rain jacket is an ode to nostalgia through its classic silhouette and utilitarian design details.</p>\n                                <p>- Casual unisex fit</p>\n\n                                <p>- 64% polyester, 36% polyurethane</p>\n\n                                <p>- Water column pressure: 4000 mm</p>\n\n                                <p>- Model is 187cm tall and wearing a size S / M</p>\n\n                                <p>- Unisex fit</p>\n\n                                <p>- Drawstring hood with built-in cap</p>\n\n                                <p>- Front placket with snap buttons</p>\n\n                                <p>- Ventilation under armpit</p>\n\n                                <p>- Adjustable cuffs</p>\n\n                                <p>- Double welted front pockets</p>\n\n                                <p>- Adjustable elastic string at hempen</p>\n\n                                <p>- Ultrasonically welded seams</p>\n\n                                <p>This is a unisex item, please check our clothing &amp; footwear sizing guide for specific Rains jacket sizing information. RAINS comes from the rainy nation of Denmark at the edge of the European continent, close to the ocean and with prevailing westerly winds; all factors that contribute to an average of 121 rain days each year. Arising from these rainy weather conditions comes the attitude that a quick rain shower may be beautiful, as well as moody- but first and foremost requires the right outfit. Rains focus on the whole experience of going outside on rainy days, issuing an invitation to explore even in the most mercurial weather.</p>','published','[\"products\\/23.jpg\",\"products\\/23-1.jpg\"]','HS-191-A0',0,16,0,1,1,4,0,0,113,NULL,NULL,NULL,17.00,19.00,16.00,722.00,'2022-01-04 21:11:18','2022-01-04 21:11:19',1,148329,'in_stock',0,'Botble\\ACL\\Models\\User',NULL),(24,'Gaming Keyboard','<p>Short Hooded Coat features a straight body, large pockets with button flaps, ventilation air holes, and a string detail along the hemline.</p><ul>\n                                        <li class=\"mb-10\"><i class=\"far fa-hourglass mr-5 text-brand\"></i> 1 Year AL Jazeera Brand Warranty</li>\n                                        <li class=\"mb-10\"><i class=\"far fa-paper-plane mr-5 text-brand\"></i> 30 Day Return Policy</li>\n                                        <li><i class=\"far fa-address-card mr-5 text-brand\"></i> Cash on Delivery available</li>\n                                    </ul>','<p>Short Hooded Coat features a straight body, large pockets with button flaps, ventilation air holes, and a string detail along the hemline. The style is completed with a drawstring hood, featuring Rains&rsquo; signature built-in cap. Made from waterproof, matte PU, this lightweight unisex rain jacket is an ode to nostalgia through its classic silhouette and utilitarian design details.</p>\n                                <p>- Casual unisex fit</p>\n\n                                <p>- 64% polyester, 36% polyurethane</p>\n\n                                <p>- Water column pressure: 4000 mm</p>\n\n                                <p>- Model is 187cm tall and wearing a size S / M</p>\n\n                                <p>- Unisex fit</p>\n\n                                <p>- Drawstring hood with built-in cap</p>\n\n                                <p>- Front placket with snap buttons</p>\n\n                                <p>- Ventilation under armpit</p>\n\n                                <p>- Adjustable cuffs</p>\n\n                                <p>- Double welted front pockets</p>\n\n                                <p>- Adjustable elastic string at hempen</p>\n\n                                <p>- Ultrasonically welded seams</p>\n\n                                <p>This is a unisex item, please check our clothing &amp; footwear sizing guide for specific Rains jacket sizing information. RAINS comes from the rainy nation of Denmark at the edge of the European continent, close to the ocean and with prevailing westerly winds; all factors that contribute to an average of 121 rain days each year. Arising from these rainy weather conditions comes the attitude that a quick rain shower may be beautiful, as well as moody- but first and foremost requires the right outfit. Rains focus on the whole experience of going outside on rainy days, issuing an invitation to explore even in the most mercurial weather.</p>','published','[\"products\\/24.jpg\",\"products\\/24-1.jpg\"]','HS-199-A0',0,11,0,1,1,1,0,0,130,110.5,NULL,NULL,13.00,12.00,10.00,744.00,'2022-01-04 21:11:18','2022-01-04 21:11:19',1,153634,'in_stock',0,'Botble\\ACL\\Models\\User',NULL),(25,'Smart Home Speaker',NULL,NULL,'published','[\"products\\/1.jpg\"]','HS-195-A0',0,14,0,1,0,6,1,0,493,NULL,NULL,NULL,16.00,12.00,15.00,629.00,'2022-01-04 21:11:18','2022-01-04 21:11:18',NULL,0,'in_stock',0,'Botble\\ACL\\Models\\User',NULL),(26,'Smart Home Speaker',NULL,NULL,'published','[\"products\\/1-1.jpg\"]','HS-195-A0-A1',0,14,0,1,0,6,1,0,493,NULL,NULL,NULL,16.00,12.00,15.00,629.00,'2022-01-04 21:11:19','2022-01-04 21:11:19',NULL,0,'in_stock',0,'Botble\\ACL\\Models\\User',NULL),(27,'Smart Home Speaker',NULL,NULL,'published','[\"products\\/1-2.jpg\"]','HS-195-A0-A2',0,14,0,1,0,6,1,0,493,NULL,NULL,NULL,16.00,12.00,15.00,629.00,'2022-01-04 21:11:19','2022-01-04 21:11:19',NULL,0,'in_stock',0,'Botble\\ACL\\Models\\User',NULL),(28,'Smart Home Speaker',NULL,NULL,'published','[\"products\\/1-3.jpg\"]','HS-195-A0-A3',0,14,0,1,0,6,1,0,493,NULL,NULL,NULL,16.00,12.00,15.00,629.00,'2022-01-04 21:11:19','2022-01-04 21:11:19',NULL,0,'in_stock',0,'Botble\\ACL\\Models\\User',NULL),(29,'Headphone Ultra Bass',NULL,NULL,'published','[\"products\\/2.jpg\"]','HS-157-A0',0,12,0,1,0,2,1,0,337,NULL,NULL,NULL,20.00,10.00,15.00,710.00,'2022-01-04 21:11:19','2022-01-04 21:11:19',NULL,0,'in_stock',0,'Botble\\ACL\\Models\\User',NULL),(30,'Headphone Ultra Bass',NULL,NULL,'published','[\"products\\/2-1.jpg\"]','HS-157-A0-A1',0,12,0,1,0,2,1,0,337,NULL,NULL,NULL,20.00,10.00,15.00,710.00,'2022-01-04 21:11:19','2022-01-04 21:11:19',NULL,0,'in_stock',0,'Botble\\ACL\\Models\\User',NULL),(31,'Headphone Ultra Bass',NULL,NULL,'published','[\"products\\/2-2.jpg\"]','HS-157-A0-A2',0,12,0,1,0,2,1,0,337,NULL,NULL,NULL,20.00,10.00,15.00,710.00,'2022-01-04 21:11:19','2022-01-04 21:11:19',NULL,0,'in_stock',0,'Botble\\ACL\\Models\\User',NULL),(32,'Boxed - Bluetooth Headphone',NULL,NULL,'published','[\"products\\/3.jpg\"]','HS-169-A0',0,20,0,1,0,4,1,0,375,NULL,NULL,NULL,14.00,18.00,13.00,888.00,'2022-01-04 21:11:19','2022-01-04 21:11:19',NULL,0,'in_stock',0,'Botble\\ACL\\Models\\User',NULL),(33,'Chikie - Bluetooth Speaker',NULL,NULL,'published','[\"products\\/4.jpg\"]','HS-129-A0',0,15,0,1,0,7,1,0,79,64.78,NULL,NULL,16.00,13.00,14.00,707.00,'2022-01-04 21:11:19','2022-01-04 21:11:19',NULL,0,'in_stock',0,'Botble\\ACL\\Models\\User',NULL),(34,'Chikie - Bluetooth Speaker',NULL,NULL,'published','[\"products\\/4-1.jpg\"]','HS-129-A0-A1',0,15,0,1,0,7,1,0,79,67.94,NULL,NULL,16.00,13.00,14.00,707.00,'2022-01-04 21:11:19','2022-01-04 21:11:19',NULL,0,'in_stock',0,'Botble\\ACL\\Models\\User',NULL),(35,'Chikie - Bluetooth Speaker',NULL,NULL,'published','[\"products\\/4-2.jpg\"]','HS-129-A0-A2',0,15,0,1,0,7,1,0,79,65.57,NULL,NULL,16.00,13.00,14.00,707.00,'2022-01-04 21:11:19','2022-01-04 21:11:19',NULL,0,'in_stock',0,'Botble\\ACL\\Models\\User',NULL),(36,'Chikie - Bluetooth Speaker',NULL,NULL,'published','[\"products\\/4-3.jpg\"]','HS-129-A0-A3',0,15,0,1,0,7,1,0,79,71.1,NULL,NULL,16.00,13.00,14.00,707.00,'2022-01-04 21:11:19','2022-01-04 21:11:19',NULL,0,'in_stock',0,'Botble\\ACL\\Models\\User',NULL),(37,'Camera Hikvision HK-35VS8',NULL,NULL,'published','[\"products\\/5.jpg\"]','HS-118-A0',0,14,0,1,0,1,1,0,42,NULL,NULL,NULL,17.00,17.00,10.00,657.00,'2022-01-04 21:11:19','2022-01-04 21:11:19',NULL,0,'in_stock',0,'Botble\\ACL\\Models\\User',NULL),(38,'Camera Hikvision HK-35VS8',NULL,NULL,'published','[\"products\\/5-1.jpg\"]','HS-118-A0-A1',0,14,0,1,0,1,1,0,42,NULL,NULL,NULL,17.00,17.00,10.00,657.00,'2022-01-04 21:11:19','2022-01-04 21:11:19',NULL,0,'in_stock',0,'Botble\\ACL\\Models\\User',NULL),(39,'Camera Hikvision HK-35VS8',NULL,NULL,'published','[\"products\\/5-2.jpg\"]','HS-118-A0-A2',0,14,0,1,0,1,1,0,42,NULL,NULL,NULL,17.00,17.00,10.00,657.00,'2022-01-04 21:11:19','2022-01-04 21:11:19',NULL,0,'in_stock',0,'Botble\\ACL\\Models\\User',NULL),(40,'Camera Samsung SS-24',NULL,NULL,'published','[\"products\\/6.jpg\"]','HS-126-A0',0,14,0,1,0,3,1,0,59,NULL,NULL,NULL,10.00,17.00,16.00,702.00,'2022-01-04 21:11:19','2022-01-04 21:11:19',NULL,0,'in_stock',0,'Botble\\ACL\\Models\\User',NULL),(41,'Camera Samsung SS-24',NULL,NULL,'published','[\"products\\/6-1.jpg\"]','HS-126-A0-A1',0,14,0,1,0,3,1,0,59,NULL,NULL,NULL,10.00,17.00,16.00,702.00,'2022-01-04 21:11:19','2022-01-04 21:11:19',NULL,0,'in_stock',0,'Botble\\ACL\\Models\\User',NULL),(42,'Leather Watch Band',NULL,NULL,'published','[\"products\\/7.jpg\"]','HS-178-A0',0,17,0,1,0,1,1,0,127,NULL,NULL,NULL,20.00,17.00,14.00,875.00,'2022-01-04 21:11:19','2022-01-04 21:11:19',NULL,0,'in_stock',0,'Botble\\ACL\\Models\\User',NULL),(43,'Leather Watch Band',NULL,NULL,'published','[\"products\\/7-1.jpg\"]','HS-178-A0-A1',0,17,0,1,0,1,1,0,127,NULL,NULL,NULL,20.00,17.00,14.00,875.00,'2022-01-04 21:11:19','2022-01-04 21:11:19',NULL,0,'in_stock',0,'Botble\\ACL\\Models\\User',NULL),(44,'Leather Watch Band',NULL,NULL,'published','[\"products\\/7.jpg\"]','HS-178-A0-A2',0,17,0,1,0,1,1,0,127,NULL,NULL,NULL,20.00,17.00,14.00,875.00,'2022-01-04 21:11:19','2022-01-04 21:11:19',NULL,0,'in_stock',0,'Botble\\ACL\\Models\\User',NULL),(45,'Apple iPhone 13 Plus',NULL,NULL,'published','[\"products\\/8.jpg\"]','HS-182-A0',0,11,0,1,0,4,1,0,121,88.33,NULL,NULL,18.00,17.00,10.00,614.00,'2022-01-04 21:11:19','2022-01-04 21:11:19',NULL,0,'in_stock',0,'Botble\\ACL\\Models\\User',NULL),(46,'Apple iPhone 13 Plus',NULL,NULL,'published','[\"products\\/8-1.jpg\"]','HS-182-A0-A1',0,11,0,1,0,4,1,0,121,101.64,NULL,NULL,18.00,17.00,10.00,614.00,'2022-01-04 21:11:19','2022-01-04 21:11:19',NULL,0,'in_stock',0,'Botble\\ACL\\Models\\User',NULL),(47,'Macbook Pro 2015',NULL,NULL,'published','[\"products\\/9.jpg\"]','HS-100-A0',0,18,0,1,0,6,1,0,121,NULL,NULL,NULL,19.00,18.00,16.00,792.00,'2022-01-04 21:11:19','2022-01-04 21:11:19',NULL,0,'in_stock',0,'Botble\\ACL\\Models\\User',NULL),(48,'Macbook Air 12 inch',NULL,NULL,'published','[\"products\\/10.jpg\"]','HS-188-A0',0,15,0,1,0,2,1,0,237,NULL,NULL,NULL,11.00,11.00,15.00,798.00,'2022-01-04 21:11:19','2022-01-04 21:11:19',NULL,0,'in_stock',0,'Botble\\ACL\\Models\\User',NULL),(49,'Macbook Air 12 inch',NULL,NULL,'published','[\"products\\/10-1.jpg\"]','HS-188-A0-A1',0,15,0,1,0,2,1,0,237,NULL,NULL,NULL,11.00,11.00,15.00,798.00,'2022-01-04 21:11:19','2022-01-04 21:11:19',NULL,0,'in_stock',0,'Botble\\ACL\\Models\\User',NULL),(50,'Macbook Air 12 inch',NULL,NULL,'published','[\"products\\/10.jpg\"]','HS-188-A0-A2',0,15,0,1,0,2,1,0,237,NULL,NULL,NULL,11.00,11.00,15.00,798.00,'2022-01-04 21:11:19','2022-01-04 21:11:19',NULL,0,'in_stock',0,'Botble\\ACL\\Models\\User',NULL),(51,'Macbook Air 12 inch',NULL,NULL,'published','[\"products\\/10.jpg\"]','HS-188-A0-A3',0,15,0,1,0,2,1,0,237,NULL,NULL,NULL,11.00,11.00,15.00,798.00,'2022-01-04 21:11:19','2022-01-04 21:11:19',NULL,0,'in_stock',0,'Botble\\ACL\\Models\\User',NULL),(52,'Apple Watch Serial 7',NULL,NULL,'published','[\"products\\/11.jpg\"]','HS-118-A0',0,10,0,1,0,5,1,0,126,NULL,NULL,NULL,16.00,11.00,16.00,626.00,'2022-01-04 21:11:19','2022-01-04 21:11:19',NULL,0,'in_stock',0,'Botble\\ACL\\Models\\User',NULL),(53,'Apple Watch Serial 7',NULL,NULL,'published','[\"products\\/11-1.jpg\"]','HS-118-A0-A1',0,10,0,1,0,5,1,0,126,NULL,NULL,NULL,16.00,11.00,16.00,626.00,'2022-01-04 21:11:19','2022-01-04 21:11:19',NULL,0,'in_stock',0,'Botble\\ACL\\Models\\User',NULL),(54,'Apple Watch Serial 7',NULL,NULL,'published','[\"products\\/11.jpg\"]','HS-118-A0-A2',0,10,0,1,0,5,1,0,126,NULL,NULL,NULL,16.00,11.00,16.00,626.00,'2022-01-04 21:11:19','2022-01-04 21:11:19',NULL,0,'in_stock',0,'Botble\\ACL\\Models\\User',NULL),(55,'Apple Watch Serial 7',NULL,NULL,'published','[\"products\\/11.jpg\"]','HS-118-A0-A3',0,10,0,1,0,5,1,0,126,NULL,NULL,NULL,16.00,11.00,16.00,626.00,'2022-01-04 21:11:19','2022-01-04 21:11:19',NULL,0,'in_stock',0,'Botble\\ACL\\Models\\User',NULL),(56,'Macbook Pro 13 inch',NULL,NULL,'published','[\"products\\/12.jpg\"]','HS-143-A0',0,18,0,1,0,6,1,0,121,104.06,NULL,NULL,19.00,12.00,13.00,758.00,'2022-01-04 21:11:19','2022-01-04 21:11:19',NULL,0,'in_stock',0,'Botble\\ACL\\Models\\User',NULL),(57,'Macbook Pro 13 inch',NULL,NULL,'published','[\"products\\/12-1.jpg\"]','HS-143-A0-A1',0,18,0,1,0,6,1,0,121,85.91,NULL,NULL,19.00,12.00,13.00,758.00,'2022-01-04 21:11:19','2022-01-04 21:11:19',NULL,0,'in_stock',0,'Botble\\ACL\\Models\\User',NULL),(58,'Macbook Pro 13 inch',NULL,NULL,'published','[\"products\\/12.jpg\"]','HS-143-A0-A2',0,18,0,1,0,6,1,0,121,99.22,NULL,NULL,19.00,12.00,13.00,758.00,'2022-01-04 21:11:19','2022-01-04 21:11:19',NULL,0,'in_stock',0,'Botble\\ACL\\Models\\User',NULL),(59,'Apple Keyboard',NULL,NULL,'published','[\"products\\/13.jpg\"]','HS-110-A0',0,12,0,1,0,4,1,0,129,NULL,NULL,NULL,19.00,14.00,19.00,679.00,'2022-01-04 21:11:19','2022-01-04 21:11:19',NULL,0,'in_stock',0,'Botble\\ACL\\Models\\User',NULL),(60,'Apple Keyboard',NULL,NULL,'published','[\"products\\/13-1.jpg\"]','HS-110-A0-A1',0,12,0,1,0,4,1,0,129,NULL,NULL,NULL,19.00,14.00,19.00,679.00,'2022-01-04 21:11:19','2022-01-04 21:11:19',NULL,0,'in_stock',0,'Botble\\ACL\\Models\\User',NULL),(61,'Apple Keyboard',NULL,NULL,'published','[\"products\\/13.jpg\"]','HS-110-A0-A2',0,12,0,1,0,4,1,0,129,NULL,NULL,NULL,19.00,14.00,19.00,679.00,'2022-01-04 21:11:19','2022-01-04 21:11:19',NULL,0,'in_stock',0,'Botble\\ACL\\Models\\User',NULL),(62,'Apple Keyboard',NULL,NULL,'published','[\"products\\/13.jpg\"]','HS-110-A0-A3',0,12,0,1,0,4,1,0,129,NULL,NULL,NULL,19.00,14.00,19.00,679.00,'2022-01-04 21:11:19','2022-01-04 21:11:19',NULL,0,'in_stock',0,'Botble\\ACL\\Models\\User',NULL),(63,'MacSafe 80W',NULL,NULL,'published','[\"products\\/14.jpg\"]','HS-118-A0',0,10,0,1,0,4,1,0,123,NULL,NULL,NULL,17.00,17.00,11.00,670.00,'2022-01-04 21:11:19','2022-01-04 21:11:19',NULL,0,'in_stock',0,'Botble\\ACL\\Models\\User',NULL),(64,'MacSafe 80W',NULL,NULL,'published','[\"products\\/14-1.jpg\"]','HS-118-A0-A1',0,10,0,1,0,4,1,0,123,NULL,NULL,NULL,17.00,17.00,11.00,670.00,'2022-01-04 21:11:19','2022-01-04 21:11:19',NULL,0,'in_stock',0,'Botble\\ACL\\Models\\User',NULL),(65,'Hand playstation',NULL,NULL,'published','[\"products\\/15.jpg\"]','HS-164-A0',0,11,0,1,0,4,1,0,125,NULL,NULL,NULL,12.00,15.00,12.00,740.00,'2022-01-04 21:11:19','2022-01-04 21:11:19',NULL,0,'in_stock',0,'Botble\\ACL\\Models\\User',NULL),(66,'Hand playstation',NULL,NULL,'published','[\"products\\/15-1.jpg\"]','HS-164-A0-A1',0,11,0,1,0,4,1,0,125,NULL,NULL,NULL,12.00,15.00,12.00,740.00,'2022-01-04 21:11:19','2022-01-04 21:11:19',NULL,0,'in_stock',0,'Botble\\ACL\\Models\\User',NULL),(67,'Apple Airpods Serial 3',NULL,NULL,'published','[\"products\\/16.jpg\"]','HS-117-A0',0,15,0,1,0,2,1,0,120,100.8,NULL,NULL,15.00,11.00,18.00,513.00,'2022-01-04 21:11:19','2022-01-04 21:11:19',NULL,0,'in_stock',0,'Botble\\ACL\\Models\\User',NULL),(68,'Apple Airpods Serial 3',NULL,NULL,'published','[\"products\\/16.jpg\"]','HS-117-A0-A1',0,15,0,1,0,2,1,0,120,94.8,NULL,NULL,15.00,11.00,18.00,513.00,'2022-01-04 21:11:19','2022-01-04 21:11:19',NULL,0,'in_stock',0,'Botble\\ACL\\Models\\User',NULL),(69,'Apple Airpods Serial 3',NULL,NULL,'published','[\"products\\/16.jpg\"]','HS-117-A0-A2',0,15,0,1,0,2,1,0,120,105.6,NULL,NULL,15.00,11.00,18.00,513.00,'2022-01-04 21:11:19','2022-01-04 21:11:19',NULL,0,'in_stock',0,'Botble\\ACL\\Models\\User',NULL),(70,'Cool Smart Watches',NULL,NULL,'published','[\"products\\/17.jpg\"]','HS-190-A0',0,13,0,1,0,1,1,0,130,NULL,NULL,NULL,14.00,18.00,20.00,698.00,'2022-01-04 21:11:19','2022-01-04 21:11:19',NULL,0,'in_stock',0,'Botble\\ACL\\Models\\User',NULL),(71,'Cool Smart Watches',NULL,NULL,'published','[\"products\\/17.jpg\"]','HS-190-A0-A1',0,13,0,1,0,1,1,0,130,NULL,NULL,NULL,14.00,18.00,20.00,698.00,'2022-01-04 21:11:19','2022-01-04 21:11:19',NULL,0,'in_stock',0,'Botble\\ACL\\Models\\User',NULL),(72,'Cool Smart Watches',NULL,NULL,'published','[\"products\\/17.jpg\"]','HS-190-A0-A2',0,13,0,1,0,1,1,0,130,NULL,NULL,NULL,14.00,18.00,20.00,698.00,'2022-01-04 21:11:19','2022-01-04 21:11:19',NULL,0,'in_stock',0,'Botble\\ACL\\Models\\User',NULL),(73,'Black Smart Watches',NULL,NULL,'published','[\"products\\/18.jpg\"]','HS-194-A0',0,20,0,1,0,2,1,0,110,NULL,NULL,NULL,17.00,15.00,16.00,634.00,'2022-01-04 21:11:19','2022-01-04 21:11:19',NULL,0,'in_stock',0,'Botble\\ACL\\Models\\User',NULL),(74,'Black Smart Watches',NULL,NULL,'published','[\"products\\/18-1.jpg\"]','HS-194-A0-A1',0,20,0,1,0,2,1,0,110,NULL,NULL,NULL,17.00,15.00,16.00,634.00,'2022-01-04 21:11:19','2022-01-04 21:11:19',NULL,0,'in_stock',0,'Botble\\ACL\\Models\\User',NULL),(75,'Leather Watch Band Serial 3',NULL,NULL,'published','[\"products\\/19.jpg\"]','HS-106-A0',0,11,0,1,0,3,1,0,122,NULL,NULL,NULL,20.00,17.00,18.00,578.00,'2022-01-04 21:11:19','2022-01-04 21:11:19',NULL,0,'in_stock',0,'Botble\\ACL\\Models\\User',NULL),(76,'Leather Watch Band Serial 3',NULL,NULL,'published','[\"products\\/19-1.jpg\"]','HS-106-A0-A1',0,11,0,1,0,3,1,0,122,NULL,NULL,NULL,20.00,17.00,18.00,578.00,'2022-01-04 21:11:19','2022-01-04 21:11:19',NULL,0,'in_stock',0,'Botble\\ACL\\Models\\User',NULL),(77,'Leather Watch Band Serial 3',NULL,NULL,'published','[\"products\\/19.jpg\"]','HS-106-A0-A2',0,11,0,1,0,3,1,0,122,NULL,NULL,NULL,20.00,17.00,18.00,578.00,'2022-01-04 21:11:19','2022-01-04 21:11:19',NULL,0,'in_stock',0,'Botble\\ACL\\Models\\User',NULL),(78,'Macbook Pro 2015 13 inch',NULL,NULL,'published','[\"products\\/20.jpg\"]','HS-109-A0',0,11,0,1,0,7,1,0,116,93.96,NULL,NULL,13.00,11.00,11.00,706.00,'2022-01-04 21:11:19','2022-01-04 21:11:19',NULL,0,'in_stock',0,'Botble\\ACL\\Models\\User',NULL),(79,'Macbook Pro 2015 13 inch',NULL,NULL,'published','[\"products\\/20-1.jpg\"]','HS-109-A0-A1',0,11,0,1,0,7,1,0,116,98.6,NULL,NULL,13.00,11.00,11.00,706.00,'2022-01-04 21:11:19','2022-01-04 21:11:19',NULL,0,'in_stock',0,'Botble\\ACL\\Models\\User',NULL),(80,'Historic Alarm Clock',NULL,NULL,'published','[\"products\\/21.jpg\"]','HS-197-A0',0,19,0,1,0,4,1,0,118,NULL,NULL,NULL,18.00,13.00,16.00,648.00,'2022-01-04 21:11:19','2022-01-04 21:11:19',NULL,0,'in_stock',0,'Botble\\ACL\\Models\\User',NULL),(81,'Historic Alarm Clock',NULL,NULL,'published','[\"products\\/21-1.jpg\"]','HS-197-A0-A1',0,19,0,1,0,4,1,0,118,NULL,NULL,NULL,18.00,13.00,16.00,648.00,'2022-01-04 21:11:19','2022-01-04 21:11:19',NULL,0,'in_stock',0,'Botble\\ACL\\Models\\User',NULL),(82,'Black Glasses',NULL,NULL,'published','[\"products\\/22.jpg\"]','HS-112-A0',0,14,0,1,0,2,1,0,120,NULL,NULL,NULL,16.00,11.00,16.00,763.00,'2022-01-04 21:11:19','2022-01-04 21:11:19',NULL,0,'in_stock',0,'Botble\\ACL\\Models\\User',NULL),(83,'Black Glasses',NULL,NULL,'published','[\"products\\/22-1.jpg\"]','HS-112-A0-A1',0,14,0,1,0,2,1,0,120,NULL,NULL,NULL,16.00,11.00,16.00,763.00,'2022-01-04 21:11:19','2022-01-04 21:11:19',NULL,0,'in_stock',0,'Botble\\ACL\\Models\\User',NULL),(84,'Black Glasses',NULL,NULL,'published','[\"products\\/22.jpg\"]','HS-112-A0-A2',0,14,0,1,0,2,1,0,120,NULL,NULL,NULL,16.00,11.00,16.00,763.00,'2022-01-04 21:11:19','2022-01-04 21:11:19',NULL,0,'in_stock',0,'Botble\\ACL\\Models\\User',NULL),(85,'Black Glasses',NULL,NULL,'published','[\"products\\/22.jpg\"]','HS-112-A0-A3',0,14,0,1,0,2,1,0,120,NULL,NULL,NULL,16.00,11.00,16.00,763.00,'2022-01-04 21:11:19','2022-01-04 21:11:19',NULL,0,'in_stock',0,'Botble\\ACL\\Models\\User',NULL),(86,'Phillips Mouse',NULL,NULL,'published','[\"products\\/23.jpg\"]','HS-191-A0',0,16,0,1,0,4,1,0,113,NULL,NULL,NULL,17.00,19.00,16.00,722.00,'2022-01-04 21:11:19','2022-01-04 21:11:19',NULL,0,'in_stock',0,'Botble\\ACL\\Models\\User',NULL),(87,'Phillips Mouse',NULL,NULL,'published','[\"products\\/23-1.jpg\"]','HS-191-A0-A1',0,16,0,1,0,4,1,0,113,NULL,NULL,NULL,17.00,19.00,16.00,722.00,'2022-01-04 21:11:19','2022-01-04 21:11:19',NULL,0,'in_stock',0,'Botble\\ACL\\Models\\User',NULL),(88,'Gaming Keyboard',NULL,NULL,'published','[\"products\\/24.jpg\"]','HS-199-A0',0,11,0,1,0,1,1,0,130,110.5,NULL,NULL,13.00,12.00,10.00,744.00,'2022-01-04 21:11:19','2022-01-04 21:11:19',NULL,0,'in_stock',0,'Botble\\ACL\\Models\\User',NULL),(89,'Gaming Keyboard',NULL,NULL,'published','[\"products\\/24-1.jpg\"]','HS-199-A0-A1',0,11,0,1,0,1,1,0,130,105.3,NULL,NULL,13.00,12.00,10.00,744.00,'2022-01-04 21:11:19','2022-01-04 21:11:19',NULL,0,'in_stock',0,'Botble\\ACL\\Models\\User',NULL);
/*!40000 ALTER TABLE `ec_products` ENABLE KEYS */;
UNLOCK TABLES;

--
-- Table structure for table `ec_products_translations`
--

DROP TABLE IF EXISTS `ec_products_translations`;
/*!40101 SET @saved_cs_client     = @@character_set_client */;
/*!40101 SET character_set_client = utf8 */;
CREATE TABLE `ec_products_translations` (
  `lang_code` varchar(191) COLLATE utf8mb4_unicode_ci NOT NULL,
  `ec_products_id` int(11) NOT NULL,
  `name` varchar(191) COLLATE utf8mb4_unicode_ci DEFAULT NULL,
  `description` text COLLATE utf8mb4_unicode_ci DEFAULT NULL,
  `content` text COLLATE utf8mb4_unicode_ci DEFAULT NULL,
  PRIMARY KEY (`lang_code`,`ec_products_id`)
) ENGINE=InnoDB DEFAULT CHARSET=utf8mb4 COLLATE=utf8mb4_unicode_ci;
/*!40101 SET character_set_client = @saved_cs_client */;

--
-- Dumping data for table `ec_products_translations`
--

LOCK TABLES `ec_products_translations` WRITE;
/*!40000 ALTER TABLE `ec_products_translations` DISABLE KEYS */;
INSERT INTO `ec_products_translations` VALUES ('vi',1,'Loa thông minh',NULL,NULL),('vi',2,'Tai nghe Ultra Bass',NULL,NULL),('vi',3,'Tai nghe Bluetooth',NULL,NULL),('vi',4,'Chikie - Loa Bluetooth',NULL,NULL),('vi',5,'Camera Hikvision HK-35VS8',NULL,NULL),('vi',6,'Camera Samsung SS-24',NULL,NULL),('vi',7,'Dây đeo đồng hồ da',NULL,NULL),('vi',8,'Điện thoại Apple iPhone 13 Plus',NULL,NULL),('vi',9,'Máy tính Macbook Pro 2015',NULL,NULL),('vi',10,'Máy tính Macbook Air 12 inch',NULL,NULL),('vi',11,'Đồng hồ Apple Serial 7',NULL,NULL),('vi',12,'Máy tính Macbook Pro 13 inch',NULL,NULL),('vi',13,'Bàn phím Apple',NULL,NULL),('vi',14,'Cục sạc MacSafe 80W',NULL,NULL),('vi',15,'Tay cầm chơi game',NULL,NULL),('vi',16,'Apple Airpods Serial 3',NULL,NULL),('vi',17,'Cool Smart Watches',NULL,NULL),('vi',18,'Black Smart Watches',NULL,NULL),('vi',19,'Leather Watch Band Serial 3',NULL,NULL),('vi',20,'Macbook Pro 2015 13 inch',NULL,NULL),('vi',21,'Đồng hồ báo thức cổ điển',NULL,NULL),('vi',22,'Kính đen cool ngầu',NULL,NULL),('vi',23,'Chuột máy tính Phillips',NULL,NULL),('vi',24,'Bàn phím chơi game',NULL,NULL),('vi',25,'Loa thông minh',NULL,NULL),('vi',26,'Loa thông minh',NULL,NULL),('vi',27,'Loa thông minh',NULL,NULL),('vi',28,'Loa thông minh',NULL,NULL),('vi',29,'Tai nghe Ultra Bass',NULL,NULL),('vi',30,'Tai nghe Ultra Bass',NULL,NULL),('vi',31,'Tai nghe Ultra Bass',NULL,NULL),('vi',32,'Tai nghe Bluetooth',NULL,NULL),('vi',33,'Chikie - Loa Bluetooth',NULL,NULL),('vi',34,'Chikie - Loa Bluetooth',NULL,NULL),('vi',35,'Chikie - Loa Bluetooth',NULL,NULL),('vi',36,'Chikie - Loa Bluetooth',NULL,NULL),('vi',37,'Camera Hikvision HK-35VS8',NULL,NULL),('vi',38,'Camera Hikvision HK-35VS8',NULL,NULL),('vi',39,'Camera Hikvision HK-35VS8',NULL,NULL),('vi',40,'Camera Samsung SS-24',NULL,NULL),('vi',41,'Camera Samsung SS-24',NULL,NULL),('vi',42,'Dây đeo đồng hồ da',NULL,NULL),('vi',43,'Dây đeo đồng hồ da',NULL,NULL),('vi',44,'Dây đeo đồng hồ da',NULL,NULL),('vi',45,'Điện thoại Apple iPhone 13 Plus',NULL,NULL),('vi',46,'Điện thoại Apple iPhone 13 Plus',NULL,NULL),('vi',47,'Máy tính Macbook Pro 2015',NULL,NULL),('vi',48,'Máy tính Macbook Air 12 inch',NULL,NULL),('vi',49,'Máy tính Macbook Air 12 inch',NULL,NULL),('vi',50,'Máy tính Macbook Air 12 inch',NULL,NULL),('vi',51,'Máy tính Macbook Air 12 inch',NULL,NULL),('vi',52,'Đồng hồ Apple Serial 7',NULL,NULL),('vi',53,'Đồng hồ Apple Serial 7',NULL,NULL),('vi',54,'Đồng hồ Apple Serial 7',NULL,NULL),('vi',55,'Đồng hồ Apple Serial 7',NULL,NULL),('vi',56,'Máy tính Macbook Pro 13 inch',NULL,NULL),('vi',57,'Máy tính Macbook Pro 13 inch',NULL,NULL),('vi',58,'Máy tính Macbook Pro 13 inch',NULL,NULL),('vi',59,'Bàn phím Apple',NULL,NULL),('vi',60,'Bàn phím Apple',NULL,NULL),('vi',61,'Bàn phím Apple',NULL,NULL),('vi',62,'Bàn phím Apple',NULL,NULL),('vi',63,'Cục sạc MacSafe 80W',NULL,NULL),('vi',64,'Cục sạc MacSafe 80W',NULL,NULL),('vi',65,'Tay cầm chơi game',NULL,NULL),('vi',66,'Tay cầm chơi game',NULL,NULL),('vi',67,'Apple Airpods Serial 3',NULL,NULL),('vi',68,'Apple Airpods Serial 3',NULL,NULL),('vi',69,'Apple Airpods Serial 3',NULL,NULL),('vi',70,'Cool Smart Watches',NULL,NULL),('vi',71,'Cool Smart Watches',NULL,NULL),('vi',72,'Cool Smart Watches',NULL,NULL),('vi',73,'Black Smart Watches',NULL,NULL),('vi',74,'Black Smart Watches',NULL,NULL),('vi',75,'Leather Watch Band Serial 3',NULL,NULL),('vi',76,'Leather Watch Band Serial 3',NULL,NULL),('vi',77,'Leather Watch Band Serial 3',NULL,NULL),('vi',78,'Macbook Pro 2015 13 inch',NULL,NULL),('vi',79,'Macbook Pro 2015 13 inch',NULL,NULL),('vi',80,'Đồng hồ báo thức cổ điển',NULL,NULL),('vi',81,'Đồng hồ báo thức cổ điển',NULL,NULL),('vi',82,'Kính đen cool ngầu',NULL,NULL),('vi',83,'Kính đen cool ngầu',NULL,NULL),('vi',84,'Kính đen cool ngầu',NULL,NULL),('vi',85,'Kính đen cool ngầu',NULL,NULL),('vi',86,'Chuột máy tính Phillips',NULL,NULL),('vi',87,'Chuột máy tính Phillips',NULL,NULL),('vi',88,'Bàn phím chơi game',NULL,NULL),('vi',89,'Bàn phím chơi game',NULL,NULL);
/*!40000 ALTER TABLE `ec_products_translations` ENABLE KEYS */;
UNLOCK TABLES;

--
-- Table structure for table `ec_reviews`
--

DROP TABLE IF EXISTS `ec_reviews`;
/*!40101 SET @saved_cs_client     = @@character_set_client */;
/*!40101 SET character_set_client = utf8 */;
CREATE TABLE `ec_reviews` (
  `id` bigint(20) unsigned NOT NULL AUTO_INCREMENT,
  `customer_id` int(10) unsigned NOT NULL,
  `product_id` int(10) unsigned NOT NULL,
  `star` double(8,2) NOT NULL,
  `comment` text COLLATE utf8mb4_unicode_ci NOT NULL,
  `status` varchar(60) COLLATE utf8mb4_unicode_ci NOT NULL DEFAULT 'published',
  `created_at` timestamp NULL DEFAULT NULL,
  `updated_at` timestamp NULL DEFAULT NULL,
  `images` text COLLATE utf8mb4_unicode_ci DEFAULT NULL,
  PRIMARY KEY (`id`)
) ENGINE=InnoDB AUTO_INCREMENT=101 DEFAULT CHARSET=utf8mb4 COLLATE=utf8mb4_unicode_ci;
/*!40101 SET character_set_client = @saved_cs_client */;

--
-- Dumping data for table `ec_reviews`
--

LOCK TABLES `ec_reviews` WRITE;
/*!40000 ALTER TABLE `ec_reviews` DISABLE KEYS */;
INSERT INTO `ec_reviews` VALUES (1,9,1,4.00,'For me the best eCommerce script on Envato at this moment: modern, clean code, a lot of great features. The customer support is great too: I always get an answer within hours!','published','2022-01-04 21:11:22','2022-01-04 21:11:22','[\"products\\/1.jpg\",\"products\\/6.jpg\"]'),(2,6,7,3.00,'Cool template. Excellent code quality. The support responds very quickly, which is very rare on themeforest and codecanyon.net, I buy a lot of templates, and everyone will have a response from technical support for two or three days. Thanks to tech support. I recommend to buy.','published','2022-01-04 21:11:22','2022-01-04 21:11:22','[\"products\\/1.jpg\",\"products\\/6.jpg\"]'),(3,2,12,5.00,'Second or third time that I buy a Botble product, happy with the products and support. You guys do a good job :)','published','2022-01-04 21:11:22','2022-01-04 21:11:22','[\"products\\/3.jpg\",\"products\\/6.jpg\"]'),(4,8,10,5.00,'Amazing code, amazing support. Overall, im really confident in Botble and im happy I made the right choice! Thank you so much guys for coding this masterpiece','published','2022-01-04 21:11:22','2022-01-04 21:11:22','[\"products\\/1.jpg\"]'),(5,5,20,2.00,'Second or third time that I buy a Botble product, happy with the products and support. You guys do a good job :)','published','2022-01-04 21:11:22','2022-01-04 21:11:22','[\"products\\/2.jpg\",\"products\\/6.jpg\"]'),(6,3,8,1.00,'I Love this Script. I also found how to add other fees. Now I just wait the BIG update for the Marketplace with the Bulk Import. Just do not forget to make it to be Multi-language for us the Botble Fans.','published','2022-01-04 21:11:22','2022-01-04 21:11:22','[\"products\\/1.jpg\",\"products\\/6.jpg\"]'),(7,2,5,4.00,'Solution is too robust for our purpose so we didn\'t use it at the end. But I appreciate customer support during initial configuration.','published','2022-01-04 21:11:22','2022-01-04 21:11:22','[\"products\\/1.jpg\",\"products\\/6.jpg\"]'),(8,4,19,2.00,'I Love this Script. I also found how to add other fees. Now I just wait the BIG update for the Marketplace with the Bulk Import. Just do not forget to make it to be Multi-language for us the Botble Fans.','published','2022-01-04 21:11:22','2022-01-04 21:11:22','[\"products\\/1.jpg\",\"products\\/6.jpg\"]'),(9,6,9,2.00,'It\'s not my first experience here on Codecanyon and I can honestly tell you all that Botble puts a LOT of effort into the support. They answer so fast, they helped me tons of times. REALLY by far THE BEST EXPERIENCE on Codecanyon. Those guys at Botble are so good that they deserve 5 stars. I recommend them, I trust them and I can\'t wait to see what they will sell in a near future. Thank you Botble :)','published','2022-01-04 21:11:22','2022-01-04 21:11:22','[\"products\\/4.jpg\",\"products\\/5.jpg\"]'),(10,7,5,1.00,'For me the best eCommerce script on Envato at this moment: modern, clean code, a lot of great features. The customer support is great too: I always get an answer within hours!','published','2022-01-04 21:11:22','2022-01-04 21:11:22','[\"products\\/3.jpg\",\"products\\/7.jpg\",\"products\\/19.jpg\"]'),(11,2,12,3.00,'This script is well coded and is super fast. The support is pretty quick. Very patient and helpful team. I strongly recommend it and they deserve more than 5 stars.','published','2022-01-04 21:11:22','2022-01-04 21:11:22','[\"products\\/1.jpg\",\"products\\/7.jpg\"]'),(12,1,15,1.00,'Very enthusiastic support! Excellent code is written. It\'s a true pleasure working with.','published','2022-01-04 21:11:22','2022-01-04 21:11:22','[\"products\\/4.jpg\",\"products\\/6.jpg\"]'),(13,6,10,3.00,'Second or third time that I buy a Botble product, happy with the products and support. You guys do a good job :)','published','2022-01-04 21:11:22','2022-01-04 21:11:22','{\"0\":\"products\\/1.jpg\",\"2\":\"products\\/8.jpg\"}'),(14,4,15,5.00,'This web app is really good in design, code quality & features. Besides, the customer support provided by the Botble team was really fast & helpful. You guys are awesome!','published','2022-01-04 21:11:22','2022-01-04 21:11:22','[\"products\\/3.jpg\"]'),(15,1,15,5.00,'Perfect +++++++++ i love it really also i get to fast ticket answers... Thanks Lot BOTBLE Teams','published','2022-01-04 21:11:22','2022-01-04 21:11:22','[\"products\\/4.jpg\",\"products\\/6.jpg\"]'),(16,4,7,5.00,'It\'s not my first experience here on Codecanyon and I can honestly tell you all that Botble puts a LOT of effort into the support. They answer so fast, they helped me tons of times. REALLY by far THE BEST EXPERIENCE on Codecanyon. Those guys at Botble are so good that they deserve 5 stars. I recommend them, I trust them and I can\'t wait to see what they will sell in a near future. Thank you Botble :)','published','2022-01-04 21:11:22','2022-01-04 21:11:22','[\"products\\/2.jpg\",\"products\\/6.jpg\"]'),(17,2,18,2.00,'I Love this Script. I also found how to add other fees. Now I just wait the BIG update for the Marketplace with the Bulk Import. Just do not forget to make it to be Multi-language for us the Botble Fans.','published','2022-01-04 21:11:22','2022-01-04 21:11:22','[\"products\\/4.jpg\",\"products\\/7.jpg\"]'),(18,10,22,3.00,'Clean & perfect source code','published','2022-01-04 21:11:22','2022-01-04 21:11:22','[\"products\\/1.jpg\"]'),(19,3,20,4.00,'The best ecommerce CMS! Excellent coding! best support service! Thank you so much..... I really like your hard work.','published','2022-01-04 21:11:22','2022-01-04 21:11:22','[\"products\\/2.jpg\",\"products\\/7.jpg\",\"products\\/14.jpg\"]'),(20,5,1,2.00,'Perfect +++++++++ i love it really also i get to fast ticket answers... Thanks Lot BOTBLE Teams','published','2022-01-04 21:11:22','2022-01-04 21:11:22','[\"products\\/1.jpg\"]'),(21,6,18,3.00,'Very enthusiastic support! Excellent code is written. It\'s a true pleasure working with.','published','2022-01-04 21:11:22','2022-01-04 21:11:22','[\"products\\/1.jpg\",\"products\\/5.jpg\",\"products\\/19.jpg\"]'),(22,1,18,1.00,'The code is good, in general, if you like it, can you give it 5 stars?','published','2022-01-04 21:11:22','2022-01-04 21:11:22','[\"products\\/3.jpg\",\"products\\/5.jpg\"]'),(23,7,20,4.00,'For me the best eCommerce script on Envato at this moment: modern, clean code, a lot of great features. The customer support is great too: I always get an answer within hours!','published','2022-01-04 21:11:22','2022-01-04 21:11:22','[\"products\\/1.jpg\",\"products\\/6.jpg\"]'),(24,10,18,2.00,'Great system, great support, good job Botble. I\'m looking forward to more great functional plugins.','published','2022-01-04 21:11:22','2022-01-04 21:11:22','{\"0\":\"products\\/1.jpg\",\"2\":\"products\\/15.jpg\"}'),(25,5,16,4.00,'Best ecommerce CMS online store!','published','2022-01-04 21:11:22','2022-01-04 21:11:22','[\"products\\/3.jpg\",\"products\\/6.jpg\",\"products\\/13.jpg\"]'),(26,4,11,1.00,'Amazing code, amazing support. Overall, im really confident in Botble and im happy I made the right choice! Thank you so much guys for coding this masterpiece','published','2022-01-04 21:11:22','2022-01-04 21:11:22','[\"products\\/1.jpg\"]'),(27,8,7,5.00,'This web app is really good in design, code quality & features. Besides, the customer support provided by the Botble team was really fast & helpful. You guys are awesome!','published','2022-01-04 21:11:22','2022-01-04 21:11:22','[\"products\\/2.jpg\",\"products\\/6.jpg\",\"products\\/18.jpg\"]'),(28,3,10,4.00,'Great system, great support, good job Botble. I\'m looking forward to more great functional plugins.','published','2022-01-04 21:11:22','2022-01-04 21:11:22','{\"0\":\"products\\/4.jpg\",\"2\":\"products\\/19.jpg\"}'),(29,5,5,1.00,'We have received brilliant service support and will be expanding the features with the developer. Nice product!','published','2022-01-04 21:11:22','2022-01-04 21:11:22','[\"products\\/4.jpg\"]'),(30,5,16,1.00,'Perfect +++++++++ i love it really also i get to fast ticket answers... Thanks Lot BOTBLE Teams','published','2022-01-04 21:11:22','2022-01-04 21:11:22','[\"products\\/2.jpg\",\"products\\/7.jpg\"]'),(31,5,13,3.00,'As a developer I reviewed this script. This is really awesome ecommerce script. I have convinced when I noticed that it\'s built on fully WordPress concept.','published','2022-01-04 21:11:22','2022-01-04 21:11:22','[\"products\\/1.jpg\",\"products\\/6.jpg\"]'),(32,7,8,1.00,'Great system, great support, good job Botble. I\'m looking forward to more great functional plugins.','published','2022-01-04 21:11:22','2022-01-04 21:11:22','[\"products\\/4.jpg\"]'),(33,6,4,4.00,'Clean & perfect source code','published','2022-01-04 21:11:22','2022-01-04 21:11:22','[\"products\\/3.jpg\",\"products\\/5.jpg\"]'),(34,8,21,5.00,'Ok good product. I have some issues in customizations. But its not correct to blame the developer. The product is good. Good luck for your business.','published','2022-01-04 21:11:22','2022-01-04 21:11:22','[\"products\\/4.jpg\",\"products\\/5.jpg\"]'),(35,3,2,5.00,'We have received brilliant service support and will be expanding the features with the developer. Nice product!','published','2022-01-04 21:11:22','2022-01-04 21:11:22','[\"products\\/1.jpg\"]'),(36,5,9,4.00,'This web app is really good in design, code quality & features. Besides, the customer support provided by the Botble team was really fast & helpful. You guys are awesome!','published','2022-01-04 21:11:22','2022-01-04 21:11:22','[\"products\\/1.jpg\"]'),(37,7,1,1.00,'Great E-commerce system. And much more : Wonderful Customer Support.','published','2022-01-04 21:11:22','2022-01-04 21:11:22','[\"products\\/3.jpg\",\"products\\/5.jpg\"]'),(38,1,11,2.00,'Good app, good backup service and support. Good documentation.','published','2022-01-04 21:11:22','2022-01-04 21:11:22','[\"products\\/2.jpg\",\"products\\/7.jpg\"]'),(39,1,10,5.00,'Amazing code, amazing support. Overall, im really confident in Botble and im happy I made the right choice! Thank you so much guys for coding this masterpiece','published','2022-01-04 21:11:22','2022-01-04 21:11:22','[\"products\\/4.jpg\",\"products\\/7.jpg\"]'),(40,1,9,1.00,'For me the best eCommerce script on Envato at this moment: modern, clean code, a lot of great features. The customer support is great too: I always get an answer within hours!','published','2022-01-04 21:11:22','2022-01-04 21:11:22','[\"products\\/4.jpg\"]'),(41,8,17,2.00,'Second or third time that I buy a Botble product, happy with the products and support. You guys do a good job :)','published','2022-01-04 21:11:22','2022-01-04 21:11:22','[\"products\\/3.jpg\"]'),(42,6,6,5.00,'As a developer I reviewed this script. This is really awesome ecommerce script. I have convinced when I noticed that it\'s built on fully WordPress concept.','published','2022-01-04 21:11:22','2022-01-04 21:11:22','[\"products\\/4.jpg\"]'),(43,10,2,5.00,'Second or third time that I buy a Botble product, happy with the products and support. You guys do a good job :)','published','2022-01-04 21:11:22','2022-01-04 21:11:22','{\"0\":\"products\\/4.jpg\",\"2\":\"products\\/10.jpg\"}'),(44,9,10,2.00,'Very enthusiastic support! Excellent code is written. It\'s a true pleasure working with.','published','2022-01-04 21:11:22','2022-01-04 21:11:22','[\"products\\/2.jpg\",\"products\\/6.jpg\"]'),(45,9,10,5.00,'It\'s not my first experience here on Codecanyon and I can honestly tell you all that Botble puts a LOT of effort into the support. They answer so fast, they helped me tons of times. REALLY by far THE BEST EXPERIENCE on Codecanyon. Those guys at Botble are so good that they deserve 5 stars. I recommend them, I trust them and I can\'t wait to see what they will sell in a near future. Thank you Botble :)','published','2022-01-04 21:11:22','2022-01-04 21:11:22','[\"products\\/4.jpg\",\"products\\/5.jpg\"]'),(46,9,20,3.00,'Perfect +++++++++ i love it really also i get to fast ticket answers... Thanks Lot BOTBLE Teams','published','2022-01-04 21:11:22','2022-01-04 21:11:22','[\"products\\/2.jpg\"]'),(47,3,2,4.00,'We have received brilliant service support and will be expanding the features with the developer. Nice product!','published','2022-01-04 21:11:22','2022-01-04 21:11:22','[\"products\\/3.jpg\",\"products\\/6.jpg\"]'),(48,1,1,3.00,'This web app is really good in design, code quality & features. Besides, the customer support provided by the Botble team was really fast & helpful. You guys are awesome!','published','2022-01-04 21:11:22','2022-01-04 21:11:22','[\"products\\/4.jpg\",\"products\\/6.jpg\"]'),(49,3,14,1.00,'These guys are amazing! Responses immediately, amazing support and help... I immediately feel at ease after Purchasing..','published','2022-01-04 21:11:22','2022-01-04 21:11:22','[\"products\\/3.jpg\"]'),(50,9,21,2.00,'Great system, great support, good job Botble. I\'m looking forward to more great functional plugins.','published','2022-01-04 21:11:22','2022-01-04 21:11:22','[\"products\\/1.jpg\"]'),(51,6,22,5.00,'We have received brilliant service support and will be expanding the features with the developer. Nice product!','published','2022-01-04 21:11:22','2022-01-04 21:11:22','[\"products\\/4.jpg\",\"products\\/6.jpg\"]'),(52,4,12,4.00,'Cool template. Excellent code quality. The support responds very quickly, which is very rare on themeforest and codecanyon.net, I buy a lot of templates, and everyone will have a response from technical support for two or three days. Thanks to tech support. I recommend to buy.','published','2022-01-04 21:11:22','2022-01-04 21:11:22','[\"products\\/1.jpg\",\"products\\/7.jpg\"]'),(53,5,17,5.00,'Best ecommerce CMS online store!','published','2022-01-04 21:11:22','2022-01-04 21:11:22','[\"products\\/2.jpg\",\"products\\/7.jpg\"]'),(54,5,7,3.00,'For me the best eCommerce script on Envato at this moment: modern, clean code, a lot of great features. The customer support is great too: I always get an answer within hours!','published','2022-01-04 21:11:22','2022-01-04 21:11:22','[\"products\\/4.jpg\"]'),(55,4,5,3.00,'These guys are amazing! Responses immediately, amazing support and help... I immediately feel at ease after Purchasing..','published','2022-01-04 21:11:22','2022-01-04 21:11:22','[\"products\\/4.jpg\",\"products\\/6.jpg\"]'),(56,8,8,2.00,'We have received brilliant service support and will be expanding the features with the developer. Nice product!','published','2022-01-04 21:11:22','2022-01-04 21:11:22','[\"products\\/2.jpg\",\"products\\/6.jpg\"]'),(57,1,16,3.00,'Customer Support are grade (A*), however the code is a way too over engineered for it\'s purpose.','published','2022-01-04 21:11:22','2022-01-04 21:11:22','[\"products\\/1.jpg\",\"products\\/7.jpg\",\"products\\/18.jpg\"]'),(58,2,17,5.00,'Cool template. Excellent code quality. The support responds very quickly, which is very rare on themeforest and codecanyon.net, I buy a lot of templates, and everyone will have a response from technical support for two or three days. Thanks to tech support. I recommend to buy.','published','2022-01-04 21:11:22','2022-01-04 21:11:22','[\"products\\/1.jpg\",\"products\\/7.jpg\",\"products\\/8.jpg\"]'),(59,9,11,5.00,'Those guys now what they are doing, the release such a good product that it\'s a pleasure to work with ! Even when I was stuck on the project, I created a ticket and the next day it was replied by the team. GOOD JOB guys. I love working with them :)','published','2022-01-04 21:11:22','2022-01-04 21:11:22','[\"products\\/3.jpg\"]'),(60,4,15,3.00,'Great E-commerce system. And much more : Wonderful Customer Support.','published','2022-01-04 21:11:22','2022-01-04 21:11:22','[\"products\\/3.jpg\",\"products\\/6.jpg\"]'),(61,8,3,5.00,'Amazing code, amazing support. Overall, im really confident in Botble and im happy I made the right choice! Thank you so much guys for coding this masterpiece','published','2022-01-04 21:11:22','2022-01-04 21:11:22','[\"products\\/3.jpg\",\"products\\/5.jpg\"]'),(62,10,23,2.00,'It\'s not my first experience here on Codecanyon and I can honestly tell you all that Botble puts a LOT of effort into the support. They answer so fast, they helped me tons of times. REALLY by far THE BEST EXPERIENCE on Codecanyon. Those guys at Botble are so good that they deserve 5 stars. I recommend them, I trust them and I can\'t wait to see what they will sell in a near future. Thank you Botble :)','published','2022-01-04 21:11:22','2022-01-04 21:11:22','[\"products\\/3.jpg\",\"products\\/6.jpg\"]'),(63,9,5,4.00,'The best ecommerce CMS! Excellent coding! best support service! Thank you so much..... I really like your hard work.','published','2022-01-04 21:11:22','2022-01-04 21:11:22','[\"products\\/1.jpg\",\"products\\/7.jpg\"]'),(64,7,9,5.00,'Second or third time that I buy a Botble product, happy with the products and support. You guys do a good job :)','published','2022-01-04 21:11:22','2022-01-04 21:11:22','[\"products\\/2.jpg\"]'),(65,5,4,1.00,'Those guys now what they are doing, the release such a good product that it\'s a pleasure to work with ! Even when I was stuck on the project, I created a ticket and the next day it was replied by the team. GOOD JOB guys. I love working with them :)','published','2022-01-04 21:11:22','2022-01-04 21:11:22','[\"products\\/3.jpg\",\"products\\/7.jpg\",\"products\\/16.jpg\"]'),(66,10,14,3.00,'Cool template. Excellent code quality. The support responds very quickly, which is very rare on themeforest and codecanyon.net, I buy a lot of templates, and everyone will have a response from technical support for two or three days. Thanks to tech support. I recommend to buy.','published','2022-01-04 21:11:22','2022-01-04 21:11:22','[\"products\\/2.jpg\"]'),(67,1,2,1.00,'These guys are amazing! Responses immediately, amazing support and help... I immediately feel at ease after Purchasing..','published','2022-01-04 21:11:22','2022-01-04 21:11:22','[\"products\\/3.jpg\",\"products\\/6.jpg\"]'),(68,7,24,3.00,'The code is good, in general, if you like it, can you give it 5 stars?','published','2022-01-04 21:11:22','2022-01-04 21:11:22','[\"products\\/4.jpg\",\"products\\/6.jpg\",\"products\\/12.jpg\"]'),(69,5,14,5.00,'Clean & perfect source code','published','2022-01-04 21:11:22','2022-01-04 21:11:22','[\"products\\/2.jpg\",\"products\\/7.jpg\",\"products\\/16.jpg\"]'),(70,2,10,2.00,'Solution is too robust for our purpose so we didn\'t use it at the end. But I appreciate customer support during initial configuration.','published','2022-01-04 21:11:22','2022-01-04 21:11:22','[\"products\\/4.jpg\",\"products\\/7.jpg\"]'),(71,8,2,2.00,'Ok good product. I have some issues in customizations. But its not correct to blame the developer. The product is good. Good luck for your business.','published','2022-01-04 21:11:22','2022-01-04 21:11:22','[\"products\\/2.jpg\",\"products\\/6.jpg\"]'),(72,10,3,2.00,'Best ecommerce CMS online store!','published','2022-01-04 21:11:22','2022-01-04 21:11:22','[\"products\\/2.jpg\"]'),(73,5,15,5.00,'As a developer I reviewed this script. This is really awesome ecommerce script. I have convinced when I noticed that it\'s built on fully WordPress concept.','published','2022-01-04 21:11:22','2022-01-04 21:11:22','[\"products\\/4.jpg\",\"products\\/7.jpg\"]'),(74,7,14,5.00,'The best ecommerce CMS! Excellent coding! best support service! Thank you so much..... I really like your hard work.','published','2022-01-04 21:11:22','2022-01-04 21:11:22','[\"products\\/3.jpg\",\"products\\/7.jpg\"]'),(75,8,14,5.00,'The best store template! Excellent coding! Very good support! Thank you so much for all the help, I really appreciated.','published','2022-01-04 21:11:22','2022-01-04 21:11:22','[\"products\\/2.jpg\",\"products\\/7.jpg\",\"products\\/16.jpg\"]'),(76,10,16,5.00,'Solution is too robust for our purpose so we didn\'t use it at the end. But I appreciate customer support during initial configuration.','published','2022-01-04 21:11:22','2022-01-04 21:11:22','{\"0\":\"products\\/2.jpg\",\"2\":\"products\\/10.jpg\"}'),(77,2,20,3.00,'Great E-commerce system. And much more : Wonderful Customer Support.','published','2022-01-04 21:11:22','2022-01-04 21:11:22','[\"products\\/2.jpg\"]'),(78,7,17,2.00,'Cool template. Excellent code quality. The support responds very quickly, which is very rare on themeforest and codecanyon.net, I buy a lot of templates, and everyone will have a response from technical support for two or three days. Thanks to tech support. I recommend to buy.','published','2022-01-04 21:11:22','2022-01-04 21:11:22','{\"0\":\"products\\/4.jpg\",\"2\":\"products\\/20.jpg\"}'),(79,8,14,1.00,'This web app is really good in design, code quality & features. Besides, the customer support provided by the Botble team was really fast & helpful. You guys are awesome!','published','2022-01-04 21:11:22','2022-01-04 21:11:22','[\"products\\/3.jpg\"]'),(80,1,24,4.00,'Customer Support are grade (A*), however the code is a way too over engineered for it\'s purpose.','published','2022-01-04 21:11:22','2022-01-04 21:11:22','[\"products\\/4.jpg\",\"products\\/5.jpg\"]'),(81,9,22,1.00,'We have received brilliant service support and will be expanding the features with the developer. Nice product!','published','2022-01-04 21:11:22','2022-01-04 21:11:22','[\"products\\/3.jpg\"]'),(82,9,20,5.00,'Great system, great support, good job Botble. I\'m looking forward to more great functional plugins.','published','2022-01-04 21:11:22','2022-01-04 21:11:22','[\"products\\/4.jpg\"]'),(83,6,7,5.00,'These guys are amazing! Responses immediately, amazing support and help... I immediately feel at ease after Purchasing..','published','2022-01-04 21:11:22','2022-01-04 21:11:22','[\"products\\/3.jpg\",\"products\\/6.jpg\"]'),(84,2,20,4.00,'For me the best eCommerce script on Envato at this moment: modern, clean code, a lot of great features. The customer support is great too: I always get an answer within hours!','published','2022-01-04 21:11:22','2022-01-04 21:11:22','[\"products\\/3.jpg\",\"products\\/6.jpg\",\"products\\/15.jpg\"]'),(85,10,6,4.00,'This script is well coded and is super fast. The support is pretty quick. Very patient and helpful team. I strongly recommend it and they deserve more than 5 stars.','published','2022-01-04 21:11:22','2022-01-04 21:11:22','[\"products\\/3.jpg\"]'),(86,4,13,3.00,'I Love this Script. I also found how to add other fees. Now I just wait the BIG update for the Marketplace with the Bulk Import. Just do not forget to make it to be Multi-language for us the Botble Fans.','published','2022-01-04 21:11:22','2022-01-04 21:11:22','[\"products\\/1.jpg\",\"products\\/7.jpg\",\"products\\/15.jpg\"]'),(87,5,16,3.00,'I Love this Script. I also found how to add other fees. Now I just wait the BIG update for the Marketplace with the Bulk Import. Just do not forget to make it to be Multi-language for us the Botble Fans.','published','2022-01-04 21:11:22','2022-01-04 21:11:22','[\"products\\/3.jpg\",\"products\\/7.jpg\",\"products\\/10.jpg\"]'),(88,4,2,4.00,'We have received brilliant service support and will be expanding the features with the developer. Nice product!','published','2022-01-04 21:11:22','2022-01-04 21:11:22','[\"products\\/4.jpg\"]'),(89,10,4,4.00,'Cool template. Excellent code quality. The support responds very quickly, which is very rare on themeforest and codecanyon.net, I buy a lot of templates, and everyone will have a response from technical support for two or three days. Thanks to tech support. I recommend to buy.','published','2022-01-04 21:11:22','2022-01-04 21:11:22','[\"products\\/3.jpg\"]'),(90,1,13,1.00,'Cool template. Excellent code quality. The support responds very quickly, which is very rare on themeforest and codecanyon.net, I buy a lot of templates, and everyone will have a response from technical support for two or three days. Thanks to tech support. I recommend to buy.','published','2022-01-04 21:11:22','2022-01-04 21:11:22','[\"products\\/4.jpg\",\"products\\/5.jpg\"]'),(91,2,12,1.00,'Perfect +++++++++ i love it really also i get to fast ticket answers... Thanks Lot BOTBLE Teams','published','2022-01-04 21:11:22','2022-01-04 21:11:22','[\"products\\/2.jpg\"]'),(92,4,5,2.00,'Great system, great support, good job Botble. I\'m looking forward to more great functional plugins.','published','2022-01-04 21:11:22','2022-01-04 21:11:22','[\"products\\/3.jpg\"]'),(93,2,20,5.00,'Great system, great support, good job Botble. I\'m looking forward to more great functional plugins.','published','2022-01-04 21:11:22','2022-01-04 21:11:22','[\"products\\/1.jpg\",\"products\\/5.jpg\"]'),(94,5,17,2.00,'It\'s not my first experience here on Codecanyon and I can honestly tell you all that Botble puts a LOT of effort into the support. They answer so fast, they helped me tons of times. REALLY by far THE BEST EXPERIENCE on Codecanyon. Those guys at Botble are so good that they deserve 5 stars. I recommend them, I trust them and I can\'t wait to see what they will sell in a near future. Thank you Botble :)','published','2022-01-04 21:11:22','2022-01-04 21:11:22','[\"products\\/1.jpg\"]'),(95,6,1,3.00,'Amazing code, amazing support. Overall, im really confident in Botble and im happy I made the right choice! Thank you so much guys for coding this masterpiece','published','2022-01-04 21:11:22','2022-01-04 21:11:22','[\"products\\/2.jpg\"]'),(96,9,9,3.00,'Great E-commerce system. And much more : Wonderful Customer Support.','published','2022-01-04 21:11:22','2022-01-04 21:11:22','[\"products\\/3.jpg\",\"products\\/6.jpg\",\"products\\/9.jpg\"]'),(97,3,18,1.00,'Perfect +++++++++ i love it really also i get to fast ticket answers... Thanks Lot BOTBLE Teams','published','2022-01-04 21:11:22','2022-01-04 21:11:22','[\"products\\/1.jpg\"]'),(98,3,14,2.00,'Clean & perfect source code','published','2022-01-04 21:11:22','2022-01-04 21:11:22','[\"products\\/4.jpg\",\"products\\/7.jpg\"]'),(99,3,21,2.00,'It\'s not my first experience here on Codecanyon and I can honestly tell you all that Botble puts a LOT of effort into the support. They answer so fast, they helped me tons of times. REALLY by far THE BEST EXPERIENCE on Codecanyon. Those guys at Botble are so good that they deserve 5 stars. I recommend them, I trust them and I can\'t wait to see what they will sell in a near future. Thank you Botble :)','published','2022-01-04 21:11:22','2022-01-04 21:11:22','[\"products\\/1.jpg\",\"products\\/7.jpg\",\"products\\/17.jpg\"]'),(100,10,22,2.00,'Cool template. Excellent code quality. The support responds very quickly, which is very rare on themeforest and codecanyon.net, I buy a lot of templates, and everyone will have a response from technical support for two or three days. Thanks to tech support. I recommend to buy.','published','2022-01-04 21:11:22','2022-01-04 21:11:22','[\"products\\/3.jpg\"]');
/*!40000 ALTER TABLE `ec_reviews` ENABLE KEYS */;
UNLOCK TABLES;

--
-- Table structure for table `ec_shipment_histories`
--

DROP TABLE IF EXISTS `ec_shipment_histories`;
/*!40101 SET @saved_cs_client     = @@character_set_client */;
/*!40101 SET character_set_client = utf8 */;
CREATE TABLE `ec_shipment_histories` (
  `id` bigint(20) unsigned NOT NULL AUTO_INCREMENT,
  `action` varchar(120) COLLATE utf8mb4_unicode_ci NOT NULL,
  `description` varchar(255) COLLATE utf8mb4_unicode_ci NOT NULL,
  `user_id` int(10) unsigned DEFAULT NULL,
  `shipment_id` int(10) unsigned NOT NULL,
  `order_id` int(10) unsigned NOT NULL,
  `created_at` timestamp NULL DEFAULT NULL,
  `updated_at` timestamp NULL DEFAULT NULL,
  PRIMARY KEY (`id`)
) ENGINE=InnoDB AUTO_INCREMENT=53 DEFAULT CHARSET=utf8mb4 COLLATE=utf8mb4_unicode_ci;
/*!40101 SET character_set_client = @saved_cs_client */;

--
-- Dumping data for table `ec_shipment_histories`
--

LOCK TABLES `ec_shipment_histories` WRITE;
/*!40000 ALTER TABLE `ec_shipment_histories` DISABLE KEYS */;
INSERT INTO `ec_shipment_histories` VALUES (1,'create_from_order','Shipping was created from order %order_id%',0,1,1,'2021-12-30 21:11:23','2021-12-30 21:11:23'),(2,'update_status','Changed status of shipping to : Approved . Updated by: %user_name%',0,1,1,'2022-01-03 05:11:23','2022-01-04 21:11:23'),(3,'update_cod_status','Updated COD status to Completed . Updated by: %user_name%',0,1,1,'2022-01-04 21:11:23','2022-01-04 21:11:23'),(4,'update_status','Changed status of shipping to : Delivered . Updated by: %user_name%',0,1,1,'2022-01-04 21:11:23','2022-01-04 21:11:23'),(5,'create_from_order','Shipping was created from order %order_id%',0,2,2,'2021-12-27 23:11:23','2021-12-27 23:11:23'),(6,'update_status','Changed status of shipping to : Approved . Updated by: %user_name%',0,2,2,'2022-01-03 07:11:23','2022-01-04 21:11:23'),(7,'create_from_order','Shipping was created from order %order_id%',0,3,3,'2021-12-28 09:11:23','2021-12-28 09:11:23'),(8,'update_status','Changed status of shipping to : Approved . Updated by: %user_name%',0,3,3,'2022-01-03 09:11:23','2022-01-04 21:11:23'),(9,'create_from_order','Shipping was created from order %order_id%',0,4,4,'2021-12-28 19:11:23','2021-12-28 19:11:23'),(10,'update_status','Changed status of shipping to : Approved . Updated by: %user_name%',0,4,4,'2022-01-03 11:11:23','2022-01-04 21:11:23'),(11,'create_from_order','Shipping was created from order %order_id%',0,5,5,'2021-12-27 21:11:23','2021-12-27 21:11:23'),(12,'update_status','Changed status of shipping to : Approved . Updated by: %user_name%',0,5,5,'2022-01-03 13:11:23','2022-01-04 21:11:23'),(13,'update_status','Changed status of shipping to : Delivered . Updated by: %user_name%',0,5,5,'2022-01-04 21:11:23','2022-01-04 21:11:23'),(14,'create_from_order','Shipping was created from order %order_id%',0,6,6,'2021-12-23 09:11:23','2021-12-23 09:11:23'),(15,'update_status','Changed status of shipping to : Approved . Updated by: %user_name%',0,6,6,'2022-01-03 15:11:23','2022-01-04 21:11:23'),(16,'update_status','Changed status of shipping to : Delivered . Updated by: %user_name%',0,6,6,'2022-01-04 21:11:23','2022-01-04 21:11:23'),(17,'create_from_order','Shipping was created from order %order_id%',0,7,7,'2021-12-24 05:11:23','2021-12-24 05:11:23'),(18,'update_status','Changed status of shipping to : Approved . Updated by: %user_name%',0,7,7,'2022-01-03 17:11:23','2022-01-04 21:11:23'),(19,'create_from_order','Shipping was created from order %order_id%',0,8,8,'2021-12-25 01:11:23','2021-12-25 01:11:23'),(20,'update_status','Changed status of shipping to : Approved . Updated by: %user_name%',0,8,8,'2022-01-03 19:11:23','2022-01-04 21:11:23'),(21,'update_status','Changed status of shipping to : Delivered . Updated by: %user_name%',0,8,8,'2022-01-04 21:11:23','2022-01-04 21:11:23'),(22,'create_from_order','Shipping was created from order %order_id%',0,9,9,'2021-12-31 21:11:23','2021-12-31 21:11:23'),(23,'update_status','Changed status of shipping to : Approved . Updated by: %user_name%',0,9,9,'2022-01-03 21:11:23','2022-01-04 21:11:23'),(24,'update_status','Changed status of shipping to : Delivered . Updated by: %user_name%',0,9,9,'2022-01-04 21:11:23','2022-01-04 21:11:23'),(25,'create_from_order','Shipping was created from order %order_id%',0,10,10,'2021-12-30 09:11:23','2021-12-30 09:11:23'),(26,'update_status','Changed status of shipping to : Approved . Updated by: %user_name%',0,10,10,'2022-01-03 23:11:23','2022-01-04 21:11:23'),(27,'create_from_order','Shipping was created from order %order_id%',0,11,11,'2021-12-31 17:11:23','2021-12-31 17:11:23'),(28,'update_status','Changed status of shipping to : Approved . Updated by: %user_name%',0,11,11,'2022-01-04 01:11:23','2022-01-04 21:11:23'),(29,'create_from_order','Shipping was created from order %order_id%',0,12,12,'2022-01-03 09:11:23','2022-01-03 09:11:23'),(30,'update_status','Changed status of shipping to : Approved . Updated by: %user_name%',0,12,12,'2022-01-04 03:11:23','2022-01-04 21:11:23'),(31,'update_status','Changed status of shipping to : Delivered . Updated by: %user_name%',0,12,12,'2022-01-04 21:11:23','2022-01-04 21:11:23'),(32,'create_from_order','Shipping was created from order %order_id%',0,13,13,'2022-01-03 13:11:23','2022-01-03 13:11:23'),(33,'update_status','Changed status of shipping to : Approved . Updated by: %user_name%',0,13,13,'2022-01-04 05:11:23','2022-01-04 21:11:23'),(34,'update_status','Changed status of shipping to : Delivered . Updated by: %user_name%',0,13,13,'2022-01-04 21:11:23','2022-01-04 21:11:23'),(35,'create_from_order','Shipping was created from order %order_id%',0,14,14,'2021-12-31 05:11:23','2021-12-31 05:11:23'),(36,'update_status','Changed status of shipping to : Approved . Updated by: %user_name%',0,14,14,'2022-01-04 07:11:24','2022-01-04 21:11:24'),(37,'update_status','Changed status of shipping to : Delivered . Updated by: %user_name%',0,14,14,'2022-01-04 21:11:24','2022-01-04 21:11:24'),(38,'create_from_order','Shipping was created from order %order_id%',0,15,15,'2022-01-01 21:11:24','2022-01-01 21:11:24'),(39,'update_status','Changed status of shipping to : Approved . Updated by: %user_name%',0,15,15,'2022-01-04 09:11:24','2022-01-04 21:11:24'),(40,'update_cod_status','Updated COD status to Completed . Updated by: %user_name%',0,15,15,'2022-01-04 21:11:24','2022-01-04 21:11:24'),(41,'update_status','Changed status of shipping to : Delivered . Updated by: %user_name%',0,15,15,'2022-01-04 21:11:24','2022-01-04 21:11:24'),(42,'create_from_order','Shipping was created from order %order_id%',0,16,16,'2022-01-03 15:11:24','2022-01-03 15:11:24'),(43,'update_status','Changed status of shipping to : Approved . Updated by: %user_name%',0,16,16,'2022-01-04 11:11:24','2022-01-04 21:11:24'),(44,'update_status','Changed status of shipping to : Delivered . Updated by: %user_name%',0,16,16,'2022-01-04 21:11:24','2022-01-04 21:11:24'),(45,'create_from_order','Shipping was created from order %order_id%',0,17,17,'2022-01-03 13:11:24','2022-01-03 13:11:24'),(46,'update_status','Changed status of shipping to : Approved . Updated by: %user_name%',0,17,17,'2022-01-04 13:11:24','2022-01-04 21:11:24'),(47,'create_from_order','Shipping was created from order %order_id%',0,18,18,'2022-01-02 21:11:24','2022-01-02 21:11:24'),(48,'update_status','Changed status of shipping to : Approved . Updated by: %user_name%',0,18,18,'2022-01-04 15:11:24','2022-01-04 21:11:24'),(49,'create_from_order','Shipping was created from order %order_id%',0,19,19,'2022-01-03 17:11:24','2022-01-03 17:11:24'),(50,'update_status','Changed status of shipping to : Approved . Updated by: %user_name%',0,19,19,'2022-01-04 17:11:24','2022-01-04 21:11:24'),(51,'create_from_order','Shipping was created from order %order_id%',0,20,20,'2022-01-04 09:11:24','2022-01-04 09:11:24'),(52,'update_status','Changed status of shipping to : Approved . Updated by: %user_name%',0,20,20,'2022-01-04 19:11:24','2022-01-04 21:11:24');
/*!40000 ALTER TABLE `ec_shipment_histories` ENABLE KEYS */;
UNLOCK TABLES;

--
-- Table structure for table `ec_shipments`
--

DROP TABLE IF EXISTS `ec_shipments`;
/*!40101 SET @saved_cs_client     = @@character_set_client */;
/*!40101 SET character_set_client = utf8 */;
CREATE TABLE `ec_shipments` (
  `id` bigint(20) unsigned NOT NULL AUTO_INCREMENT,
  `order_id` int(10) unsigned NOT NULL,
  `user_id` int(10) unsigned DEFAULT NULL,
  `weight` double(8,2) DEFAULT 0.00,
  `shipment_id` varchar(120) COLLATE utf8mb4_unicode_ci DEFAULT NULL,
  `note` varchar(120) COLLATE utf8mb4_unicode_ci DEFAULT NULL,
  `status` varchar(120) COLLATE utf8mb4_unicode_ci NOT NULL DEFAULT 'pending',
  `cod_amount` decimal(15,2) DEFAULT 0.00,
  `cod_status` varchar(60) COLLATE utf8mb4_unicode_ci NOT NULL DEFAULT 'pending',
  `cross_checking_status` varchar(60) COLLATE utf8mb4_unicode_ci NOT NULL DEFAULT 'pending',
  `price` decimal(15,2) DEFAULT 0.00,
  `store_id` int(10) unsigned DEFAULT NULL,
  `created_at` timestamp NULL DEFAULT NULL,
  `updated_at` timestamp NULL DEFAULT NULL,
  `tracking_id` varchar(191) COLLATE utf8mb4_unicode_ci DEFAULT NULL,
  `shipping_company_name` varchar(191) COLLATE utf8mb4_unicode_ci DEFAULT NULL,
  `tracking_link` varchar(191) COLLATE utf8mb4_unicode_ci DEFAULT NULL,
  `estimate_date_shipped` datetime DEFAULT NULL,
  `date_shipped` datetime DEFAULT NULL,
  PRIMARY KEY (`id`)
) ENGINE=InnoDB AUTO_INCREMENT=21 DEFAULT CHARSET=utf8mb4 COLLATE=utf8mb4_unicode_ci;
/*!40101 SET character_set_client = @saved_cs_client */;

--
-- Dumping data for table `ec_shipments`
--

LOCK TABLES `ec_shipments` WRITE;
/*!40000 ALTER TABLE `ec_shipments` DISABLE KEYS */;
INSERT INTO `ec_shipments` VALUES (1,1,NULL,3705.00,NULL,'','delivered',508.40,'completed','pending',0.00,0,'2022-01-04 21:11:23','2022-01-04 21:11:23','JJD0016810603','DHL','https://mydhl.express.dhl/us/en/tracking.html#/track-by-reference','2022-01-13 04:11:23','2022-01-05 04:11:23'),(2,2,NULL,2820.00,NULL,'','approved',0.00,'completed','pending',0.00,0,'2022-01-04 21:11:23','2022-01-04 21:11:23','JJD0066382801','FastShipping','https://mydhl.express.dhl/us/en/tracking.html#/track-by-reference','2022-01-12 04:11:23',NULL),(3,3,NULL,4653.00,NULL,'','approved',0.00,'completed','pending',0.00,0,'2022-01-04 21:11:23','2022-01-04 21:11:23','JJD0036600212','DHL','https://mydhl.express.dhl/us/en/tracking.html#/track-by-reference','2022-01-15 04:11:23',NULL),(4,4,NULL,5337.00,NULL,'','approved',1353.50,'pending','pending',0.00,0,'2022-01-04 21:11:23','2022-01-04 21:11:23','JJD0069509069','GHN','https://mydhl.express.dhl/us/en/tracking.html#/track-by-reference','2022-01-10 04:11:23',NULL),(5,5,NULL,2930.00,NULL,'','delivered',0.00,'completed','pending',0.00,0,'2022-01-04 21:11:23','2022-01-04 21:11:23','JJD0082686856','GHN','https://mydhl.express.dhl/us/en/tracking.html#/track-by-reference','2022-01-09 04:11:23','2022-01-05 04:11:23'),(6,6,NULL,2478.00,NULL,'','delivered',0.00,'completed','pending',0.00,0,'2022-01-04 21:11:23','2022-01-04 21:11:23','JJD0065844461','FastShipping','https://mydhl.express.dhl/us/en/tracking.html#/track-by-reference','2022-01-08 04:11:23','2022-01-05 04:11:23'),(7,7,NULL,3910.00,NULL,'','approved',0.00,'completed','pending',0.00,0,'2022-01-04 21:11:23','2022-01-04 21:11:23','JJD0078898157','DHL','https://mydhl.express.dhl/us/en/tracking.html#/track-by-reference','2022-01-08 04:11:23',NULL),(8,8,NULL,7304.00,NULL,'','delivered',0.00,'completed','pending',0.00,0,'2022-01-04 21:11:23','2022-01-04 21:11:23','JJD001376046','AliExpress','https://mydhl.express.dhl/us/en/tracking.html#/track-by-reference','2022-01-15 04:11:23','2022-01-05 04:11:23'),(9,9,NULL,1502.00,NULL,'','delivered',0.00,'completed','pending',0.00,0,'2022-01-04 21:11:23','2022-01-04 21:11:23','JJD0070524655','FastShipping','https://mydhl.express.dhl/us/en/tracking.html#/track-by-reference','2022-01-07 04:11:23','2022-01-05 04:11:23'),(10,10,NULL,4929.00,NULL,'','approved',0.00,'completed','pending',0.00,0,'2022-01-04 21:11:23','2022-01-04 21:11:23','JJD0029466739','FastShipping','https://mydhl.express.dhl/us/en/tracking.html#/track-by-reference','2022-01-11 04:11:23',NULL),(11,11,NULL,3147.00,NULL,'','approved',496.90,'pending','pending',0.00,0,'2022-01-04 21:11:23','2022-01-04 21:11:23','JJD001468219','GHN','https://mydhl.express.dhl/us/en/tracking.html#/track-by-reference','2022-01-11 04:11:23',NULL),(12,12,NULL,4419.00,NULL,'','delivered',0.00,'completed','pending',0.00,0,'2022-01-04 21:11:23','2022-01-04 21:11:23','JJD0084002449','DHL','https://mydhl.express.dhl/us/en/tracking.html#/track-by-reference','2022-01-11 04:11:23','2022-01-05 04:11:23'),(13,13,NULL,3535.00,NULL,'','delivered',0.00,'completed','pending',0.00,0,'2022-01-04 21:11:23','2022-01-04 21:11:23','JJD0021701269','GHN','https://mydhl.express.dhl/us/en/tracking.html#/track-by-reference','2022-01-09 04:11:23','2022-01-05 04:11:23'),(14,14,NULL,2732.00,NULL,'','delivered',0.00,'completed','pending',0.00,0,'2022-01-04 21:11:24','2022-01-04 21:11:24','JJD0091964502','DHL','https://mydhl.express.dhl/us/en/tracking.html#/track-by-reference','2022-01-11 04:11:24','2022-01-05 04:11:24'),(15,15,NULL,3295.00,NULL,'','delivered',972.80,'completed','pending',0.00,0,'2022-01-04 21:11:24','2022-01-04 21:11:24','JJD0025744267','GHN','https://mydhl.express.dhl/us/en/tracking.html#/track-by-reference','2022-01-06 04:11:24','2022-01-05 04:11:24'),(16,16,NULL,6787.00,NULL,'','delivered',0.00,'completed','pending',0.00,0,'2022-01-04 21:11:24','2022-01-04 21:11:24','JJD0010158897','GHN','https://mydhl.express.dhl/us/en/tracking.html#/track-by-reference','2022-01-15 04:11:24','2022-01-05 04:11:24'),(17,17,NULL,6095.00,NULL,'','approved',0.00,'completed','pending',0.00,0,'2022-01-04 21:11:24','2022-01-04 21:11:24','JJD0050262299','DHL','https://mydhl.express.dhl/us/en/tracking.html#/track-by-reference','2022-01-07 04:11:24',NULL),(18,18,NULL,5920.00,NULL,'','approved',1046.50,'pending','pending',0.00,0,'2022-01-04 21:11:24','2022-01-04 21:11:24','JJD0066709623','AliExpress','https://mydhl.express.dhl/us/en/tracking.html#/track-by-reference','2022-01-14 04:11:24',NULL),(19,19,NULL,3614.00,NULL,'','approved',0.00,'completed','pending',0.00,0,'2022-01-04 21:11:24','2022-01-04 21:11:24','JJD0067537170','AliExpress','https://mydhl.express.dhl/us/en/tracking.html#/track-by-reference','2022-01-14 04:11:24',NULL),(20,20,NULL,4575.00,NULL,'','approved',0.00,'completed','pending',0.00,0,'2022-01-04 21:11:24','2022-01-04 21:11:24','JJD0027968989','GHN','https://mydhl.express.dhl/us/en/tracking.html#/track-by-reference','2022-01-08 04:11:24',NULL);
/*!40000 ALTER TABLE `ec_shipments` ENABLE KEYS */;
UNLOCK TABLES;

--
-- Table structure for table `ec_shipping`
--

DROP TABLE IF EXISTS `ec_shipping`;
/*!40101 SET @saved_cs_client     = @@character_set_client */;
/*!40101 SET character_set_client = utf8 */;
CREATE TABLE `ec_shipping` (
  `id` bigint(20) unsigned NOT NULL AUTO_INCREMENT,
  `title` varchar(191) COLLATE utf8mb4_unicode_ci DEFAULT NULL,
  `country` varchar(120) COLLATE utf8mb4_unicode_ci DEFAULT NULL,
  `created_at` timestamp NULL DEFAULT NULL,
  `updated_at` timestamp NULL DEFAULT NULL,
  PRIMARY KEY (`id`)
) ENGINE=InnoDB AUTO_INCREMENT=2 DEFAULT CHARSET=utf8mb4 COLLATE=utf8mb4_unicode_ci;
/*!40101 SET character_set_client = @saved_cs_client */;

--
-- Dumping data for table `ec_shipping`
--

LOCK TABLES `ec_shipping` WRITE;
/*!40000 ALTER TABLE `ec_shipping` DISABLE KEYS */;
INSERT INTO `ec_shipping` VALUES (1,'All',NULL,'2022-01-04 21:11:22','2022-01-04 21:11:22');
/*!40000 ALTER TABLE `ec_shipping` ENABLE KEYS */;
UNLOCK TABLES;

--
-- Table structure for table `ec_shipping_rule_items`
--

DROP TABLE IF EXISTS `ec_shipping_rule_items`;
/*!40101 SET @saved_cs_client     = @@character_set_client */;
/*!40101 SET character_set_client = utf8 */;
CREATE TABLE `ec_shipping_rule_items` (
  `id` bigint(20) unsigned NOT NULL AUTO_INCREMENT,
  `shipping_rule_id` int(10) unsigned NOT NULL,
  `country` varchar(120) COLLATE utf8mb4_unicode_ci DEFAULT NULL,
  `state` varchar(120) COLLATE utf8mb4_unicode_ci DEFAULT NULL,
  `city` varchar(120) COLLATE utf8mb4_unicode_ci DEFAULT NULL,
  `adjustment_price` decimal(15,2) DEFAULT 0.00,
  `is_enabled` tinyint(1) NOT NULL DEFAULT 1,
  `created_at` timestamp NULL DEFAULT NULL,
  `updated_at` timestamp NULL DEFAULT NULL,
  PRIMARY KEY (`id`)
) ENGINE=InnoDB DEFAULT CHARSET=utf8mb4 COLLATE=utf8mb4_unicode_ci;
/*!40101 SET character_set_client = @saved_cs_client */;

--
-- Dumping data for table `ec_shipping_rule_items`
--

LOCK TABLES `ec_shipping_rule_items` WRITE;
/*!40000 ALTER TABLE `ec_shipping_rule_items` DISABLE KEYS */;
/*!40000 ALTER TABLE `ec_shipping_rule_items` ENABLE KEYS */;
UNLOCK TABLES;

--
-- Table structure for table `ec_shipping_rules`
--

DROP TABLE IF EXISTS `ec_shipping_rules`;
/*!40101 SET @saved_cs_client     = @@character_set_client */;
/*!40101 SET character_set_client = utf8 */;
CREATE TABLE `ec_shipping_rules` (
  `id` bigint(20) unsigned NOT NULL AUTO_INCREMENT,
  `name` varchar(120) COLLATE utf8mb4_unicode_ci NOT NULL,
  `shipping_id` int(10) unsigned NOT NULL,
  `type` enum('base_on_price','base_on_weight') COLLATE utf8mb4_unicode_ci DEFAULT 'base_on_price',
  `from` decimal(15,2) DEFAULT 0.00,
  `to` decimal(15,2) DEFAULT 0.00,
  `price` decimal(15,2) DEFAULT 0.00,
  `created_at` timestamp NULL DEFAULT NULL,
  `updated_at` timestamp NULL DEFAULT NULL,
  PRIMARY KEY (`id`)
) ENGINE=InnoDB AUTO_INCREMENT=4 DEFAULT CHARSET=utf8mb4 COLLATE=utf8mb4_unicode_ci;
/*!40101 SET character_set_client = @saved_cs_client */;

--
-- Dumping data for table `ec_shipping_rules`
--

LOCK TABLES `ec_shipping_rules` WRITE;
/*!40000 ALTER TABLE `ec_shipping_rules` DISABLE KEYS */;
INSERT INTO `ec_shipping_rules` VALUES (1,'Free shipping',1,'base_on_price',0.00,NULL,0.00,'2022-01-04 21:11:22','2022-01-04 21:11:22'),(2,'Local Pickup',1,'base_on_price',0.00,NULL,20.00,'2022-01-04 21:11:22','2022-01-04 21:11:22'),(3,'Flat Rate',1,'base_on_price',0.00,NULL,25.00,'2022-01-04 21:11:22','2022-01-04 21:11:22');
/*!40000 ALTER TABLE `ec_shipping_rules` ENABLE KEYS */;
UNLOCK TABLES;

--
-- Table structure for table `ec_store_locators`
--

DROP TABLE IF EXISTS `ec_store_locators`;
/*!40101 SET @saved_cs_client     = @@character_set_client */;
/*!40101 SET character_set_client = utf8 */;
CREATE TABLE `ec_store_locators` (
  `id` bigint(20) unsigned NOT NULL AUTO_INCREMENT,
  `name` varchar(60) COLLATE utf8mb4_unicode_ci NOT NULL,
  `email` varchar(60) COLLATE utf8mb4_unicode_ci DEFAULT NULL,
  `phone` varchar(20) COLLATE utf8mb4_unicode_ci NOT NULL,
  `address` varchar(255) COLLATE utf8mb4_unicode_ci NOT NULL,
  `country` varchar(120) COLLATE utf8mb4_unicode_ci DEFAULT NULL,
  `state` varchar(120) COLLATE utf8mb4_unicode_ci DEFAULT NULL,
  `city` varchar(120) COLLATE utf8mb4_unicode_ci DEFAULT NULL,
  `is_primary` tinyint(1) DEFAULT 0,
  `is_shipping_location` tinyint(1) DEFAULT 1,
  `created_at` timestamp NULL DEFAULT NULL,
  `updated_at` timestamp NULL DEFAULT NULL,
  PRIMARY KEY (`id`)
) ENGINE=InnoDB AUTO_INCREMENT=2 DEFAULT CHARSET=utf8mb4 COLLATE=utf8mb4_unicode_ci;
/*!40101 SET character_set_client = @saved_cs_client */;

--
-- Dumping data for table `ec_store_locators`
--

LOCK TABLES `ec_store_locators` WRITE;
/*!40000 ALTER TABLE `ec_store_locators` DISABLE KEYS */;
INSERT INTO `ec_store_locators` VALUES (1,'Wowy','sales@botble.com','18006268','North Link Building, 10 Admiralty Street','SG','Singapore','Singapore',1,1,'2022-01-04 21:11:22','2022-01-04 21:11:22');
/*!40000 ALTER TABLE `ec_store_locators` ENABLE KEYS */;
UNLOCK TABLES;

--
-- Table structure for table `ec_taxes`
--

DROP TABLE IF EXISTS `ec_taxes`;
/*!40101 SET @saved_cs_client     = @@character_set_client */;
/*!40101 SET character_set_client = utf8 */;
CREATE TABLE `ec_taxes` (
  `id` bigint(20) unsigned NOT NULL AUTO_INCREMENT,
  `title` varchar(191) COLLATE utf8mb4_unicode_ci DEFAULT NULL,
  `percentage` double(8,6) DEFAULT NULL,
  `priority` int(11) DEFAULT NULL,
  `status` varchar(60) COLLATE utf8mb4_unicode_ci NOT NULL DEFAULT 'published',
  `created_at` timestamp NULL DEFAULT NULL,
  `updated_at` timestamp NULL DEFAULT NULL,
  PRIMARY KEY (`id`)
) ENGINE=InnoDB AUTO_INCREMENT=3 DEFAULT CHARSET=utf8mb4 COLLATE=utf8mb4_unicode_ci;
/*!40101 SET character_set_client = @saved_cs_client */;

--
-- Dumping data for table `ec_taxes`
--

LOCK TABLES `ec_taxes` WRITE;
/*!40000 ALTER TABLE `ec_taxes` DISABLE KEYS */;
INSERT INTO `ec_taxes` VALUES (1,'VAT',10.000000,1,'published','2022-01-04 21:11:19','2022-01-04 21:11:19'),(2,'None',0.000000,2,'published','2022-01-04 21:11:19','2022-01-04 21:11:19');
/*!40000 ALTER TABLE `ec_taxes` ENABLE KEYS */;
UNLOCK TABLES;

--
-- Table structure for table `ec_wish_lists`
--

DROP TABLE IF EXISTS `ec_wish_lists`;
/*!40101 SET @saved_cs_client     = @@character_set_client */;
/*!40101 SET character_set_client = utf8 */;
CREATE TABLE `ec_wish_lists` (
  `id` bigint(20) unsigned NOT NULL AUTO_INCREMENT,
  `customer_id` int(10) unsigned NOT NULL,
  `product_id` int(10) unsigned NOT NULL,
  `created_at` timestamp NULL DEFAULT NULL,
  `updated_at` timestamp NULL DEFAULT NULL,
  PRIMARY KEY (`id`)
) ENGINE=InnoDB DEFAULT CHARSET=utf8mb4 COLLATE=utf8mb4_unicode_ci;
/*!40101 SET character_set_client = @saved_cs_client */;

--
-- Dumping data for table `ec_wish_lists`
--

LOCK TABLES `ec_wish_lists` WRITE;
/*!40000 ALTER TABLE `ec_wish_lists` DISABLE KEYS */;
/*!40000 ALTER TABLE `ec_wish_lists` ENABLE KEYS */;
UNLOCK TABLES;

--
-- Table structure for table `failed_jobs`
--

DROP TABLE IF EXISTS `failed_jobs`;
/*!40101 SET @saved_cs_client     = @@character_set_client */;
/*!40101 SET character_set_client = utf8 */;
CREATE TABLE `failed_jobs` (
  `id` bigint(20) unsigned NOT NULL AUTO_INCREMENT,
  `uuid` varchar(191) COLLATE utf8mb4_unicode_ci NOT NULL,
  `connection` text COLLATE utf8mb4_unicode_ci NOT NULL,
  `queue` text COLLATE utf8mb4_unicode_ci NOT NULL,
  `payload` longtext COLLATE utf8mb4_unicode_ci NOT NULL,
  `exception` longtext COLLATE utf8mb4_unicode_ci NOT NULL,
  `failed_at` timestamp NOT NULL DEFAULT current_timestamp(),
  PRIMARY KEY (`id`),
  UNIQUE KEY `failed_jobs_uuid_unique` (`uuid`)
) ENGINE=InnoDB DEFAULT CHARSET=utf8mb4 COLLATE=utf8mb4_unicode_ci;
/*!40101 SET character_set_client = @saved_cs_client */;

--
-- Dumping data for table `failed_jobs`
--

LOCK TABLES `failed_jobs` WRITE;
/*!40000 ALTER TABLE `failed_jobs` DISABLE KEYS */;
/*!40000 ALTER TABLE `failed_jobs` ENABLE KEYS */;
UNLOCK TABLES;

--
-- Table structure for table `faq_categories`
--

DROP TABLE IF EXISTS `faq_categories`;
/*!40101 SET @saved_cs_client     = @@character_set_client */;
/*!40101 SET character_set_client = utf8 */;
CREATE TABLE `faq_categories` (
  `id` bigint(20) unsigned NOT NULL AUTO_INCREMENT,
  `name` varchar(120) COLLATE utf8mb4_unicode_ci NOT NULL,
  `order` tinyint(4) NOT NULL DEFAULT 0,
  `status` varchar(60) COLLATE utf8mb4_unicode_ci NOT NULL DEFAULT 'published',
  `created_at` timestamp NULL DEFAULT NULL,
  `updated_at` timestamp NULL DEFAULT NULL,
  PRIMARY KEY (`id`)
) ENGINE=InnoDB AUTO_INCREMENT=4 DEFAULT CHARSET=utf8mb4 COLLATE=utf8mb4_unicode_ci;
/*!40101 SET character_set_client = @saved_cs_client */;

--
-- Dumping data for table `faq_categories`
--

LOCK TABLES `faq_categories` WRITE;
/*!40000 ALTER TABLE `faq_categories` DISABLE KEYS */;
INSERT INTO `faq_categories` VALUES (1,'Shipping',0,'published','2022-01-04 21:11:42','2022-01-04 21:11:42'),(2,'Payment',1,'published','2022-01-04 21:11:42','2022-01-04 21:11:42'),(3,'Order & Returns',2,'published','2022-01-04 21:11:42','2022-01-04 21:11:42');
/*!40000 ALTER TABLE `faq_categories` ENABLE KEYS */;
UNLOCK TABLES;

--
-- Table structure for table `faq_categories_translations`
--

DROP TABLE IF EXISTS `faq_categories_translations`;
/*!40101 SET @saved_cs_client     = @@character_set_client */;
/*!40101 SET character_set_client = utf8 */;
CREATE TABLE `faq_categories_translations` (
  `lang_code` varchar(191) COLLATE utf8mb4_unicode_ci NOT NULL,
  `faq_categories_id` int(11) NOT NULL,
  `name` varchar(120) COLLATE utf8mb4_unicode_ci DEFAULT NULL,
  PRIMARY KEY (`lang_code`,`faq_categories_id`)
) ENGINE=InnoDB DEFAULT CHARSET=utf8mb4 COLLATE=utf8mb4_unicode_ci;
/*!40101 SET character_set_client = @saved_cs_client */;

--
-- Dumping data for table `faq_categories_translations`
--

LOCK TABLES `faq_categories_translations` WRITE;
/*!40000 ALTER TABLE `faq_categories_translations` DISABLE KEYS */;
INSERT INTO `faq_categories_translations` VALUES ('vi',1,'VẬN CHUYỂN'),('vi',2,'THANH TOÁN'),('vi',3,'ĐƠN HÀNG & HOÀN TRẢ');
/*!40000 ALTER TABLE `faq_categories_translations` ENABLE KEYS */;
UNLOCK TABLES;

--
-- Table structure for table `faqs`
--

DROP TABLE IF EXISTS `faqs`;
/*!40101 SET @saved_cs_client     = @@character_set_client */;
/*!40101 SET character_set_client = utf8 */;
CREATE TABLE `faqs` (
  `id` bigint(20) unsigned NOT NULL AUTO_INCREMENT,
  `question` text COLLATE utf8mb4_unicode_ci NOT NULL,
  `answer` text COLLATE utf8mb4_unicode_ci NOT NULL,
  `category_id` int(10) unsigned NOT NULL,
  `status` varchar(60) COLLATE utf8mb4_unicode_ci NOT NULL DEFAULT 'published',
  `created_at` timestamp NULL DEFAULT NULL,
  `updated_at` timestamp NULL DEFAULT NULL,
  PRIMARY KEY (`id`)
) ENGINE=InnoDB AUTO_INCREMENT=11 DEFAULT CHARSET=utf8mb4 COLLATE=utf8mb4_unicode_ci;
/*!40101 SET character_set_client = @saved_cs_client */;

--
-- Dumping data for table `faqs`
--

LOCK TABLES `faqs` WRITE;
/*!40000 ALTER TABLE `faqs` DISABLE KEYS */;
INSERT INTO `faqs` VALUES (1,'What Shipping Methods Are Available?','Ex Portland Pitchfork irure mustache. Eutra fap before they sold out literally. Aliquip ugh bicycle rights actually mlkshk, seitan squid craft beer tempor.',1,'published','2022-01-04 21:11:42','2022-01-04 21:11:42'),(2,'Do You Ship Internationally?','Hoodie tote bag mixtape tofu. Typewriter jean shorts wolf quinoa, messenger bag organic freegan cray.',1,'published','2022-01-04 21:11:42','2022-01-04 21:11:42'),(3,'How Long Will It Take To Get My Package?','Swag slow-carb quinoa VHS typewriter pork belly brunch, paleo single-origin coffee Wes Anderson. Flexitarian Pitchfork forage, literally paleo fap pour-over. Wes Anderson Pinterest YOLO fanny pack meggings, deep v XOXO chambray sustainable slow-carb raw denim church-key fap chillwave Etsy. +1 typewriter kitsch, American Apparel tofu Banksy Vice.',1,'published','2022-01-04 21:11:42','2022-01-04 21:11:42'),(4,'What Payment Methods Are Accepted?','Fashion axe DIY jean shorts, swag kale chips meh polaroid kogi butcher Wes Anderson chambray next level semiotics gentrify yr. Voluptate photo booth fugiat Vice. Austin sed Williamsburg, ea labore raw denim voluptate cred proident mixtape excepteur mustache. Twee chia photo booth readymade food truck, hoodie roof party swag keytar PBR DIY.',2,'published','2022-01-04 21:11:42','2022-01-04 21:11:42'),(5,'Is Buying On-Line Safe?','Art party authentic freegan semiotics jean shorts chia cred. Neutra Austin roof party Brooklyn, synth Thundercats swag 8-bit photo booth. Plaid letterpress leggings craft beer meh ethical Pinterest.',2,'published','2022-01-04 21:11:42','2022-01-04 21:11:42'),(6,'How do I place an Order?','Keytar cray slow-carb, Godard banh mi salvia pour-over. Slow-carb Odd Future seitan normcore. Master cleanse American Apparel gentrify flexitarian beard slow-carb next level. Raw denim polaroid paleo farm-to-table, put a bird on it lo-fi tattooed Wes Anderson Pinterest letterpress. Fingerstache McSweeney’s pour-over, letterpress Schlitz photo booth master cleanse bespoke hashtag chillwave gentrify.',3,'published','2022-01-04 21:11:42','2022-01-04 21:11:42'),(7,'How Can I Cancel Or Change My Order?','Plaid letterpress leggings craft beer meh ethical Pinterest. Art party authentic freegan semiotics jean shorts chia cred. Neutra Austin roof party Brooklyn, synth Thundercats swag 8-bit photo booth.',3,'published','2022-01-04 21:11:42','2022-01-04 21:11:42'),(8,'Do I need an account to place an order?','Thundercats swag 8-bit photo booth. Plaid letterpress leggings craft beer meh ethical Pinterest. Twee chia photo booth readymade food truck, hoodie roof party swag keytar PBR DIY. Cray ugh 3 wolf moon fap, fashion axe irony butcher cornhole typewriter chambray VHS banjo street art.',3,'published','2022-01-04 21:11:42','2022-01-04 21:11:42'),(9,'How Do I Track My Order?','Keytar cray slow-carb, Godard banh mi salvia pour-over. Slow-carb @Odd Future seitan normcore. Master cleanse American Apparel gentrify flexitarian beard slow-carb next level.',3,'published','2022-01-04 21:11:42','2022-01-04 21:11:42'),(10,'How Can I Return a Product?','Kale chips Truffaut Williamsburg, hashtag fixie Pinterest raw denim c hambray drinking vinegar Carles street art Bushwick gastropub. Wolf Tumblr paleo church-key. Plaid food truck Echo Park YOLO bitters hella, direct trade Thundercats leggings quinoa before they sold out. You probably haven’t heard of them wayfarers authentic umami drinking vinegar Pinterest Cosby sweater, fingerstache fap High Life.',3,'published','2022-01-04 21:11:42','2022-01-04 21:11:42');
/*!40000 ALTER TABLE `faqs` ENABLE KEYS */;
UNLOCK TABLES;

--
-- Table structure for table `faqs_translations`
--

DROP TABLE IF EXISTS `faqs_translations`;
/*!40101 SET @saved_cs_client     = @@character_set_client */;
/*!40101 SET character_set_client = utf8 */;
CREATE TABLE `faqs_translations` (
  `lang_code` varchar(191) COLLATE utf8mb4_unicode_ci NOT NULL,
  `faqs_id` int(11) NOT NULL,
  `question` text COLLATE utf8mb4_unicode_ci DEFAULT NULL,
  `answer` text COLLATE utf8mb4_unicode_ci DEFAULT NULL,
  PRIMARY KEY (`lang_code`,`faqs_id`)
) ENGINE=InnoDB DEFAULT CHARSET=utf8mb4 COLLATE=utf8mb4_unicode_ci;
/*!40101 SET character_set_client = @saved_cs_client */;

--
-- Dumping data for table `faqs_translations`
--

LOCK TABLES `faqs_translations` WRITE;
/*!40000 ALTER TABLE `faqs_translations` DISABLE KEYS */;
INSERT INTO `faqs_translations` VALUES ('vi',1,'Có những phương thức vận chuyển nào?','Ex Portland Pitchfork irure ria mép. Eutra fap trước khi họ bán hết theo đúng nghĩa đen. Aliquip ugh quyền xe đạp thực sự mlkshk, rượu bia thủ công mực seitan. '),('vi',2,'Bạn có giao hàng quốc tế không?','Áo hoodie túi tote Tofu mixtape. Quần đùi jean đánh chữ Wolf quinoa, túi messenger hữu cơ freegan cray. '),('vi',3,'Mất bao lâu để nhận được gói hàng của tôi?','Bữa nửa buổi ăn sáng bằng bụng heo quay từ máy đánh chữ VHS, cà phê có nguồn gốc đơn Paleo, Wes Anderson. Khoan Pitchfork linh hoạt, theo nghĩa đen là đổ qua fap theo nghĩa đen. Wes Anderson Pinterest YOLO fanny pack meggings, deep v XOXO chambray bền vững slow-carb raw denim Church-key fap chillwave Etsy. +1 bộ dụng cụ đánh máy, đậu phụ Banksy Vice của American Apparel. '),('vi',4,'Phương thức thanh toán nào được chấp nhận?','Fashion Axe DIY jean shorts, swag kale chips meh polaroid kogi butcher Wes Anderson chambray next level semiotics gentrify yr. Quầy ảnh Voluptate fugiat Vice. Austin sed Williamsburg, ea labore raw denim voluptate cred proident mixtape excepteur ria mép. Twee chia gian hàng chụp ảnh xe bán đồ ăn sẵn, bữa tiệc trên mái áo hoodie swag keytar PBR DIY. '),('vi',5,'Mua trực tuyến có an toàn không?','Bữa tiệc nghệ thuật đích thực freegan semiotics jean shorts chia credit. Tiệc trên mái nhà Neutra Austin Brooklyn, Thundercats swag synth gian hàng ảnh 8-bit. Xà cạp letterpress kẻ sọc thủ công bia meh đạo đức Pinterest. '),('vi',6,'Làm cách nào để đặt hàng?','Keytar cray slow-carb, Godard banh mi salvia pour-over. Slow-carb Odd Định mức seitan trong tương lai. Master làm sạch American Apparel nhẹ nhàng làm sạch râu linh hoạt chậm carb cấp độ tiếp theo. Vải thô denim polaroid nhạt từ trang trại đến bàn, đặt một con chim trên đó hình xăm lo-fi Wes Anderson Pinterest letterpress. Bậc thầy gian hàng ảnh Schlitz của Fingerstache McSweeney đang làm sạch thẻ bắt đầu bằng hashtag theo yêu cầu riêng, chillwave gentrify. '),('vi',7,'Làm cách nào để tôi có thể hủy hoặc thay đổi đơn hàng của mình?','Xà cạp letterpress kẻ sọc thủ công bia meh đạo đức Pinterest. Bữa tiệc nghệ thuật đích thực freegan semiotics jean shorts chia tín. Tiệc trên mái nhà Neutra Austin ở Brooklyn, synth Thundercats có gian hàng ảnh 8-bit. '),('vi',8,'Tôi có cần tài khoản để đặt hàng không?','Thundercats làm lung lay gian hàng ảnh 8-bit. Xà cạp letterpress kẻ sọc thủ công bia meh đạo đức Pinterest. Twee chia ảnh gian hàng xe bán thức ăn làm sẵn, bữa tiệc trên mái áo hoodie swag keytar PBR DIY. Cray ugh 3 wolf moon fap, rìu thời trang mỉa mai người bán thịt máy đánh chữ chambray VHS banjo nghệ thuật đường phố. '),('vi',9,'Làm cách nào để theo dõi đơn hàng của tôi?','Keytar cray slow-carb, Godard banh mi salvia pour-over. Slow-carb @Odd Định mức seitan trong tương lai. Bậc thầy làm sạch American Apparel nhẹ nhàng làm sạch râu linh hoạt theo kiểu chậm carb cấp độ tiếp theo. '),('vi',10,'Làm cách nào để trả lại sản phẩm?','Kale chips Truffaut Williamsburg, fixie hashtag Pinterest raw denim c hambray uống giấm Carles street art Bushwick gastropub. Chìa khóa nhà thờ Wolf Tumblr. Xe tải thực phẩm kẻ sọc Echo Park YOLO cắn hella, giao dịch trực tiếp Thundercats legging quinoa trước khi bán hết. Có thể bạn chưa từng nghe nói về họ những người truyền bá vị umami đích thực uống giấm Pinterest Áo len Cosby, fingerstache fap High Life. ');
/*!40000 ALTER TABLE `faqs_translations` ENABLE KEYS */;
UNLOCK TABLES;

--
-- Table structure for table `jobs`
--

DROP TABLE IF EXISTS `jobs`;
/*!40101 SET @saved_cs_client     = @@character_set_client */;
/*!40101 SET character_set_client = utf8 */;
CREATE TABLE `jobs` (
  `id` bigint(20) unsigned NOT NULL AUTO_INCREMENT,
  `queue` varchar(191) COLLATE utf8mb4_unicode_ci NOT NULL,
  `payload` longtext COLLATE utf8mb4_unicode_ci NOT NULL,
  `attempts` tinyint(3) unsigned NOT NULL,
  `reserved_at` int(10) unsigned DEFAULT NULL,
  `available_at` int(10) unsigned NOT NULL,
  `created_at` int(10) unsigned NOT NULL,
  PRIMARY KEY (`id`),
  KEY `jobs_queue_index` (`queue`)
) ENGINE=InnoDB DEFAULT CHARSET=utf8mb4 COLLATE=utf8mb4_unicode_ci;
/*!40101 SET character_set_client = @saved_cs_client */;

--
-- Dumping data for table `jobs`
--

LOCK TABLES `jobs` WRITE;
/*!40000 ALTER TABLE `jobs` DISABLE KEYS */;
/*!40000 ALTER TABLE `jobs` ENABLE KEYS */;
UNLOCK TABLES;

--
-- Table structure for table `language_meta`
--

DROP TABLE IF EXISTS `language_meta`;
/*!40101 SET @saved_cs_client     = @@character_set_client */;
/*!40101 SET character_set_client = utf8 */;
CREATE TABLE `language_meta` (
  `lang_meta_id` int(10) unsigned NOT NULL AUTO_INCREMENT,
  `lang_meta_code` text COLLATE utf8mb4_unicode_ci DEFAULT NULL,
  `lang_meta_origin` varchar(255) COLLATE utf8mb4_unicode_ci NOT NULL,
  `reference_id` int(10) unsigned NOT NULL,
  `reference_type` varchar(120) COLLATE utf8mb4_unicode_ci NOT NULL,
  PRIMARY KEY (`lang_meta_id`),
  KEY `language_meta_reference_id_index` (`reference_id`)
) ENGINE=InnoDB AUTO_INCREMENT=17 DEFAULT CHARSET=utf8mb4 COLLATE=utf8mb4_unicode_ci;
/*!40101 SET character_set_client = @saved_cs_client */;

--
-- Dumping data for table `language_meta`
--

LOCK TABLES `language_meta` WRITE;
/*!40000 ALTER TABLE `language_meta` DISABLE KEYS */;
INSERT INTO `language_meta` VALUES (1,'en_US','5700fec6a8e24dc7662068ed40b6146f',1,'Botble\\SimpleSlider\\Models\\SimpleSlider'),(2,'en_US','b982f0c5f13c7a8f22bbc7677305e2e0',2,'Botble\\SimpleSlider\\Models\\SimpleSlider'),(3,'en_US','a7313a48078c710c130745fbefd770a6',3,'Botble\\SimpleSlider\\Models\\SimpleSlider'),(4,'en_US','ffb38b358ee202a6e0e5b8cf46143dbe',4,'Botble\\SimpleSlider\\Models\\SimpleSlider'),(5,'vi','5700fec6a8e24dc7662068ed40b6146f',5,'Botble\\SimpleSlider\\Models\\SimpleSlider'),(6,'vi','b982f0c5f13c7a8f22bbc7677305e2e0',6,'Botble\\SimpleSlider\\Models\\SimpleSlider'),(7,'vi','a7313a48078c710c130745fbefd770a6',7,'Botble\\SimpleSlider\\Models\\SimpleSlider'),(8,'vi','ffb38b358ee202a6e0e5b8cf46143dbe',8,'Botble\\SimpleSlider\\Models\\SimpleSlider'),(9,'en_US','8c0454b9ffb2e4305877c90b0e5631ec',1,'Botble\\Menu\\Models\\MenuLocation'),(10,'en_US','63cc3fa5957aa3a90dcb68438c9849bc',1,'Botble\\Menu\\Models\\Menu'),(11,'en_US','6102d11f525a0f0d20637f712ec129e6',2,'Botble\\Menu\\Models\\Menu'),(12,'en_US','11aebb9f08bc800689f3f6685c02f672',3,'Botble\\Menu\\Models\\Menu'),(13,'vi','ae52c90efd1b6c9d8934cd514e33f665',2,'Botble\\Menu\\Models\\MenuLocation'),(14,'vi','63cc3fa5957aa3a90dcb68438c9849bc',4,'Botble\\Menu\\Models\\Menu'),(15,'vi','6102d11f525a0f0d20637f712ec129e6',5,'Botble\\Menu\\Models\\Menu'),(16,'vi','11aebb9f08bc800689f3f6685c02f672',6,'Botble\\Menu\\Models\\Menu');
/*!40000 ALTER TABLE `language_meta` ENABLE KEYS */;
UNLOCK TABLES;

--
-- Table structure for table `languages`
--

DROP TABLE IF EXISTS `languages`;
/*!40101 SET @saved_cs_client     = @@character_set_client */;
/*!40101 SET character_set_client = utf8 */;
CREATE TABLE `languages` (
  `lang_id` int(10) unsigned NOT NULL AUTO_INCREMENT,
  `lang_name` varchar(120) COLLATE utf8mb4_unicode_ci NOT NULL,
  `lang_locale` varchar(20) COLLATE utf8mb4_unicode_ci NOT NULL,
  `lang_code` varchar(20) COLLATE utf8mb4_unicode_ci NOT NULL,
  `lang_flag` varchar(20) COLLATE utf8mb4_unicode_ci DEFAULT NULL,
  `lang_is_default` tinyint(3) unsigned NOT NULL DEFAULT 0,
  `lang_order` int(11) NOT NULL DEFAULT 0,
  `lang_is_rtl` tinyint(3) unsigned NOT NULL DEFAULT 0,
  PRIMARY KEY (`lang_id`)
) ENGINE=InnoDB AUTO_INCREMENT=3 DEFAULT CHARSET=utf8mb4 COLLATE=utf8mb4_unicode_ci;
/*!40101 SET character_set_client = @saved_cs_client */;

--
-- Dumping data for table `languages`
--

LOCK TABLES `languages` WRITE;
/*!40000 ALTER TABLE `languages` DISABLE KEYS */;
INSERT INTO `languages` VALUES (1,'English','en','en_US','us',1,0,0),(2,'Tiếng Việt','vi','vi','vn',0,0,0);
/*!40000 ALTER TABLE `languages` ENABLE KEYS */;
UNLOCK TABLES;

--
-- Table structure for table `media_files`
--

DROP TABLE IF EXISTS `media_files`;
/*!40101 SET @saved_cs_client     = @@character_set_client */;
/*!40101 SET character_set_client = utf8 */;
CREATE TABLE `media_files` (
  `id` bigint(20) unsigned NOT NULL AUTO_INCREMENT,
  `user_id` int(10) unsigned NOT NULL,
  `name` varchar(255) COLLATE utf8mb4_unicode_ci NOT NULL,
  `folder_id` int(10) unsigned NOT NULL DEFAULT 0,
  `mime_type` varchar(120) COLLATE utf8mb4_unicode_ci NOT NULL,
  `size` int(11) NOT NULL,
  `url` varchar(255) COLLATE utf8mb4_unicode_ci NOT NULL,
  `options` text COLLATE utf8mb4_unicode_ci DEFAULT NULL,
  `created_at` timestamp NULL DEFAULT NULL,
  `updated_at` timestamp NULL DEFAULT NULL,
  `deleted_at` timestamp NULL DEFAULT NULL,
  PRIMARY KEY (`id`),
  KEY `media_files_user_id_index` (`user_id`)
) ENGINE=InnoDB AUTO_INCREMENT=120 DEFAULT CHARSET=utf8mb4 COLLATE=utf8mb4_unicode_ci;
/*!40101 SET character_set_client = @saved_cs_client */;

--
-- Dumping data for table `media_files`
--

LOCK TABLES `media_files` WRITE;
/*!40000 ALTER TABLE `media_files` DISABLE KEYS */;
INSERT INTO `media_files` VALUES (1,0,'1',1,'image/png',1318,'brands/1.png','[]','2022-01-04 21:10:44','2022-01-04 21:10:44',NULL),(2,0,'2',1,'image/png',999,'brands/2.png','[]','2022-01-04 21:10:44','2022-01-04 21:10:44',NULL),(3,0,'3',1,'image/png',1251,'brands/3.png','[]','2022-01-04 21:10:44','2022-01-04 21:10:44',NULL),(4,0,'4',1,'image/png',1539,'brands/4.png','[]','2022-01-04 21:10:44','2022-01-04 21:10:44',NULL),(5,0,'5',1,'image/png',1058,'brands/5.png','[]','2022-01-04 21:10:44','2022-01-04 21:10:44',NULL),(6,0,'6',1,'image/png',4165,'brands/6.png','[]','2022-01-04 21:10:45','2022-01-04 21:10:45',NULL),(7,0,'7',1,'image/png',1260,'brands/7.png','[]','2022-01-04 21:10:45','2022-01-04 21:10:45',NULL),(8,0,'1',2,'image/jpeg',75180,'product-categories/1.jpg','[]','2022-01-04 21:10:45','2022-01-04 21:10:45',NULL),(9,0,'2',2,'image/jpeg',81345,'product-categories/2.jpg','[]','2022-01-04 21:10:46','2022-01-04 21:10:46',NULL),(10,0,'3',2,'image/jpeg',99137,'product-categories/3.jpg','[]','2022-01-04 21:10:46','2022-01-04 21:10:46',NULL),(11,0,'4',2,'image/jpeg',108690,'product-categories/4.jpg','[]','2022-01-04 21:10:46','2022-01-04 21:10:46',NULL),(12,0,'5',2,'image/jpeg',53952,'product-categories/5.jpg','[]','2022-01-04 21:10:46','2022-01-04 21:10:46',NULL),(13,0,'6',2,'image/jpeg',47088,'product-categories/6.jpg','[]','2022-01-04 21:10:46','2022-01-04 21:10:46',NULL),(14,0,'7',2,'image/jpeg',48248,'product-categories/7.jpg','[]','2022-01-04 21:10:47','2022-01-04 21:10:47',NULL),(15,0,'8',2,'image/jpeg',67235,'product-categories/8.jpg','[]','2022-01-04 21:10:47','2022-01-04 21:10:47',NULL),(16,0,'1-1',3,'image/jpeg',88437,'products/1-1.jpg','[]','2022-01-04 21:10:47','2022-01-04 21:10:47',NULL),(17,0,'1-2',3,'image/jpeg',122690,'products/1-2.jpg','[]','2022-01-04 21:10:48','2022-01-04 21:10:48',NULL),(18,0,'1-3',3,'image/jpeg',117296,'products/1-3.jpg','[]','2022-01-04 21:10:48','2022-01-04 21:10:48',NULL),(19,0,'1',3,'image/jpeg',139025,'products/1.jpg','[]','2022-01-04 21:10:48','2022-01-04 21:10:48',NULL),(20,0,'10-1',3,'image/jpeg',183491,'products/10-1.jpg','[]','2022-01-04 21:10:49','2022-01-04 21:10:49',NULL),(21,0,'10',3,'image/jpeg',150956,'products/10.jpg','[]','2022-01-04 21:10:49','2022-01-04 21:10:49',NULL),(22,0,'11-1',3,'image/jpeg',246200,'products/11-1.jpg','[]','2022-01-04 21:10:50','2022-01-04 21:10:50',NULL),(23,0,'11',3,'image/jpeg',279390,'products/11.jpg','[]','2022-01-04 21:10:50','2022-01-04 21:10:50',NULL),(24,0,'12-1',3,'image/jpeg',249712,'products/12-1.jpg','[]','2022-01-04 21:10:50','2022-01-04 21:10:50',NULL),(25,0,'12',3,'image/jpeg',172221,'products/12.jpg','[]','2022-01-04 21:10:51','2022-01-04 21:10:51',NULL),(26,0,'13-1',3,'image/jpeg',257021,'products/13-1.jpg','[]','2022-01-04 21:10:51','2022-01-04 21:10:51',NULL),(27,0,'13',3,'image/jpeg',232917,'products/13.jpg','[]','2022-01-04 21:10:52','2022-01-04 21:10:52',NULL),(28,0,'14-1',3,'image/jpeg',201773,'products/14-1.jpg','[]','2022-01-04 21:10:52','2022-01-04 21:10:52',NULL),(29,0,'14',3,'image/jpeg',287194,'products/14.jpg','[]','2022-01-04 21:10:52','2022-01-04 21:10:52',NULL),(30,0,'15-1',3,'image/jpeg',273720,'products/15-1.jpg','[]','2022-01-04 21:10:53','2022-01-04 21:10:53',NULL),(31,0,'15',3,'image/jpeg',114265,'products/15.jpg','[]','2022-01-04 21:10:53','2022-01-04 21:10:53',NULL),(32,0,'16',3,'image/jpeg',97174,'products/16.jpg','[]','2022-01-04 21:10:54','2022-01-04 21:10:54',NULL),(33,0,'17',3,'image/jpeg',70179,'products/17.jpg','[]','2022-01-04 21:10:54','2022-01-04 21:10:54',NULL),(34,0,'18-1',3,'image/jpeg',287835,'products/18-1.jpg','[]','2022-01-04 21:10:55','2022-01-04 21:10:55',NULL),(35,0,'18-2',3,'image/jpeg',454869,'products/18-2.jpg','[]','2022-01-04 21:10:56','2022-01-04 21:10:56',NULL),(36,0,'18',3,'image/jpeg',257331,'products/18.jpg','[]','2022-01-04 21:10:57','2022-01-04 21:10:57',NULL),(37,0,'19-1',3,'image/jpeg',144008,'products/19-1.jpg','[]','2022-01-04 21:10:58','2022-01-04 21:10:58',NULL),(38,0,'19',3,'image/jpeg',188821,'products/19.jpg','[]','2022-01-04 21:10:58','2022-01-04 21:10:58',NULL),(39,0,'2-1',3,'image/jpeg',138167,'products/2-1.jpg','[]','2022-01-04 21:10:59','2022-01-04 21:10:59',NULL),(40,0,'2-2',3,'image/jpeg',230552,'products/2-2.jpg','[]','2022-01-04 21:10:59','2022-01-04 21:10:59',NULL),(41,0,'2-3',3,'image/jpeg',179301,'products/2-3.jpg','[]','2022-01-04 21:10:59','2022-01-04 21:10:59',NULL),(42,0,'2',3,'image/jpeg',130048,'products/2.jpg','[]','2022-01-04 21:11:00','2022-01-04 21:11:00',NULL),(43,0,'20-1',3,'image/jpeg',249712,'products/20-1.jpg','[]','2022-01-04 21:11:00','2022-01-04 21:11:00',NULL),(44,0,'20',3,'image/jpeg',172221,'products/20.jpg','[]','2022-01-04 21:11:01','2022-01-04 21:11:01',NULL),(45,0,'21-1',3,'image/jpeg',260746,'products/21-1.jpg','[]','2022-01-04 21:11:01','2022-01-04 21:11:01',NULL),(46,0,'21',3,'image/jpeg',124244,'products/21.jpg','[]','2022-01-04 21:11:02','2022-01-04 21:11:02',NULL),(47,0,'22-1',3,'image/jpeg',213139,'products/22-1.jpg','[]','2022-01-04 21:11:03','2022-01-04 21:11:03',NULL),(48,0,'22',3,'image/jpeg',105409,'products/22.jpg','[]','2022-01-04 21:11:04','2022-01-04 21:11:04',NULL),(49,0,'23-1',3,'image/jpeg',105560,'products/23-1.jpg','[]','2022-01-04 21:11:04','2022-01-04 21:11:04',NULL),(50,0,'23',3,'image/jpeg',177362,'products/23.jpg','[]','2022-01-04 21:11:05','2022-01-04 21:11:05',NULL),(51,0,'24-1',3,'image/jpeg',239311,'products/24-1.jpg','[]','2022-01-04 21:11:06','2022-01-04 21:11:06',NULL),(52,0,'24',3,'image/jpeg',363853,'products/24.jpg','[]','2022-01-04 21:11:07','2022-01-04 21:11:07',NULL),(53,0,'3-1',3,'image/jpeg',135741,'products/3-1.jpg','[]','2022-01-04 21:11:08','2022-01-04 21:11:08',NULL),(54,0,'3-2',3,'image/jpeg',123069,'products/3-2.jpg','[]','2022-01-04 21:11:08','2022-01-04 21:11:08',NULL),(55,0,'3-3',3,'image/jpeg',98645,'products/3-3.jpg','[]','2022-01-04 21:11:09','2022-01-04 21:11:09',NULL),(56,0,'3',3,'image/jpeg',201722,'products/3.jpg','[]','2022-01-04 21:11:10','2022-01-04 21:11:10',NULL),(57,0,'4-1',3,'image/jpeg',205312,'products/4-1.jpg','[]','2022-01-04 21:11:10','2022-01-04 21:11:10',NULL),(58,0,'4-2',3,'image/jpeg',223903,'products/4-2.jpg','[]','2022-01-04 21:11:11','2022-01-04 21:11:11',NULL),(59,0,'4-3',3,'image/jpeg',106593,'products/4-3.jpg','[]','2022-01-04 21:11:11','2022-01-04 21:11:11',NULL),(60,0,'4',3,'image/jpeg',456134,'products/4.jpg','[]','2022-01-04 21:11:12','2022-01-04 21:11:12',NULL),(61,0,'5-1',3,'image/jpeg',110014,'products/5-1.jpg','[]','2022-01-04 21:11:12','2022-01-04 21:11:12',NULL),(62,0,'5-2',3,'image/jpeg',104934,'products/5-2.jpg','[]','2022-01-04 21:11:12','2022-01-04 21:11:12',NULL),(63,0,'5-3',3,'image/jpeg',131628,'products/5-3.jpg','[]','2022-01-04 21:11:13','2022-01-04 21:11:13',NULL),(64,0,'5',3,'image/jpeg',214767,'products/5.jpg','[]','2022-01-04 21:11:13','2022-01-04 21:11:13',NULL),(65,0,'6-1',3,'image/jpeg',128041,'products/6-1.jpg','[]','2022-01-04 21:11:14','2022-01-04 21:11:14',NULL),(66,0,'6',3,'image/jpeg',148485,'products/6.jpg','[]','2022-01-04 21:11:15','2022-01-04 21:11:15',NULL),(67,0,'7-1',3,'image/jpeg',144008,'products/7-1.jpg','[]','2022-01-04 21:11:15','2022-01-04 21:11:15',NULL),(68,0,'7',3,'image/jpeg',188821,'products/7.jpg','[]','2022-01-04 21:11:16','2022-01-04 21:11:16',NULL),(69,0,'8-1',3,'image/jpeg',274272,'products/8-1.jpg','[]','2022-01-04 21:11:16','2022-01-04 21:11:16',NULL),(70,0,'8',3,'image/jpeg',217862,'products/8.jpg','[]','2022-01-04 21:11:17','2022-01-04 21:11:17',NULL),(71,0,'9-1',3,'image/jpeg',65624,'products/9-1.jpg','[]','2022-01-04 21:11:17','2022-01-04 21:11:17',NULL),(72,0,'9',3,'image/jpeg',159636,'products/9.jpg','[]','2022-01-04 21:11:17','2022-01-04 21:11:17',NULL),(73,0,'1',4,'image/jpeg',274660,'customers/1.jpg','[]','2022-01-04 21:11:19','2022-01-04 21:11:19',NULL),(74,0,'2',4,'image/jpeg',295031,'customers/2.jpg','[]','2022-01-04 21:11:19','2022-01-04 21:11:19',NULL),(75,0,'3',4,'image/jpeg',183576,'customers/3.jpg','[]','2022-01-04 21:11:20','2022-01-04 21:11:20',NULL),(76,0,'4',4,'image/jpeg',245360,'customers/4.jpg','[]','2022-01-04 21:11:20','2022-01-04 21:11:20',NULL),(77,0,'5',4,'image/jpeg',262908,'customers/5.jpg','[]','2022-01-04 21:11:20','2022-01-04 21:11:20',NULL),(78,0,'6',4,'image/jpeg',109600,'customers/6.jpg','[]','2022-01-04 21:11:20','2022-01-04 21:11:20',NULL),(79,0,'7',4,'image/jpeg',159280,'customers/7.jpg','[]','2022-01-04 21:11:21','2022-01-04 21:11:21',NULL),(80,0,'8',4,'image/jpeg',99998,'customers/8.jpg','[]','2022-01-04 21:11:21','2022-01-04 21:11:21',NULL),(81,0,'1',5,'image/jpeg',62921,'flash-sales/1.jpg','[]','2022-01-04 21:11:22','2022-01-04 21:11:22',NULL),(82,0,'2',5,'image/jpeg',74131,'flash-sales/2.jpg','[]','2022-01-04 21:11:22','2022-01-04 21:11:22',NULL),(83,0,'1-1',6,'image/png',653539,'sliders/1-1.png','[]','2022-01-04 21:11:24','2022-01-04 21:11:24',NULL),(84,0,'1-2',6,'image/png',688883,'sliders/1-2.png','[]','2022-01-04 21:11:24','2022-01-04 21:11:24',NULL),(85,0,'1-3',6,'image/png',249966,'sliders/1-3.png','[]','2022-01-04 21:11:25','2022-01-04 21:11:25',NULL),(86,0,'2-1',6,'image/png',662495,'sliders/2-1.png','[]','2022-01-04 21:11:26','2022-01-04 21:11:26',NULL),(87,0,'2-2',6,'image/png',691309,'sliders/2-2.png','[]','2022-01-04 21:11:26','2022-01-04 21:11:26',NULL),(88,0,'2-3',6,'image/png',249966,'sliders/2-3.png','[]','2022-01-04 21:11:27','2022-01-04 21:11:27',NULL),(89,0,'3-1',6,'image/png',164134,'sliders/3-1.png','[]','2022-01-04 21:11:28','2022-01-04 21:11:28',NULL),(90,0,'3-2',6,'image/png',140217,'sliders/3-2.png','[]','2022-01-04 21:11:29','2022-01-04 21:11:29',NULL),(91,0,'4-1',6,'image/png',415854,'sliders/4-1.png','[]','2022-01-04 21:11:30','2022-01-04 21:11:30',NULL),(92,0,'4-2',6,'image/png',407249,'sliders/4-2.png','[]','2022-01-04 21:11:31','2022-01-04 21:11:31',NULL),(93,0,'4-3',6,'image/png',249966,'sliders/4-3.png','[]','2022-01-04 21:11:31','2022-01-04 21:11:31',NULL),(94,0,'1',7,'image/jpeg',533441,'news/1.jpg','[]','2022-01-04 21:11:33','2022-01-04 21:11:33',NULL),(95,0,'10',7,'image/jpeg',342651,'news/10.jpg','[]','2022-01-04 21:11:33','2022-01-04 21:11:33',NULL),(96,0,'11',7,'image/jpeg',296740,'news/11.jpg','[]','2022-01-04 21:11:34','2022-01-04 21:11:34',NULL),(97,0,'2',7,'image/jpeg',292594,'news/2.jpg','[]','2022-01-04 21:11:34','2022-01-04 21:11:34',NULL),(98,0,'3',7,'image/jpeg',382930,'news/3.jpg','[]','2022-01-04 21:11:35','2022-01-04 21:11:35',NULL),(99,0,'4',7,'image/jpeg',403060,'news/4.jpg','[]','2022-01-04 21:11:35','2022-01-04 21:11:35',NULL),(100,0,'5',7,'image/jpeg',727445,'news/5.jpg','[]','2022-01-04 21:11:35','2022-01-04 21:11:35',NULL),(101,0,'6',7,'image/jpeg',361958,'news/6.jpg','[]','2022-01-04 21:11:36','2022-01-04 21:11:36',NULL),(102,0,'7',7,'image/jpeg',904027,'news/7.jpg','[]','2022-01-04 21:11:36','2022-01-04 21:11:36',NULL),(103,0,'8',7,'image/jpeg',351088,'news/8.jpg','[]','2022-01-04 21:11:37','2022-01-04 21:11:37',NULL),(104,0,'9',7,'image/jpeg',353751,'news/9.jpg','[]','2022-01-04 21:11:37','2022-01-04 21:11:37',NULL),(105,0,'1',8,'image/png',66416,'promotion/1.png','[]','2022-01-04 21:11:38','2022-01-04 21:11:38',NULL),(106,0,'2',8,'image/png',70051,'promotion/2.png','[]','2022-01-04 21:11:39','2022-01-04 21:11:39',NULL),(107,0,'3',8,'image/png',66675,'promotion/3.png','[]','2022-01-04 21:11:39','2022-01-04 21:11:39',NULL),(108,0,'4',8,'image/png',61720,'promotion/4.png','[]','2022-01-04 21:11:40','2022-01-04 21:11:40',NULL),(109,0,'5',8,'image/png',25894,'promotion/5.png','[]','2022-01-04 21:11:40','2022-01-04 21:11:40',NULL),(110,0,'6',8,'image/png',528935,'promotion/6.png','[]','2022-01-04 21:11:40','2022-01-04 21:11:40',NULL),(111,0,'favicon',9,'image/png',2343,'general/favicon.png','[]','2022-01-04 21:11:43','2022-01-04 21:11:43',NULL),(112,0,'icon-bag',9,'image/png',15551,'general/icon-bag.png','[]','2022-01-04 21:11:44','2022-01-04 21:11:44',NULL),(113,0,'icon-operator',9,'image/png',23328,'general/icon-operator.png','[]','2022-01-04 21:11:44','2022-01-04 21:11:44',NULL),(114,0,'icon-purchase',9,'image/png',22947,'general/icon-purchase.png','[]','2022-01-04 21:11:45','2022-01-04 21:11:45',NULL),(115,0,'icon-truck',9,'image/png',17131,'general/icon-truck.png','[]','2022-01-04 21:11:45','2022-01-04 21:11:45',NULL),(116,0,'logo-light',9,'image/png',1938,'general/logo-light.png','[]','2022-01-04 21:11:45','2022-01-04 21:11:45',NULL),(117,0,'logo',9,'image/png',2494,'general/logo.png','[]','2022-01-04 21:11:45','2022-01-04 21:11:45',NULL),(118,0,'open-graph-image',9,'image/png',293189,'general/open-graph-image.png','[]','2022-01-04 21:11:46','2022-01-04 21:11:46',NULL),(119,0,'payment-methods',9,'image/png',10634,'general/payment-methods.png','[]','2022-01-04 21:11:46','2022-01-04 21:11:46',NULL);
/*!40000 ALTER TABLE `media_files` ENABLE KEYS */;
UNLOCK TABLES;

--
-- Table structure for table `media_folders`
--

DROP TABLE IF EXISTS `media_folders`;
/*!40101 SET @saved_cs_client     = @@character_set_client */;
/*!40101 SET character_set_client = utf8 */;
CREATE TABLE `media_folders` (
  `id` bigint(20) unsigned NOT NULL AUTO_INCREMENT,
  `user_id` int(10) unsigned NOT NULL,
  `name` varchar(191) COLLATE utf8mb4_unicode_ci DEFAULT NULL,
  `slug` varchar(191) COLLATE utf8mb4_unicode_ci DEFAULT NULL,
  `parent_id` int(11) NOT NULL DEFAULT 0,
  `created_at` timestamp NULL DEFAULT NULL,
  `updated_at` timestamp NULL DEFAULT NULL,
  `deleted_at` timestamp NULL DEFAULT NULL,
  PRIMARY KEY (`id`),
  KEY `media_folders_user_id_index` (`user_id`)
) ENGINE=InnoDB AUTO_INCREMENT=10 DEFAULT CHARSET=utf8mb4 COLLATE=utf8mb4_unicode_ci;
/*!40101 SET character_set_client = @saved_cs_client */;

--
-- Dumping data for table `media_folders`
--

LOCK TABLES `media_folders` WRITE;
/*!40000 ALTER TABLE `media_folders` DISABLE KEYS */;
INSERT INTO `media_folders` VALUES (1,0,'brands','brands',0,'2022-01-04 21:10:43','2022-01-04 21:10:43',NULL),(2,0,'product-categories','product-categories',0,'2022-01-04 21:10:45','2022-01-04 21:10:45',NULL),(3,0,'products','products',0,'2022-01-04 21:10:47','2022-01-04 21:10:47',NULL),(4,0,'customers','customers',0,'2022-01-04 21:11:19','2022-01-04 21:11:19',NULL),(5,0,'flash-sales','flash-sales',0,'2022-01-04 21:11:22','2022-01-04 21:11:22',NULL),(6,0,'sliders','sliders',0,'2022-01-04 21:11:24','2022-01-04 21:11:24',NULL),(7,0,'news','news',0,'2022-01-04 21:11:33','2022-01-04 21:11:33',NULL),(8,0,'promotion','promotion',0,'2022-01-04 21:11:38','2022-01-04 21:11:38',NULL),(9,0,'general','general',0,'2022-01-04 21:11:43','2022-01-04 21:11:43',NULL);
/*!40000 ALTER TABLE `media_folders` ENABLE KEYS */;
UNLOCK TABLES;

--
-- Table structure for table `media_settings`
--

DROP TABLE IF EXISTS `media_settings`;
/*!40101 SET @saved_cs_client     = @@character_set_client */;
/*!40101 SET character_set_client = utf8 */;
CREATE TABLE `media_settings` (
  `id` bigint(20) unsigned NOT NULL AUTO_INCREMENT,
  `key` varchar(120) COLLATE utf8mb4_unicode_ci NOT NULL,
  `value` text COLLATE utf8mb4_unicode_ci DEFAULT NULL,
  `media_id` int(11) DEFAULT NULL,
  `user_id` int(11) DEFAULT NULL,
  `created_at` timestamp NULL DEFAULT NULL,
  `updated_at` timestamp NULL DEFAULT NULL,
  PRIMARY KEY (`id`)
) ENGINE=InnoDB DEFAULT CHARSET=utf8mb4 COLLATE=utf8mb4_unicode_ci;
/*!40101 SET character_set_client = @saved_cs_client */;

--
-- Dumping data for table `media_settings`
--

LOCK TABLES `media_settings` WRITE;
/*!40000 ALTER TABLE `media_settings` DISABLE KEYS */;
/*!40000 ALTER TABLE `media_settings` ENABLE KEYS */;
UNLOCK TABLES;

--
-- Table structure for table `menu_locations`
--

DROP TABLE IF EXISTS `menu_locations`;
/*!40101 SET @saved_cs_client     = @@character_set_client */;
/*!40101 SET character_set_client = utf8 */;
CREATE TABLE `menu_locations` (
  `id` bigint(20) unsigned NOT NULL AUTO_INCREMENT,
  `menu_id` int(10) unsigned NOT NULL,
  `location` varchar(120) COLLATE utf8mb4_unicode_ci NOT NULL,
  `created_at` timestamp NULL DEFAULT NULL,
  `updated_at` timestamp NULL DEFAULT NULL,
  PRIMARY KEY (`id`)
) ENGINE=InnoDB AUTO_INCREMENT=3 DEFAULT CHARSET=utf8mb4 COLLATE=utf8mb4_unicode_ci;
/*!40101 SET character_set_client = @saved_cs_client */;

--
-- Dumping data for table `menu_locations`
--

LOCK TABLES `menu_locations` WRITE;
/*!40000 ALTER TABLE `menu_locations` DISABLE KEYS */;
INSERT INTO `menu_locations` VALUES (1,1,'main-menu','2022-01-04 21:11:43','2022-01-04 21:11:43'),(2,4,'main-menu','2022-01-04 21:11:43','2022-01-04 21:11:43');
/*!40000 ALTER TABLE `menu_locations` ENABLE KEYS */;
UNLOCK TABLES;

--
-- Table structure for table `menu_nodes`
--

DROP TABLE IF EXISTS `menu_nodes`;
/*!40101 SET @saved_cs_client     = @@character_set_client */;
/*!40101 SET character_set_client = utf8 */;
CREATE TABLE `menu_nodes` (
  `id` bigint(20) unsigned NOT NULL AUTO_INCREMENT,
  `menu_id` int(10) unsigned NOT NULL,
  `parent_id` int(10) unsigned NOT NULL DEFAULT 0,
  `reference_id` int(10) unsigned DEFAULT NULL,
  `reference_type` varchar(255) COLLATE utf8mb4_unicode_ci DEFAULT NULL,
  `url` varchar(120) COLLATE utf8mb4_unicode_ci DEFAULT NULL,
  `icon_font` varchar(50) COLLATE utf8mb4_unicode_ci DEFAULT NULL,
  `position` tinyint(3) unsigned NOT NULL DEFAULT 0,
  `title` varchar(120) COLLATE utf8mb4_unicode_ci DEFAULT NULL,
  `css_class` varchar(120) COLLATE utf8mb4_unicode_ci DEFAULT NULL,
  `target` varchar(20) COLLATE utf8mb4_unicode_ci NOT NULL DEFAULT '_self',
  `has_child` tinyint(3) unsigned NOT NULL DEFAULT 0,
  `created_at` timestamp NULL DEFAULT NULL,
  `updated_at` timestamp NULL DEFAULT NULL,
  PRIMARY KEY (`id`),
  KEY `menu_nodes_menu_id_index` (`menu_id`),
  KEY `menu_nodes_parent_id_index` (`parent_id`)
) ENGINE=InnoDB AUTO_INCREMENT=69 DEFAULT CHARSET=utf8mb4 COLLATE=utf8mb4_unicode_ci;
/*!40101 SET character_set_client = @saved_cs_client */;

--
-- Dumping data for table `menu_nodes`
--

LOCK TABLES `menu_nodes` WRITE;
/*!40000 ALTER TABLE `menu_nodes` DISABLE KEYS */;
INSERT INTO `menu_nodes` VALUES (1,1,0,NULL,NULL,'/',NULL,0,'Home',NULL,'_self',1,'2022-01-04 21:11:43','2022-01-04 21:11:43'),(2,1,1,1,'Botble\\Page\\Models\\Page','',NULL,0,'Home 1',NULL,'_self',0,'2022-01-04 21:11:43','2022-01-04 21:11:43'),(3,1,1,2,'Botble\\Page\\Models\\Page','/homepage-2',NULL,0,'Home 2',NULL,'_self',0,'2022-01-04 21:11:43','2022-01-04 21:11:43'),(4,1,1,3,'Botble\\Page\\Models\\Page','/homepage-3',NULL,0,'Home 3',NULL,'_self',0,'2022-01-04 21:11:43','2022-01-04 21:11:43'),(5,1,1,4,'Botble\\Page\\Models\\Page','/homepage-4',NULL,0,'Home 4',NULL,'_self',0,'2022-01-04 21:11:43','2022-01-04 21:11:43'),(6,1,0,NULL,NULL,'/products',NULL,0,'Shop',NULL,'_self',1,'2022-01-04 21:11:43','2022-01-04 21:11:43'),(7,1,6,NULL,NULL,'/products',NULL,0,'Shop Grid - Full Width',NULL,'_self',0,'2022-01-04 21:11:43','2022-01-04 21:11:43'),(8,1,6,NULL,NULL,'/products?layout=product-right-sidebar',NULL,0,'Shop Grid - Right Sidebar',NULL,'_self',0,'2022-01-04 21:11:43','2022-01-04 21:11:43'),(9,1,6,NULL,NULL,'/products?layout=product-left-sidebar',NULL,0,'Shop Grid - Left Sidebar',NULL,'_self',0,'2022-01-04 21:11:43','2022-01-04 21:11:43'),(10,1,6,1,'Botble\\Ecommerce\\Models\\ProductCategory','/product-categories/hot-promotions',NULL,0,'Products Of Category',NULL,'_self',0,'2022-01-04 21:11:43','2022-01-04 21:11:43'),(11,1,0,NULL,NULL,'#',NULL,0,'Product',NULL,'_self',1,'2022-01-04 21:11:43','2022-01-04 21:11:43'),(12,1,11,NULL,NULL,'/products/smart-home-speaker',NULL,0,'Product Right Sidebar',NULL,'_self',0,'2022-01-04 21:11:43','2022-01-04 21:11:43'),(13,1,11,NULL,NULL,'/products/headphone-ultra-bass',NULL,0,'Product Left Sidebar',NULL,'_self',0,'2022-01-04 21:11:43','2022-01-04 21:11:43'),(14,1,11,NULL,NULL,'/products/boxed-bluetooth-headphone',NULL,0,'Product Full Width',NULL,'_self',0,'2022-01-04 21:11:43','2022-01-04 21:11:43'),(15,1,0,5,'Botble\\Page\\Models\\Page','/blog',NULL,0,'Blog',NULL,'_self',1,'2022-01-04 21:11:43','2022-01-04 21:11:43'),(16,1,15,5,'Botble\\Page\\Models\\Page','/blog',NULL,0,'Blog Right Sidebar',NULL,'_self',0,'2022-01-04 21:11:43','2022-01-04 21:11:43'),(17,1,15,13,'Botble\\Page\\Models\\Page','/blog-left-sidebar',NULL,0,'Blog Left Sidebar',NULL,'_self',0,'2022-01-04 21:11:43','2022-01-04 21:11:43'),(18,1,15,NULL,NULL,'/blog/4-expert-tips-on-how-to-choose-the-right-mens-wallet',NULL,0,'Single Post Right Sidebar',NULL,'_self',0,'2022-01-04 21:11:43','2022-01-04 21:11:43'),(19,1,15,NULL,NULL,'/blog/sexy-clutches-how-to-buy-wear-a-designer-clutch-bag',NULL,0,'Single Post Left Sidebar',NULL,'_self',0,'2022-01-04 21:11:43','2022-01-04 21:11:43'),(20,1,15,NULL,NULL,'/blog/the-top-2020-handbag-trends-to-know',NULL,0,'Single Post Full Width',NULL,'_self',0,'2022-01-04 21:11:43','2022-01-04 21:11:43'),(21,1,15,NULL,NULL,'/blog/how-to-match-the-color-of-your-handbag-with-an-outfit',NULL,0,'Single Post with Product Listing',NULL,'_self',0,'2022-01-04 21:11:43','2022-01-04 21:11:43'),(22,1,0,14,'Botble\\Page\\Models\\Page','/faq',NULL,0,'FAQ',NULL,'_self',0,'2022-01-04 21:11:43','2022-01-04 21:11:43'),(23,1,0,6,'Botble\\Page\\Models\\Page','/contact',NULL,0,'Contact',NULL,'_self',0,'2022-01-04 21:11:43','2022-01-04 21:11:43'),(24,2,0,1,'Botble\\Ecommerce\\Models\\ProductCategory','/product-categories/hot-promotions',NULL,0,'Men',NULL,'_self',0,'2022-01-04 21:11:43','2022-01-04 21:11:43'),(25,2,0,2,'Botble\\Ecommerce\\Models\\ProductCategory','/product-categories/electronics',NULL,0,'Women',NULL,'_self',0,'2022-01-04 21:11:43','2022-01-04 21:11:43'),(26,2,0,3,'Botble\\Ecommerce\\Models\\ProductCategory','/product-categories/home-audio-theaters',NULL,0,'Accessories',NULL,'_self',0,'2022-01-04 21:11:43','2022-01-04 21:11:43'),(27,2,0,4,'Botble\\Ecommerce\\Models\\ProductCategory','/product-categories/tv-videos',NULL,0,'Shoes',NULL,'_self',0,'2022-01-04 21:11:43','2022-01-04 21:11:43'),(28,2,0,5,'Botble\\Ecommerce\\Models\\ProductCategory','/product-categories/camera-photos-videos',NULL,0,'Denim',NULL,'_self',0,'2022-01-04 21:11:43','2022-01-04 21:11:43'),(29,2,0,6,'Botble\\Ecommerce\\Models\\ProductCategory','/product-categories/cellphones-accessories',NULL,0,'Dress',NULL,'_self',0,'2022-01-04 21:11:43','2022-01-04 21:11:43'),(30,3,0,6,'Botble\\Page\\Models\\Page','/contact',NULL,0,'Contact Us',NULL,'_self',0,'2022-01-04 21:11:43','2022-01-04 21:11:43'),(31,3,0,8,'Botble\\Page\\Models\\Page','/cookie-policy',NULL,0,'About Us',NULL,'_self',0,'2022-01-04 21:11:43','2022-01-04 21:11:43'),(32,3,0,9,'Botble\\Page\\Models\\Page','/terms-conditions',NULL,0,'Terms & Conditions',NULL,'_self',0,'2022-01-04 21:11:43','2022-01-04 21:11:43'),(33,3,0,10,'Botble\\Page\\Models\\Page','/returns-exchanges',NULL,0,'Returns & Exchanges',NULL,'_self',0,'2022-01-04 21:11:43','2022-01-04 21:11:43'),(34,3,0,11,'Botble\\Page\\Models\\Page','/shipping-delivery',NULL,0,'Shipping & Delivery',NULL,'_self',0,'2022-01-04 21:11:43','2022-01-04 21:11:43'),(35,3,0,12,'Botble\\Page\\Models\\Page','/privacy-policy',NULL,0,'Privacy Policy',NULL,'_self',0,'2022-01-04 21:11:43','2022-01-04 21:11:43'),(36,4,0,NULL,NULL,'/',NULL,0,'Trang chủ',NULL,'_self',1,'2022-01-04 21:11:43','2022-01-04 21:11:43'),(37,4,36,1,'Botble\\Page\\Models\\Page','',NULL,0,'Trang chủ 1',NULL,'_self',0,'2022-01-04 21:11:43','2022-01-04 21:11:43'),(38,4,36,2,'Botble\\Page\\Models\\Page','/homepage-2',NULL,0,'Trang chủ 2',NULL,'_self',0,'2022-01-04 21:11:43','2022-01-04 21:11:43'),(39,4,36,3,'Botble\\Page\\Models\\Page','/homepage-3',NULL,0,'Trang chủ 3',NULL,'_self',0,'2022-01-04 21:11:43','2022-01-04 21:11:43'),(40,4,36,4,'Botble\\Page\\Models\\Page','/homepage-4',NULL,0,'Trang chủ 4',NULL,'_self',0,'2022-01-04 21:11:43','2022-01-04 21:11:43'),(41,4,0,NULL,NULL,'/products',NULL,0,'Bán hàng',NULL,'_self',1,'2022-01-04 21:11:43','2022-01-04 21:11:43'),(42,4,41,NULL,NULL,'/products',NULL,0,'Tất cả sản phẩm',NULL,'_self',0,'2022-01-04 21:11:43','2022-01-04 21:11:43'),(43,4,41,1,'Botble\\Ecommerce\\Models\\ProductCategory','/product-categories/hot-promotions',NULL,0,'Danh mục sản phẩm',NULL,'_self',0,'2022-01-04 21:11:43','2022-01-04 21:11:43'),(44,4,0,NULL,NULL,'#',NULL,0,'Sản phẩm',NULL,'_self',1,'2022-01-04 21:11:43','2022-01-04 21:11:43'),(45,4,44,NULL,NULL,'/products/smart-home-speaker',NULL,0,'Sản phẩm Sidebar phải',NULL,'_self',0,'2022-01-04 21:11:43','2022-01-04 21:11:43'),(46,4,44,NULL,NULL,'/products/headphone-ultra-bass',NULL,0,'Sản phẩm Sidebar trái',NULL,'_self',0,'2022-01-04 21:11:43','2022-01-04 21:11:43'),(47,4,44,NULL,NULL,'/products/boxed-bluetooth-headphone',NULL,0,'Sản phẩm full width',NULL,'_self',0,'2022-01-04 21:11:43','2022-01-04 21:11:43'),(48,4,0,5,'Botble\\Page\\Models\\Page','/blog',NULL,0,'Tin tức',NULL,'_self',1,'2022-01-04 21:11:43','2022-01-04 21:11:43'),(49,4,48,5,'Botble\\Page\\Models\\Page','/blog',NULL,0,'Tin tức Sidebar phải',NULL,'_self',0,'2022-01-04 21:11:43','2022-01-04 21:11:43'),(50,4,48,13,'Botble\\Page\\Models\\Page','/blog-left-sidebar',NULL,0,'Tin tức Sidebar trái',NULL,'_self',0,'2022-01-04 21:11:43','2022-01-04 21:11:43'),(51,4,48,NULL,NULL,'/blog/4-expert-tips-on-how-to-choose-the-right-mens-wallet',NULL,0,'Bài viết Sidebar phải',NULL,'_self',0,'2022-01-04 21:11:43','2022-01-04 21:11:43'),(52,4,48,NULL,NULL,'/blog/sexy-clutches-how-to-buy-wear-a-designer-clutch-bag',NULL,0,'Bài viết Sidebar trái',NULL,'_self',0,'2022-01-04 21:11:43','2022-01-04 21:11:43'),(53,4,48,NULL,NULL,'/blog/the-top-2020-handbag-trends-to-know',NULL,0,'Bài viết Full Width',NULL,'_self',0,'2022-01-04 21:11:43','2022-01-04 21:11:43'),(54,4,48,NULL,NULL,'/blog/how-to-match-the-color-of-your-handbag-with-an-outfit',NULL,0,'Bài viết with kèm sản phẩm',NULL,'_self',0,'2022-01-04 21:11:43','2022-01-04 21:11:43'),(55,4,0,14,'Botble\\Page\\Models\\Page','/faq',NULL,0,'FAQ',NULL,'_self',0,'2022-01-04 21:11:43','2022-01-04 21:11:43'),(56,4,0,6,'Botble\\Page\\Models\\Page','/contact',NULL,0,'Liên hệ',NULL,'_self',0,'2022-01-04 21:11:43','2022-01-04 21:11:43'),(57,5,0,1,'Botble\\Ecommerce\\Models\\ProductCategory','/product-categories/hot-promotions',NULL,0,'Dành cho nam',NULL,'_self',0,'2022-01-04 21:11:43','2022-01-04 21:11:43'),(58,5,0,2,'Botble\\Ecommerce\\Models\\ProductCategory','/product-categories/electronics',NULL,0,'Dành cho nữ',NULL,'_self',0,'2022-01-04 21:11:43','2022-01-04 21:11:43'),(59,5,0,3,'Botble\\Ecommerce\\Models\\ProductCategory','/product-categories/home-audio-theaters',NULL,0,'Phụ kiện',NULL,'_self',0,'2022-01-04 21:11:43','2022-01-04 21:11:43'),(60,5,0,4,'Botble\\Ecommerce\\Models\\ProductCategory','/product-categories/tv-videos',NULL,0,'Giày dép',NULL,'_self',0,'2022-01-04 21:11:43','2022-01-04 21:11:43'),(61,5,0,5,'Botble\\Ecommerce\\Models\\ProductCategory','/product-categories/camera-photos-videos',NULL,0,'Denim',NULL,'_self',0,'2022-01-04 21:11:43','2022-01-04 21:11:43'),(62,5,0,6,'Botble\\Ecommerce\\Models\\ProductCategory','/product-categories/cellphones-accessories',NULL,0,'Quần áo',NULL,'_self',0,'2022-01-04 21:11:43','2022-01-04 21:11:43'),(63,6,0,6,'Botble\\Page\\Models\\Page','/contact',NULL,0,'Liên hệ',NULL,'_self',0,'2022-01-04 21:11:43','2022-01-04 21:11:43'),(64,6,0,8,'Botble\\Page\\Models\\Page','/cookie-policy',NULL,0,'Về chúng tôi',NULL,'_self',0,'2022-01-04 21:11:43','2022-01-04 21:11:43'),(65,6,0,9,'Botble\\Page\\Models\\Page','/terms-conditions',NULL,0,'Điều khoản & quy định',NULL,'_self',0,'2022-01-04 21:11:43','2022-01-04 21:11:43'),(66,6,0,10,'Botble\\Page\\Models\\Page','/returns-exchanges',NULL,0,'Chính sách đổi trả',NULL,'_self',0,'2022-01-04 21:11:43','2022-01-04 21:11:43'),(67,6,0,11,'Botble\\Page\\Models\\Page','/shipping-delivery',NULL,0,'Chính sách vận chuyển',NULL,'_self',0,'2022-01-04 21:11:43','2022-01-04 21:11:43'),(68,6,0,12,'Botble\\Page\\Models\\Page','/privacy-policy',NULL,0,'Chính sách bảo mật',NULL,'_self',0,'2022-01-04 21:11:43','2022-01-04 21:11:43');
/*!40000 ALTER TABLE `menu_nodes` ENABLE KEYS */;
UNLOCK TABLES;

--
-- Table structure for table `menus`
--

DROP TABLE IF EXISTS `menus`;
/*!40101 SET @saved_cs_client     = @@character_set_client */;
/*!40101 SET character_set_client = utf8 */;
CREATE TABLE `menus` (
  `id` bigint(20) unsigned NOT NULL AUTO_INCREMENT,
  `name` varchar(120) COLLATE utf8mb4_unicode_ci NOT NULL,
  `slug` varchar(120) COLLATE utf8mb4_unicode_ci DEFAULT NULL,
  `status` varchar(60) COLLATE utf8mb4_unicode_ci NOT NULL DEFAULT 'published',
  `created_at` timestamp NULL DEFAULT NULL,
  `updated_at` timestamp NULL DEFAULT NULL,
  PRIMARY KEY (`id`),
  UNIQUE KEY `menus_slug_unique` (`slug`)
) ENGINE=InnoDB AUTO_INCREMENT=7 DEFAULT CHARSET=utf8mb4 COLLATE=utf8mb4_unicode_ci;
/*!40101 SET character_set_client = @saved_cs_client */;

--
-- Dumping data for table `menus`
--

LOCK TABLES `menus` WRITE;
/*!40000 ALTER TABLE `menus` DISABLE KEYS */;
INSERT INTO `menus` VALUES (1,'Main menu','main-menu','published','2022-01-04 21:11:43','2022-01-04 21:11:43'),(2,'Product categories','product-categories','published','2022-01-04 21:11:43','2022-01-04 21:11:43'),(3,'Information','information','published','2022-01-04 21:11:43','2022-01-04 21:11:43'),(4,'Menu chính','menu-chinh','published','2022-01-04 21:11:43','2022-01-04 21:11:43'),(5,'Product categories','danh-muc-san-pham','published','2022-01-04 21:11:43','2022-01-04 21:11:43'),(6,'Information','thong-tin','published','2022-01-04 21:11:43','2022-01-04 21:11:43');
/*!40000 ALTER TABLE `menus` ENABLE KEYS */;
UNLOCK TABLES;

--
-- Table structure for table `meta_boxes`
--

DROP TABLE IF EXISTS `meta_boxes`;
/*!40101 SET @saved_cs_client     = @@character_set_client */;
/*!40101 SET character_set_client = utf8 */;
CREATE TABLE `meta_boxes` (
  `id` bigint(20) unsigned NOT NULL AUTO_INCREMENT,
  `meta_key` varchar(255) COLLATE utf8mb4_unicode_ci NOT NULL,
  `meta_value` text COLLATE utf8mb4_unicode_ci DEFAULT NULL,
  `reference_id` int(10) unsigned NOT NULL,
  `reference_type` varchar(120) COLLATE utf8mb4_unicode_ci NOT NULL,
  `created_at` timestamp NULL DEFAULT NULL,
  `updated_at` timestamp NULL DEFAULT NULL,
  PRIMARY KEY (`id`),
  KEY `meta_boxes_reference_id_index` (`reference_id`)
) ENGINE=InnoDB AUTO_INCREMENT=154 DEFAULT CHARSET=utf8mb4 COLLATE=utf8mb4_unicode_ci;
/*!40101 SET character_set_client = @saved_cs_client */;

--
-- Dumping data for table `meta_boxes`
--

LOCK TABLES `meta_boxes` WRITE;
/*!40000 ALTER TABLE `meta_boxes` DISABLE KEYS */;
INSERT INTO `meta_boxes` VALUES (1,'icon','[\"far fa-star\"]',1,'Botble\\Ecommerce\\Models\\ProductCategory','2022-01-04 21:10:47','2022-01-04 21:10:47'),(2,'icon','[\"wowy-font-cpu\"]',2,'Botble\\Ecommerce\\Models\\ProductCategory','2022-01-04 21:10:47','2022-01-04 21:10:47'),(3,'icon','[\"wowy-font-tshirt\"]',11,'Botble\\Ecommerce\\Models\\ProductCategory','2022-01-04 21:10:47','2022-01-04 21:10:47'),(4,'icon','[\"wowy-font-desktop\"]',12,'Botble\\Ecommerce\\Models\\ProductCategory','2022-01-04 21:10:47','2022-01-04 21:10:47'),(5,'icon','[\"wowy-font-home\"]',17,'Botble\\Ecommerce\\Models\\ProductCategory','2022-01-04 21:10:47','2022-01-04 21:10:47'),(6,'icon','[\"wowy-font-dress\"]',18,'Botble\\Ecommerce\\Models\\ProductCategory','2022-01-04 21:10:47','2022-01-04 21:10:47'),(7,'icon','[\"wowy-font-diamond\"]',19,'Botble\\Ecommerce\\Models\\ProductCategory','2022-01-04 21:10:47','2022-01-04 21:10:47'),(8,'icon','[\"far fa-microchip\"]',20,'Botble\\Ecommerce\\Models\\ProductCategory','2022-01-04 21:10:47','2022-01-04 21:10:47'),(9,'icon','[\"wowy-font-smartphone\"]',25,'Botble\\Ecommerce\\Models\\ProductCategory','2022-01-04 21:10:47','2022-01-04 21:10:47'),(10,'icon','[\"wowy-font-teddy-bear\"]',26,'Botble\\Ecommerce\\Models\\ProductCategory','2022-01-04 21:10:47','2022-01-04 21:10:47'),(11,'icon','[\"wowy-font-kite\"]',27,'Botble\\Ecommerce\\Models\\ProductCategory','2022-01-04 21:10:47','2022-01-04 21:10:47'),(12,'icon','[\"far fa-book\"]',28,'Botble\\Ecommerce\\Models\\ProductCategory','2022-01-04 21:10:47','2022-01-04 21:10:47'),(13,'icon','[\"far fa-car\"]',29,'Botble\\Ecommerce\\Models\\ProductCategory','2022-01-04 21:10:47','2022-01-04 21:10:47'),(14,'icon','[\"wowy-font-home\"]',30,'Botble\\Ecommerce\\Models\\ProductCategory','2022-01-04 21:10:47','2022-01-04 21:10:47'),(15,'layout','[\"product-right-sidebar\"]',1,'Botble\\Ecommerce\\Models\\Product','2022-01-04 21:11:18','2022-01-04 21:11:18'),(16,'faq_schema_config','[[[{\"key\":\"question\",\"value\":\"What Shipping Methods Are Available?\"},{\"key\":\"answer\",\"value\":\"Ex Portland Pitchfork irure mustache. Eutra fap before they sold out literally. Aliquip ugh bicycle rights actually mlkshk, seitan squid craft beer tempor.\"}],[{\"key\":\"question\",\"value\":\"Do You Ship Internationally?\"},{\"key\":\"answer\",\"value\":\"Hoodie tote bag mixtape tofu. Typewriter jean shorts wolf quinoa, messenger bag organic freegan cray.\"}],[{\"key\":\"question\",\"value\":\"How Long Will It Take To Get My Package?\"},{\"key\":\"answer\",\"value\":\"Swag slow-carb quinoa VHS typewriter pork belly brunch, paleo single-origin coffee Wes Anderson. Flexitarian Pitchfork forage, literally paleo fap pour-over. Wes Anderson Pinterest YOLO fanny pack meggings, deep v XOXO chambray sustainable slow-carb raw denim church-key fap chillwave Etsy. +1 typewriter kitsch, American Apparel tofu Banksy Vice.\"}],[{\"key\":\"question\",\"value\":\"What Payment Methods Are Accepted?\"},{\"key\":\"answer\",\"value\":\"Fashion axe DIY jean shorts, swag kale chips meh polaroid kogi butcher Wes Anderson chambray next level semiotics gentrify yr. Voluptate photo booth fugiat Vice. Austin sed Williamsburg, ea labore raw denim voluptate cred proident mixtape excepteur mustache. Twee chia photo booth readymade food truck, hoodie roof party swag keytar PBR DIY.\"}],[{\"key\":\"question\",\"value\":\"Is Buying On-Line Safe?\"},{\"key\":\"answer\",\"value\":\"Art party authentic freegan semiotics jean shorts chia cred. Neutra Austin roof party Brooklyn, synth Thundercats swag 8-bit photo booth. Plaid letterpress leggings craft beer meh ethical Pinterest.\"}]]]',1,'Botble\\Ecommerce\\Models\\Product','2022-01-04 21:11:18','2022-01-04 21:11:18'),(17,'layout','[\"product-left-sidebar\"]',2,'Botble\\Ecommerce\\Models\\Product','2022-01-04 21:11:18','2022-01-04 21:11:18'),(18,'faq_schema_config','[[[{\"key\":\"question\",\"value\":\"What Shipping Methods Are Available?\"},{\"key\":\"answer\",\"value\":\"Ex Portland Pitchfork irure mustache. Eutra fap before they sold out literally. Aliquip ugh bicycle rights actually mlkshk, seitan squid craft beer tempor.\"}],[{\"key\":\"question\",\"value\":\"Do You Ship Internationally?\"},{\"key\":\"answer\",\"value\":\"Hoodie tote bag mixtape tofu. Typewriter jean shorts wolf quinoa, messenger bag organic freegan cray.\"}],[{\"key\":\"question\",\"value\":\"How Long Will It Take To Get My Package?\"},{\"key\":\"answer\",\"value\":\"Swag slow-carb quinoa VHS typewriter pork belly brunch, paleo single-origin coffee Wes Anderson. Flexitarian Pitchfork forage, literally paleo fap pour-over. Wes Anderson Pinterest YOLO fanny pack meggings, deep v XOXO chambray sustainable slow-carb raw denim church-key fap chillwave Etsy. +1 typewriter kitsch, American Apparel tofu Banksy Vice.\"}],[{\"key\":\"question\",\"value\":\"What Payment Methods Are Accepted?\"},{\"key\":\"answer\",\"value\":\"Fashion axe DIY jean shorts, swag kale chips meh polaroid kogi butcher Wes Anderson chambray next level semiotics gentrify yr. Voluptate photo booth fugiat Vice. Austin sed Williamsburg, ea labore raw denim voluptate cred proident mixtape excepteur mustache. Twee chia photo booth readymade food truck, hoodie roof party swag keytar PBR DIY.\"}],[{\"key\":\"question\",\"value\":\"Is Buying On-Line Safe?\"},{\"key\":\"answer\",\"value\":\"Art party authentic freegan semiotics jean shorts chia cred. Neutra Austin roof party Brooklyn, synth Thundercats swag 8-bit photo booth. Plaid letterpress leggings craft beer meh ethical Pinterest.\"}]]]',2,'Botble\\Ecommerce\\Models\\Product','2022-01-04 21:11:18','2022-01-04 21:11:18'),(19,'layout','[\"product-full-width\"]',3,'Botble\\Ecommerce\\Models\\Product','2022-01-04 21:11:18','2022-01-04 21:11:18'),(20,'faq_schema_config','[[[{\"key\":\"question\",\"value\":\"What Shipping Methods Are Available?\"},{\"key\":\"answer\",\"value\":\"Ex Portland Pitchfork irure mustache. Eutra fap before they sold out literally. Aliquip ugh bicycle rights actually mlkshk, seitan squid craft beer tempor.\"}],[{\"key\":\"question\",\"value\":\"Do You Ship Internationally?\"},{\"key\":\"answer\",\"value\":\"Hoodie tote bag mixtape tofu. Typewriter jean shorts wolf quinoa, messenger bag organic freegan cray.\"}],[{\"key\":\"question\",\"value\":\"How Long Will It Take To Get My Package?\"},{\"key\":\"answer\",\"value\":\"Swag slow-carb quinoa VHS typewriter pork belly brunch, paleo single-origin coffee Wes Anderson. Flexitarian Pitchfork forage, literally paleo fap pour-over. Wes Anderson Pinterest YOLO fanny pack meggings, deep v XOXO chambray sustainable slow-carb raw denim church-key fap chillwave Etsy. +1 typewriter kitsch, American Apparel tofu Banksy Vice.\"}],[{\"key\":\"question\",\"value\":\"What Payment Methods Are Accepted?\"},{\"key\":\"answer\",\"value\":\"Fashion axe DIY jean shorts, swag kale chips meh polaroid kogi butcher Wes Anderson chambray next level semiotics gentrify yr. Voluptate photo booth fugiat Vice. Austin sed Williamsburg, ea labore raw denim voluptate cred proident mixtape excepteur mustache. Twee chia photo booth readymade food truck, hoodie roof party swag keytar PBR DIY.\"}],[{\"key\":\"question\",\"value\":\"Is Buying On-Line Safe?\"},{\"key\":\"answer\",\"value\":\"Art party authentic freegan semiotics jean shorts chia cred. Neutra Austin roof party Brooklyn, synth Thundercats swag 8-bit photo booth. Plaid letterpress leggings craft beer meh ethical Pinterest.\"}]]]',3,'Botble\\Ecommerce\\Models\\Product','2022-01-04 21:11:18','2022-01-04 21:11:18'),(21,'faq_schema_config','[[[{\"key\":\"question\",\"value\":\"What Shipping Methods Are Available?\"},{\"key\":\"answer\",\"value\":\"Ex Portland Pitchfork irure mustache. Eutra fap before they sold out literally. Aliquip ugh bicycle rights actually mlkshk, seitan squid craft beer tempor.\"}],[{\"key\":\"question\",\"value\":\"Do You Ship Internationally?\"},{\"key\":\"answer\",\"value\":\"Hoodie tote bag mixtape tofu. Typewriter jean shorts wolf quinoa, messenger bag organic freegan cray.\"}],[{\"key\":\"question\",\"value\":\"How Long Will It Take To Get My Package?\"},{\"key\":\"answer\",\"value\":\"Swag slow-carb quinoa VHS typewriter pork belly brunch, paleo single-origin coffee Wes Anderson. Flexitarian Pitchfork forage, literally paleo fap pour-over. Wes Anderson Pinterest YOLO fanny pack meggings, deep v XOXO chambray sustainable slow-carb raw denim church-key fap chillwave Etsy. +1 typewriter kitsch, American Apparel tofu Banksy Vice.\"}],[{\"key\":\"question\",\"value\":\"What Payment Methods Are Accepted?\"},{\"key\":\"answer\",\"value\":\"Fashion axe DIY jean shorts, swag kale chips meh polaroid kogi butcher Wes Anderson chambray next level semiotics gentrify yr. Voluptate photo booth fugiat Vice. Austin sed Williamsburg, ea labore raw denim voluptate cred proident mixtape excepteur mustache. Twee chia photo booth readymade food truck, hoodie roof party swag keytar PBR DIY.\"}],[{\"key\":\"question\",\"value\":\"Is Buying On-Line Safe?\"},{\"key\":\"answer\",\"value\":\"Art party authentic freegan semiotics jean shorts chia cred. Neutra Austin roof party Brooklyn, synth Thundercats swag 8-bit photo booth. Plaid letterpress leggings craft beer meh ethical Pinterest.\"}]]]',4,'Botble\\Ecommerce\\Models\\Product','2022-01-04 21:11:18','2022-01-04 21:11:18'),(22,'faq_schema_config','[[[{\"key\":\"question\",\"value\":\"What Shipping Methods Are Available?\"},{\"key\":\"answer\",\"value\":\"Ex Portland Pitchfork irure mustache. Eutra fap before they sold out literally. Aliquip ugh bicycle rights actually mlkshk, seitan squid craft beer tempor.\"}],[{\"key\":\"question\",\"value\":\"Do You Ship Internationally?\"},{\"key\":\"answer\",\"value\":\"Hoodie tote bag mixtape tofu. Typewriter jean shorts wolf quinoa, messenger bag organic freegan cray.\"}],[{\"key\":\"question\",\"value\":\"How Long Will It Take To Get My Package?\"},{\"key\":\"answer\",\"value\":\"Swag slow-carb quinoa VHS typewriter pork belly brunch, paleo single-origin coffee Wes Anderson. Flexitarian Pitchfork forage, literally paleo fap pour-over. Wes Anderson Pinterest YOLO fanny pack meggings, deep v XOXO chambray sustainable slow-carb raw denim church-key fap chillwave Etsy. +1 typewriter kitsch, American Apparel tofu Banksy Vice.\"}],[{\"key\":\"question\",\"value\":\"What Payment Methods Are Accepted?\"},{\"key\":\"answer\",\"value\":\"Fashion axe DIY jean shorts, swag kale chips meh polaroid kogi butcher Wes Anderson chambray next level semiotics gentrify yr. Voluptate photo booth fugiat Vice. Austin sed Williamsburg, ea labore raw denim voluptate cred proident mixtape excepteur mustache. Twee chia photo booth readymade food truck, hoodie roof party swag keytar PBR DIY.\"}],[{\"key\":\"question\",\"value\":\"Is Buying On-Line Safe?\"},{\"key\":\"answer\",\"value\":\"Art party authentic freegan semiotics jean shorts chia cred. Neutra Austin roof party Brooklyn, synth Thundercats swag 8-bit photo booth. Plaid letterpress leggings craft beer meh ethical Pinterest.\"}]]]',5,'Botble\\Ecommerce\\Models\\Product','2022-01-04 21:11:18','2022-01-04 21:11:18'),(23,'faq_schema_config','[[[{\"key\":\"question\",\"value\":\"What Shipping Methods Are Available?\"},{\"key\":\"answer\",\"value\":\"Ex Portland Pitchfork irure mustache. Eutra fap before they sold out literally. Aliquip ugh bicycle rights actually mlkshk, seitan squid craft beer tempor.\"}],[{\"key\":\"question\",\"value\":\"Do You Ship Internationally?\"},{\"key\":\"answer\",\"value\":\"Hoodie tote bag mixtape tofu. Typewriter jean shorts wolf quinoa, messenger bag organic freegan cray.\"}],[{\"key\":\"question\",\"value\":\"How Long Will It Take To Get My Package?\"},{\"key\":\"answer\",\"value\":\"Swag slow-carb quinoa VHS typewriter pork belly brunch, paleo single-origin coffee Wes Anderson. Flexitarian Pitchfork forage, literally paleo fap pour-over. Wes Anderson Pinterest YOLO fanny pack meggings, deep v XOXO chambray sustainable slow-carb raw denim church-key fap chillwave Etsy. +1 typewriter kitsch, American Apparel tofu Banksy Vice.\"}],[{\"key\":\"question\",\"value\":\"What Payment Methods Are Accepted?\"},{\"key\":\"answer\",\"value\":\"Fashion axe DIY jean shorts, swag kale chips meh polaroid kogi butcher Wes Anderson chambray next level semiotics gentrify yr. Voluptate photo booth fugiat Vice. Austin sed Williamsburg, ea labore raw denim voluptate cred proident mixtape excepteur mustache. Twee chia photo booth readymade food truck, hoodie roof party swag keytar PBR DIY.\"}],[{\"key\":\"question\",\"value\":\"Is Buying On-Line Safe?\"},{\"key\":\"answer\",\"value\":\"Art party authentic freegan semiotics jean shorts chia cred. Neutra Austin roof party Brooklyn, synth Thundercats swag 8-bit photo booth. Plaid letterpress leggings craft beer meh ethical Pinterest.\"}]]]',6,'Botble\\Ecommerce\\Models\\Product','2022-01-04 21:11:18','2022-01-04 21:11:18'),(24,'faq_schema_config','[[[{\"key\":\"question\",\"value\":\"What Shipping Methods Are Available?\"},{\"key\":\"answer\",\"value\":\"Ex Portland Pitchfork irure mustache. Eutra fap before they sold out literally. Aliquip ugh bicycle rights actually mlkshk, seitan squid craft beer tempor.\"}],[{\"key\":\"question\",\"value\":\"Do You Ship Internationally?\"},{\"key\":\"answer\",\"value\":\"Hoodie tote bag mixtape tofu. Typewriter jean shorts wolf quinoa, messenger bag organic freegan cray.\"}],[{\"key\":\"question\",\"value\":\"How Long Will It Take To Get My Package?\"},{\"key\":\"answer\",\"value\":\"Swag slow-carb quinoa VHS typewriter pork belly brunch, paleo single-origin coffee Wes Anderson. Flexitarian Pitchfork forage, literally paleo fap pour-over. Wes Anderson Pinterest YOLO fanny pack meggings, deep v XOXO chambray sustainable slow-carb raw denim church-key fap chillwave Etsy. +1 typewriter kitsch, American Apparel tofu Banksy Vice.\"}],[{\"key\":\"question\",\"value\":\"What Payment Methods Are Accepted?\"},{\"key\":\"answer\",\"value\":\"Fashion axe DIY jean shorts, swag kale chips meh polaroid kogi butcher Wes Anderson chambray next level semiotics gentrify yr. Voluptate photo booth fugiat Vice. Austin sed Williamsburg, ea labore raw denim voluptate cred proident mixtape excepteur mustache. Twee chia photo booth readymade food truck, hoodie roof party swag keytar PBR DIY.\"}],[{\"key\":\"question\",\"value\":\"Is Buying On-Line Safe?\"},{\"key\":\"answer\",\"value\":\"Art party authentic freegan semiotics jean shorts chia cred. Neutra Austin roof party Brooklyn, synth Thundercats swag 8-bit photo booth. Plaid letterpress leggings craft beer meh ethical Pinterest.\"}]]]',7,'Botble\\Ecommerce\\Models\\Product','2022-01-04 21:11:18','2022-01-04 21:11:18'),(25,'faq_schema_config','[[[{\"key\":\"question\",\"value\":\"What Shipping Methods Are Available?\"},{\"key\":\"answer\",\"value\":\"Ex Portland Pitchfork irure mustache. Eutra fap before they sold out literally. Aliquip ugh bicycle rights actually mlkshk, seitan squid craft beer tempor.\"}],[{\"key\":\"question\",\"value\":\"Do You Ship Internationally?\"},{\"key\":\"answer\",\"value\":\"Hoodie tote bag mixtape tofu. Typewriter jean shorts wolf quinoa, messenger bag organic freegan cray.\"}],[{\"key\":\"question\",\"value\":\"How Long Will It Take To Get My Package?\"},{\"key\":\"answer\",\"value\":\"Swag slow-carb quinoa VHS typewriter pork belly brunch, paleo single-origin coffee Wes Anderson. Flexitarian Pitchfork forage, literally paleo fap pour-over. Wes Anderson Pinterest YOLO fanny pack meggings, deep v XOXO chambray sustainable slow-carb raw denim church-key fap chillwave Etsy. +1 typewriter kitsch, American Apparel tofu Banksy Vice.\"}],[{\"key\":\"question\",\"value\":\"What Payment Methods Are Accepted?\"},{\"key\":\"answer\",\"value\":\"Fashion axe DIY jean shorts, swag kale chips meh polaroid kogi butcher Wes Anderson chambray next level semiotics gentrify yr. Voluptate photo booth fugiat Vice. Austin sed Williamsburg, ea labore raw denim voluptate cred proident mixtape excepteur mustache. Twee chia photo booth readymade food truck, hoodie roof party swag keytar PBR DIY.\"}],[{\"key\":\"question\",\"value\":\"Is Buying On-Line Safe?\"},{\"key\":\"answer\",\"value\":\"Art party authentic freegan semiotics jean shorts chia cred. Neutra Austin roof party Brooklyn, synth Thundercats swag 8-bit photo booth. Plaid letterpress leggings craft beer meh ethical Pinterest.\"}]]]',8,'Botble\\Ecommerce\\Models\\Product','2022-01-04 21:11:18','2022-01-04 21:11:18'),(26,'faq_schema_config','[[[{\"key\":\"question\",\"value\":\"What Shipping Methods Are Available?\"},{\"key\":\"answer\",\"value\":\"Ex Portland Pitchfork irure mustache. Eutra fap before they sold out literally. Aliquip ugh bicycle rights actually mlkshk, seitan squid craft beer tempor.\"}],[{\"key\":\"question\",\"value\":\"Do You Ship Internationally?\"},{\"key\":\"answer\",\"value\":\"Hoodie tote bag mixtape tofu. Typewriter jean shorts wolf quinoa, messenger bag organic freegan cray.\"}],[{\"key\":\"question\",\"value\":\"How Long Will It Take To Get My Package?\"},{\"key\":\"answer\",\"value\":\"Swag slow-carb quinoa VHS typewriter pork belly brunch, paleo single-origin coffee Wes Anderson. Flexitarian Pitchfork forage, literally paleo fap pour-over. Wes Anderson Pinterest YOLO fanny pack meggings, deep v XOXO chambray sustainable slow-carb raw denim church-key fap chillwave Etsy. +1 typewriter kitsch, American Apparel tofu Banksy Vice.\"}],[{\"key\":\"question\",\"value\":\"What Payment Methods Are Accepted?\"},{\"key\":\"answer\",\"value\":\"Fashion axe DIY jean shorts, swag kale chips meh polaroid kogi butcher Wes Anderson chambray next level semiotics gentrify yr. Voluptate photo booth fugiat Vice. Austin sed Williamsburg, ea labore raw denim voluptate cred proident mixtape excepteur mustache. Twee chia photo booth readymade food truck, hoodie roof party swag keytar PBR DIY.\"}],[{\"key\":\"question\",\"value\":\"Is Buying On-Line Safe?\"},{\"key\":\"answer\",\"value\":\"Art party authentic freegan semiotics jean shorts chia cred. Neutra Austin roof party Brooklyn, synth Thundercats swag 8-bit photo booth. Plaid letterpress leggings craft beer meh ethical Pinterest.\"}]]]',9,'Botble\\Ecommerce\\Models\\Product','2022-01-04 21:11:18','2022-01-04 21:11:18'),(27,'faq_schema_config','[[[{\"key\":\"question\",\"value\":\"What Shipping Methods Are Available?\"},{\"key\":\"answer\",\"value\":\"Ex Portland Pitchfork irure mustache. Eutra fap before they sold out literally. Aliquip ugh bicycle rights actually mlkshk, seitan squid craft beer tempor.\"}],[{\"key\":\"question\",\"value\":\"Do You Ship Internationally?\"},{\"key\":\"answer\",\"value\":\"Hoodie tote bag mixtape tofu. Typewriter jean shorts wolf quinoa, messenger bag organic freegan cray.\"}],[{\"key\":\"question\",\"value\":\"How Long Will It Take To Get My Package?\"},{\"key\":\"answer\",\"value\":\"Swag slow-carb quinoa VHS typewriter pork belly brunch, paleo single-origin coffee Wes Anderson. Flexitarian Pitchfork forage, literally paleo fap pour-over. Wes Anderson Pinterest YOLO fanny pack meggings, deep v XOXO chambray sustainable slow-carb raw denim church-key fap chillwave Etsy. +1 typewriter kitsch, American Apparel tofu Banksy Vice.\"}],[{\"key\":\"question\",\"value\":\"What Payment Methods Are Accepted?\"},{\"key\":\"answer\",\"value\":\"Fashion axe DIY jean shorts, swag kale chips meh polaroid kogi butcher Wes Anderson chambray next level semiotics gentrify yr. Voluptate photo booth fugiat Vice. Austin sed Williamsburg, ea labore raw denim voluptate cred proident mixtape excepteur mustache. Twee chia photo booth readymade food truck, hoodie roof party swag keytar PBR DIY.\"}],[{\"key\":\"question\",\"value\":\"Is Buying On-Line Safe?\"},{\"key\":\"answer\",\"value\":\"Art party authentic freegan semiotics jean shorts chia cred. Neutra Austin roof party Brooklyn, synth Thundercats swag 8-bit photo booth. Plaid letterpress leggings craft beer meh ethical Pinterest.\"}]]]',10,'Botble\\Ecommerce\\Models\\Product','2022-01-04 21:11:18','2022-01-04 21:11:18'),(28,'faq_schema_config','[[[{\"key\":\"question\",\"value\":\"What Shipping Methods Are Available?\"},{\"key\":\"answer\",\"value\":\"Ex Portland Pitchfork irure mustache. Eutra fap before they sold out literally. Aliquip ugh bicycle rights actually mlkshk, seitan squid craft beer tempor.\"}],[{\"key\":\"question\",\"value\":\"Do You Ship Internationally?\"},{\"key\":\"answer\",\"value\":\"Hoodie tote bag mixtape tofu. Typewriter jean shorts wolf quinoa, messenger bag organic freegan cray.\"}],[{\"key\":\"question\",\"value\":\"How Long Will It Take To Get My Package?\"},{\"key\":\"answer\",\"value\":\"Swag slow-carb quinoa VHS typewriter pork belly brunch, paleo single-origin coffee Wes Anderson. Flexitarian Pitchfork forage, literally paleo fap pour-over. Wes Anderson Pinterest YOLO fanny pack meggings, deep v XOXO chambray sustainable slow-carb raw denim church-key fap chillwave Etsy. +1 typewriter kitsch, American Apparel tofu Banksy Vice.\"}],[{\"key\":\"question\",\"value\":\"What Payment Methods Are Accepted?\"},{\"key\":\"answer\",\"value\":\"Fashion axe DIY jean shorts, swag kale chips meh polaroid kogi butcher Wes Anderson chambray next level semiotics gentrify yr. Voluptate photo booth fugiat Vice. Austin sed Williamsburg, ea labore raw denim voluptate cred proident mixtape excepteur mustache. Twee chia photo booth readymade food truck, hoodie roof party swag keytar PBR DIY.\"}],[{\"key\":\"question\",\"value\":\"Is Buying On-Line Safe?\"},{\"key\":\"answer\",\"value\":\"Art party authentic freegan semiotics jean shorts chia cred. Neutra Austin roof party Brooklyn, synth Thundercats swag 8-bit photo booth. Plaid letterpress leggings craft beer meh ethical Pinterest.\"}]]]',11,'Botble\\Ecommerce\\Models\\Product','2022-01-04 21:11:18','2022-01-04 21:11:18'),(29,'faq_schema_config','[[[{\"key\":\"question\",\"value\":\"What Shipping Methods Are Available?\"},{\"key\":\"answer\",\"value\":\"Ex Portland Pitchfork irure mustache. Eutra fap before they sold out literally. Aliquip ugh bicycle rights actually mlkshk, seitan squid craft beer tempor.\"}],[{\"key\":\"question\",\"value\":\"Do You Ship Internationally?\"},{\"key\":\"answer\",\"value\":\"Hoodie tote bag mixtape tofu. Typewriter jean shorts wolf quinoa, messenger bag organic freegan cray.\"}],[{\"key\":\"question\",\"value\":\"How Long Will It Take To Get My Package?\"},{\"key\":\"answer\",\"value\":\"Swag slow-carb quinoa VHS typewriter pork belly brunch, paleo single-origin coffee Wes Anderson. Flexitarian Pitchfork forage, literally paleo fap pour-over. Wes Anderson Pinterest YOLO fanny pack meggings, deep v XOXO chambray sustainable slow-carb raw denim church-key fap chillwave Etsy. +1 typewriter kitsch, American Apparel tofu Banksy Vice.\"}],[{\"key\":\"question\",\"value\":\"What Payment Methods Are Accepted?\"},{\"key\":\"answer\",\"value\":\"Fashion axe DIY jean shorts, swag kale chips meh polaroid kogi butcher Wes Anderson chambray next level semiotics gentrify yr. Voluptate photo booth fugiat Vice. Austin sed Williamsburg, ea labore raw denim voluptate cred proident mixtape excepteur mustache. Twee chia photo booth readymade food truck, hoodie roof party swag keytar PBR DIY.\"}],[{\"key\":\"question\",\"value\":\"Is Buying On-Line Safe?\"},{\"key\":\"answer\",\"value\":\"Art party authentic freegan semiotics jean shorts chia cred. Neutra Austin roof party Brooklyn, synth Thundercats swag 8-bit photo booth. Plaid letterpress leggings craft beer meh ethical Pinterest.\"}]]]',12,'Botble\\Ecommerce\\Models\\Product','2022-01-04 21:11:18','2022-01-04 21:11:18'),(30,'faq_schema_config','[[[{\"key\":\"question\",\"value\":\"What Shipping Methods Are Available?\"},{\"key\":\"answer\",\"value\":\"Ex Portland Pitchfork irure mustache. Eutra fap before they sold out literally. Aliquip ugh bicycle rights actually mlkshk, seitan squid craft beer tempor.\"}],[{\"key\":\"question\",\"value\":\"Do You Ship Internationally?\"},{\"key\":\"answer\",\"value\":\"Hoodie tote bag mixtape tofu. Typewriter jean shorts wolf quinoa, messenger bag organic freegan cray.\"}],[{\"key\":\"question\",\"value\":\"How Long Will It Take To Get My Package?\"},{\"key\":\"answer\",\"value\":\"Swag slow-carb quinoa VHS typewriter pork belly brunch, paleo single-origin coffee Wes Anderson. Flexitarian Pitchfork forage, literally paleo fap pour-over. Wes Anderson Pinterest YOLO fanny pack meggings, deep v XOXO chambray sustainable slow-carb raw denim church-key fap chillwave Etsy. +1 typewriter kitsch, American Apparel tofu Banksy Vice.\"}],[{\"key\":\"question\",\"value\":\"What Payment Methods Are Accepted?\"},{\"key\":\"answer\",\"value\":\"Fashion axe DIY jean shorts, swag kale chips meh polaroid kogi butcher Wes Anderson chambray next level semiotics gentrify yr. Voluptate photo booth fugiat Vice. Austin sed Williamsburg, ea labore raw denim voluptate cred proident mixtape excepteur mustache. Twee chia photo booth readymade food truck, hoodie roof party swag keytar PBR DIY.\"}],[{\"key\":\"question\",\"value\":\"Is Buying On-Line Safe?\"},{\"key\":\"answer\",\"value\":\"Art party authentic freegan semiotics jean shorts chia cred. Neutra Austin roof party Brooklyn, synth Thundercats swag 8-bit photo booth. Plaid letterpress leggings craft beer meh ethical Pinterest.\"}]]]',13,'Botble\\Ecommerce\\Models\\Product','2022-01-04 21:11:18','2022-01-04 21:11:18'),(31,'faq_schema_config','[[[{\"key\":\"question\",\"value\":\"What Shipping Methods Are Available?\"},{\"key\":\"answer\",\"value\":\"Ex Portland Pitchfork irure mustache. Eutra fap before they sold out literally. Aliquip ugh bicycle rights actually mlkshk, seitan squid craft beer tempor.\"}],[{\"key\":\"question\",\"value\":\"Do You Ship Internationally?\"},{\"key\":\"answer\",\"value\":\"Hoodie tote bag mixtape tofu. Typewriter jean shorts wolf quinoa, messenger bag organic freegan cray.\"}],[{\"key\":\"question\",\"value\":\"How Long Will It Take To Get My Package?\"},{\"key\":\"answer\",\"value\":\"Swag slow-carb quinoa VHS typewriter pork belly brunch, paleo single-origin coffee Wes Anderson. Flexitarian Pitchfork forage, literally paleo fap pour-over. Wes Anderson Pinterest YOLO fanny pack meggings, deep v XOXO chambray sustainable slow-carb raw denim church-key fap chillwave Etsy. +1 typewriter kitsch, American Apparel tofu Banksy Vice.\"}],[{\"key\":\"question\",\"value\":\"What Payment Methods Are Accepted?\"},{\"key\":\"answer\",\"value\":\"Fashion axe DIY jean shorts, swag kale chips meh polaroid kogi butcher Wes Anderson chambray next level semiotics gentrify yr. Voluptate photo booth fugiat Vice. Austin sed Williamsburg, ea labore raw denim voluptate cred proident mixtape excepteur mustache. Twee chia photo booth readymade food truck, hoodie roof party swag keytar PBR DIY.\"}],[{\"key\":\"question\",\"value\":\"Is Buying On-Line Safe?\"},{\"key\":\"answer\",\"value\":\"Art party authentic freegan semiotics jean shorts chia cred. Neutra Austin roof party Brooklyn, synth Thundercats swag 8-bit photo booth. Plaid letterpress leggings craft beer meh ethical Pinterest.\"}]]]',14,'Botble\\Ecommerce\\Models\\Product','2022-01-04 21:11:18','2022-01-04 21:11:18'),(32,'faq_schema_config','[[[{\"key\":\"question\",\"value\":\"What Shipping Methods Are Available?\"},{\"key\":\"answer\",\"value\":\"Ex Portland Pitchfork irure mustache. Eutra fap before they sold out literally. Aliquip ugh bicycle rights actually mlkshk, seitan squid craft beer tempor.\"}],[{\"key\":\"question\",\"value\":\"Do You Ship Internationally?\"},{\"key\":\"answer\",\"value\":\"Hoodie tote bag mixtape tofu. Typewriter jean shorts wolf quinoa, messenger bag organic freegan cray.\"}],[{\"key\":\"question\",\"value\":\"How Long Will It Take To Get My Package?\"},{\"key\":\"answer\",\"value\":\"Swag slow-carb quinoa VHS typewriter pork belly brunch, paleo single-origin coffee Wes Anderson. Flexitarian Pitchfork forage, literally paleo fap pour-over. Wes Anderson Pinterest YOLO fanny pack meggings, deep v XOXO chambray sustainable slow-carb raw denim church-key fap chillwave Etsy. +1 typewriter kitsch, American Apparel tofu Banksy Vice.\"}],[{\"key\":\"question\",\"value\":\"What Payment Methods Are Accepted?\"},{\"key\":\"answer\",\"value\":\"Fashion axe DIY jean shorts, swag kale chips meh polaroid kogi butcher Wes Anderson chambray next level semiotics gentrify yr. Voluptate photo booth fugiat Vice. Austin sed Williamsburg, ea labore raw denim voluptate cred proident mixtape excepteur mustache. Twee chia photo booth readymade food truck, hoodie roof party swag keytar PBR DIY.\"}],[{\"key\":\"question\",\"value\":\"Is Buying On-Line Safe?\"},{\"key\":\"answer\",\"value\":\"Art party authentic freegan semiotics jean shorts chia cred. Neutra Austin roof party Brooklyn, synth Thundercats swag 8-bit photo booth. Plaid letterpress leggings craft beer meh ethical Pinterest.\"}]]]',15,'Botble\\Ecommerce\\Models\\Product','2022-01-04 21:11:18','2022-01-04 21:11:18'),(33,'faq_schema_config','[[[{\"key\":\"question\",\"value\":\"What Shipping Methods Are Available?\"},{\"key\":\"answer\",\"value\":\"Ex Portland Pitchfork irure mustache. Eutra fap before they sold out literally. Aliquip ugh bicycle rights actually mlkshk, seitan squid craft beer tempor.\"}],[{\"key\":\"question\",\"value\":\"Do You Ship Internationally?\"},{\"key\":\"answer\",\"value\":\"Hoodie tote bag mixtape tofu. Typewriter jean shorts wolf quinoa, messenger bag organic freegan cray.\"}],[{\"key\":\"question\",\"value\":\"How Long Will It Take To Get My Package?\"},{\"key\":\"answer\",\"value\":\"Swag slow-carb quinoa VHS typewriter pork belly brunch, paleo single-origin coffee Wes Anderson. Flexitarian Pitchfork forage, literally paleo fap pour-over. Wes Anderson Pinterest YOLO fanny pack meggings, deep v XOXO chambray sustainable slow-carb raw denim church-key fap chillwave Etsy. +1 typewriter kitsch, American Apparel tofu Banksy Vice.\"}],[{\"key\":\"question\",\"value\":\"What Payment Methods Are Accepted?\"},{\"key\":\"answer\",\"value\":\"Fashion axe DIY jean shorts, swag kale chips meh polaroid kogi butcher Wes Anderson chambray next level semiotics gentrify yr. Voluptate photo booth fugiat Vice. Austin sed Williamsburg, ea labore raw denim voluptate cred proident mixtape excepteur mustache. Twee chia photo booth readymade food truck, hoodie roof party swag keytar PBR DIY.\"}],[{\"key\":\"question\",\"value\":\"Is Buying On-Line Safe?\"},{\"key\":\"answer\",\"value\":\"Art party authentic freegan semiotics jean shorts chia cred. Neutra Austin roof party Brooklyn, synth Thundercats swag 8-bit photo booth. Plaid letterpress leggings craft beer meh ethical Pinterest.\"}]]]',16,'Botble\\Ecommerce\\Models\\Product','2022-01-04 21:11:18','2022-01-04 21:11:18'),(34,'faq_schema_config','[[[{\"key\":\"question\",\"value\":\"What Shipping Methods Are Available?\"},{\"key\":\"answer\",\"value\":\"Ex Portland Pitchfork irure mustache. Eutra fap before they sold out literally. Aliquip ugh bicycle rights actually mlkshk, seitan squid craft beer tempor.\"}],[{\"key\":\"question\",\"value\":\"Do You Ship Internationally?\"},{\"key\":\"answer\",\"value\":\"Hoodie tote bag mixtape tofu. Typewriter jean shorts wolf quinoa, messenger bag organic freegan cray.\"}],[{\"key\":\"question\",\"value\":\"How Long Will It Take To Get My Package?\"},{\"key\":\"answer\",\"value\":\"Swag slow-carb quinoa VHS typewriter pork belly brunch, paleo single-origin coffee Wes Anderson. Flexitarian Pitchfork forage, literally paleo fap pour-over. Wes Anderson Pinterest YOLO fanny pack meggings, deep v XOXO chambray sustainable slow-carb raw denim church-key fap chillwave Etsy. +1 typewriter kitsch, American Apparel tofu Banksy Vice.\"}],[{\"key\":\"question\",\"value\":\"What Payment Methods Are Accepted?\"},{\"key\":\"answer\",\"value\":\"Fashion axe DIY jean shorts, swag kale chips meh polaroid kogi butcher Wes Anderson chambray next level semiotics gentrify yr. Voluptate photo booth fugiat Vice. Austin sed Williamsburg, ea labore raw denim voluptate cred proident mixtape excepteur mustache. Twee chia photo booth readymade food truck, hoodie roof party swag keytar PBR DIY.\"}],[{\"key\":\"question\",\"value\":\"Is Buying On-Line Safe?\"},{\"key\":\"answer\",\"value\":\"Art party authentic freegan semiotics jean shorts chia cred. Neutra Austin roof party Brooklyn, synth Thundercats swag 8-bit photo booth. Plaid letterpress leggings craft beer meh ethical Pinterest.\"}]]]',17,'Botble\\Ecommerce\\Models\\Product','2022-01-04 21:11:18','2022-01-04 21:11:18'),(35,'faq_schema_config','[[[{\"key\":\"question\",\"value\":\"What Shipping Methods Are Available?\"},{\"key\":\"answer\",\"value\":\"Ex Portland Pitchfork irure mustache. Eutra fap before they sold out literally. Aliquip ugh bicycle rights actually mlkshk, seitan squid craft beer tempor.\"}],[{\"key\":\"question\",\"value\":\"Do You Ship Internationally?\"},{\"key\":\"answer\",\"value\":\"Hoodie tote bag mixtape tofu. Typewriter jean shorts wolf quinoa, messenger bag organic freegan cray.\"}],[{\"key\":\"question\",\"value\":\"How Long Will It Take To Get My Package?\"},{\"key\":\"answer\",\"value\":\"Swag slow-carb quinoa VHS typewriter pork belly brunch, paleo single-origin coffee Wes Anderson. Flexitarian Pitchfork forage, literally paleo fap pour-over. Wes Anderson Pinterest YOLO fanny pack meggings, deep v XOXO chambray sustainable slow-carb raw denim church-key fap chillwave Etsy. +1 typewriter kitsch, American Apparel tofu Banksy Vice.\"}],[{\"key\":\"question\",\"value\":\"What Payment Methods Are Accepted?\"},{\"key\":\"answer\",\"value\":\"Fashion axe DIY jean shorts, swag kale chips meh polaroid kogi butcher Wes Anderson chambray next level semiotics gentrify yr. Voluptate photo booth fugiat Vice. Austin sed Williamsburg, ea labore raw denim voluptate cred proident mixtape excepteur mustache. Twee chia photo booth readymade food truck, hoodie roof party swag keytar PBR DIY.\"}],[{\"key\":\"question\",\"value\":\"Is Buying On-Line Safe?\"},{\"key\":\"answer\",\"value\":\"Art party authentic freegan semiotics jean shorts chia cred. Neutra Austin roof party Brooklyn, synth Thundercats swag 8-bit photo booth. Plaid letterpress leggings craft beer meh ethical Pinterest.\"}]]]',18,'Botble\\Ecommerce\\Models\\Product','2022-01-04 21:11:18','2022-01-04 21:11:18'),(36,'faq_schema_config','[[[{\"key\":\"question\",\"value\":\"What Shipping Methods Are Available?\"},{\"key\":\"answer\",\"value\":\"Ex Portland Pitchfork irure mustache. Eutra fap before they sold out literally. Aliquip ugh bicycle rights actually mlkshk, seitan squid craft beer tempor.\"}],[{\"key\":\"question\",\"value\":\"Do You Ship Internationally?\"},{\"key\":\"answer\",\"value\":\"Hoodie tote bag mixtape tofu. Typewriter jean shorts wolf quinoa, messenger bag organic freegan cray.\"}],[{\"key\":\"question\",\"value\":\"How Long Will It Take To Get My Package?\"},{\"key\":\"answer\",\"value\":\"Swag slow-carb quinoa VHS typewriter pork belly brunch, paleo single-origin coffee Wes Anderson. Flexitarian Pitchfork forage, literally paleo fap pour-over. Wes Anderson Pinterest YOLO fanny pack meggings, deep v XOXO chambray sustainable slow-carb raw denim church-key fap chillwave Etsy. +1 typewriter kitsch, American Apparel tofu Banksy Vice.\"}],[{\"key\":\"question\",\"value\":\"What Payment Methods Are Accepted?\"},{\"key\":\"answer\",\"value\":\"Fashion axe DIY jean shorts, swag kale chips meh polaroid kogi butcher Wes Anderson chambray next level semiotics gentrify yr. Voluptate photo booth fugiat Vice. Austin sed Williamsburg, ea labore raw denim voluptate cred proident mixtape excepteur mustache. Twee chia photo booth readymade food truck, hoodie roof party swag keytar PBR DIY.\"}],[{\"key\":\"question\",\"value\":\"Is Buying On-Line Safe?\"},{\"key\":\"answer\",\"value\":\"Art party authentic freegan semiotics jean shorts chia cred. Neutra Austin roof party Brooklyn, synth Thundercats swag 8-bit photo booth. Plaid letterpress leggings craft beer meh ethical Pinterest.\"}]]]',19,'Botble\\Ecommerce\\Models\\Product','2022-01-04 21:11:18','2022-01-04 21:11:18'),(37,'faq_schema_config','[[[{\"key\":\"question\",\"value\":\"What Shipping Methods Are Available?\"},{\"key\":\"answer\",\"value\":\"Ex Portland Pitchfork irure mustache. Eutra fap before they sold out literally. Aliquip ugh bicycle rights actually mlkshk, seitan squid craft beer tempor.\"}],[{\"key\":\"question\",\"value\":\"Do You Ship Internationally?\"},{\"key\":\"answer\",\"value\":\"Hoodie tote bag mixtape tofu. Typewriter jean shorts wolf quinoa, messenger bag organic freegan cray.\"}],[{\"key\":\"question\",\"value\":\"How Long Will It Take To Get My Package?\"},{\"key\":\"answer\",\"value\":\"Swag slow-carb quinoa VHS typewriter pork belly brunch, paleo single-origin coffee Wes Anderson. Flexitarian Pitchfork forage, literally paleo fap pour-over. Wes Anderson Pinterest YOLO fanny pack meggings, deep v XOXO chambray sustainable slow-carb raw denim church-key fap chillwave Etsy. +1 typewriter kitsch, American Apparel tofu Banksy Vice.\"}],[{\"key\":\"question\",\"value\":\"What Payment Methods Are Accepted?\"},{\"key\":\"answer\",\"value\":\"Fashion axe DIY jean shorts, swag kale chips meh polaroid kogi butcher Wes Anderson chambray next level semiotics gentrify yr. Voluptate photo booth fugiat Vice. Austin sed Williamsburg, ea labore raw denim voluptate cred proident mixtape excepteur mustache. Twee chia photo booth readymade food truck, hoodie roof party swag keytar PBR DIY.\"}],[{\"key\":\"question\",\"value\":\"Is Buying On-Line Safe?\"},{\"key\":\"answer\",\"value\":\"Art party authentic freegan semiotics jean shorts chia cred. Neutra Austin roof party Brooklyn, synth Thundercats swag 8-bit photo booth. Plaid letterpress leggings craft beer meh ethical Pinterest.\"}]]]',20,'Botble\\Ecommerce\\Models\\Product','2022-01-04 21:11:18','2022-01-04 21:11:18'),(38,'faq_schema_config','[[[{\"key\":\"question\",\"value\":\"What Shipping Methods Are Available?\"},{\"key\":\"answer\",\"value\":\"Ex Portland Pitchfork irure mustache. Eutra fap before they sold out literally. Aliquip ugh bicycle rights actually mlkshk, seitan squid craft beer tempor.\"}],[{\"key\":\"question\",\"value\":\"Do You Ship Internationally?\"},{\"key\":\"answer\",\"value\":\"Hoodie tote bag mixtape tofu. Typewriter jean shorts wolf quinoa, messenger bag organic freegan cray.\"}],[{\"key\":\"question\",\"value\":\"How Long Will It Take To Get My Package?\"},{\"key\":\"answer\",\"value\":\"Swag slow-carb quinoa VHS typewriter pork belly brunch, paleo single-origin coffee Wes Anderson. Flexitarian Pitchfork forage, literally paleo fap pour-over. Wes Anderson Pinterest YOLO fanny pack meggings, deep v XOXO chambray sustainable slow-carb raw denim church-key fap chillwave Etsy. +1 typewriter kitsch, American Apparel tofu Banksy Vice.\"}],[{\"key\":\"question\",\"value\":\"What Payment Methods Are Accepted?\"},{\"key\":\"answer\",\"value\":\"Fashion axe DIY jean shorts, swag kale chips meh polaroid kogi butcher Wes Anderson chambray next level semiotics gentrify yr. Voluptate photo booth fugiat Vice. Austin sed Williamsburg, ea labore raw denim voluptate cred proident mixtape excepteur mustache. Twee chia photo booth readymade food truck, hoodie roof party swag keytar PBR DIY.\"}],[{\"key\":\"question\",\"value\":\"Is Buying On-Line Safe?\"},{\"key\":\"answer\",\"value\":\"Art party authentic freegan semiotics jean shorts chia cred. Neutra Austin roof party Brooklyn, synth Thundercats swag 8-bit photo booth. Plaid letterpress leggings craft beer meh ethical Pinterest.\"}]]]',21,'Botble\\Ecommerce\\Models\\Product','2022-01-04 21:11:18','2022-01-04 21:11:18'),(39,'faq_schema_config','[[[{\"key\":\"question\",\"value\":\"What Shipping Methods Are Available?\"},{\"key\":\"answer\",\"value\":\"Ex Portland Pitchfork irure mustache. Eutra fap before they sold out literally. Aliquip ugh bicycle rights actually mlkshk, seitan squid craft beer tempor.\"}],[{\"key\":\"question\",\"value\":\"Do You Ship Internationally?\"},{\"key\":\"answer\",\"value\":\"Hoodie tote bag mixtape tofu. Typewriter jean shorts wolf quinoa, messenger bag organic freegan cray.\"}],[{\"key\":\"question\",\"value\":\"How Long Will It Take To Get My Package?\"},{\"key\":\"answer\",\"value\":\"Swag slow-carb quinoa VHS typewriter pork belly brunch, paleo single-origin coffee Wes Anderson. Flexitarian Pitchfork forage, literally paleo fap pour-over. Wes Anderson Pinterest YOLO fanny pack meggings, deep v XOXO chambray sustainable slow-carb raw denim church-key fap chillwave Etsy. +1 typewriter kitsch, American Apparel tofu Banksy Vice.\"}],[{\"key\":\"question\",\"value\":\"What Payment Methods Are Accepted?\"},{\"key\":\"answer\",\"value\":\"Fashion axe DIY jean shorts, swag kale chips meh polaroid kogi butcher Wes Anderson chambray next level semiotics gentrify yr. Voluptate photo booth fugiat Vice. Austin sed Williamsburg, ea labore raw denim voluptate cred proident mixtape excepteur mustache. Twee chia photo booth readymade food truck, hoodie roof party swag keytar PBR DIY.\"}],[{\"key\":\"question\",\"value\":\"Is Buying On-Line Safe?\"},{\"key\":\"answer\",\"value\":\"Art party authentic freegan semiotics jean shorts chia cred. Neutra Austin roof party Brooklyn, synth Thundercats swag 8-bit photo booth. Plaid letterpress leggings craft beer meh ethical Pinterest.\"}]]]',22,'Botble\\Ecommerce\\Models\\Product','2022-01-04 21:11:18','2022-01-04 21:11:18'),(40,'faq_schema_config','[[[{\"key\":\"question\",\"value\":\"What Shipping Methods Are Available?\"},{\"key\":\"answer\",\"value\":\"Ex Portland Pitchfork irure mustache. Eutra fap before they sold out literally. Aliquip ugh bicycle rights actually mlkshk, seitan squid craft beer tempor.\"}],[{\"key\":\"question\",\"value\":\"Do You Ship Internationally?\"},{\"key\":\"answer\",\"value\":\"Hoodie tote bag mixtape tofu. Typewriter jean shorts wolf quinoa, messenger bag organic freegan cray.\"}],[{\"key\":\"question\",\"value\":\"How Long Will It Take To Get My Package?\"},{\"key\":\"answer\",\"value\":\"Swag slow-carb quinoa VHS typewriter pork belly brunch, paleo single-origin coffee Wes Anderson. Flexitarian Pitchfork forage, literally paleo fap pour-over. Wes Anderson Pinterest YOLO fanny pack meggings, deep v XOXO chambray sustainable slow-carb raw denim church-key fap chillwave Etsy. +1 typewriter kitsch, American Apparel tofu Banksy Vice.\"}],[{\"key\":\"question\",\"value\":\"What Payment Methods Are Accepted?\"},{\"key\":\"answer\",\"value\":\"Fashion axe DIY jean shorts, swag kale chips meh polaroid kogi butcher Wes Anderson chambray next level semiotics gentrify yr. Voluptate photo booth fugiat Vice. Austin sed Williamsburg, ea labore raw denim voluptate cred proident mixtape excepteur mustache. Twee chia photo booth readymade food truck, hoodie roof party swag keytar PBR DIY.\"}],[{\"key\":\"question\",\"value\":\"Is Buying On-Line Safe?\"},{\"key\":\"answer\",\"value\":\"Art party authentic freegan semiotics jean shorts chia cred. Neutra Austin roof party Brooklyn, synth Thundercats swag 8-bit photo booth. Plaid letterpress leggings craft beer meh ethical Pinterest.\"}]]]',23,'Botble\\Ecommerce\\Models\\Product','2022-01-04 21:11:18','2022-01-04 21:11:18'),(41,'faq_schema_config','[[[{\"key\":\"question\",\"value\":\"What Shipping Methods Are Available?\"},{\"key\":\"answer\",\"value\":\"Ex Portland Pitchfork irure mustache. Eutra fap before they sold out literally. Aliquip ugh bicycle rights actually mlkshk, seitan squid craft beer tempor.\"}],[{\"key\":\"question\",\"value\":\"Do You Ship Internationally?\"},{\"key\":\"answer\",\"value\":\"Hoodie tote bag mixtape tofu. Typewriter jean shorts wolf quinoa, messenger bag organic freegan cray.\"}],[{\"key\":\"question\",\"value\":\"How Long Will It Take To Get My Package?\"},{\"key\":\"answer\",\"value\":\"Swag slow-carb quinoa VHS typewriter pork belly brunch, paleo single-origin coffee Wes Anderson. Flexitarian Pitchfork forage, literally paleo fap pour-over. Wes Anderson Pinterest YOLO fanny pack meggings, deep v XOXO chambray sustainable slow-carb raw denim church-key fap chillwave Etsy. +1 typewriter kitsch, American Apparel tofu Banksy Vice.\"}],[{\"key\":\"question\",\"value\":\"What Payment Methods Are Accepted?\"},{\"key\":\"answer\",\"value\":\"Fashion axe DIY jean shorts, swag kale chips meh polaroid kogi butcher Wes Anderson chambray next level semiotics gentrify yr. Voluptate photo booth fugiat Vice. Austin sed Williamsburg, ea labore raw denim voluptate cred proident mixtape excepteur mustache. Twee chia photo booth readymade food truck, hoodie roof party swag keytar PBR DIY.\"}],[{\"key\":\"question\",\"value\":\"Is Buying On-Line Safe?\"},{\"key\":\"answer\",\"value\":\"Art party authentic freegan semiotics jean shorts chia cred. Neutra Austin roof party Brooklyn, synth Thundercats swag 8-bit photo booth. Plaid letterpress leggings craft beer meh ethical Pinterest.\"}]]]',24,'Botble\\Ecommerce\\Models\\Product','2022-01-04 21:11:18','2022-01-04 21:11:18'),(42,'subtitle','[\"Limited quantities.\"]',1,'Botble\\Ecommerce\\Models\\FlashSale','2022-01-04 21:11:23','2022-01-04 21:11:23'),(43,'image','[\"flash-sales\\/1.jpg\"]',1,'Botble\\Ecommerce\\Models\\FlashSale','2022-01-04 21:11:23','2022-01-04 21:11:23'),(44,'subtitle','[\"Computers & Laptop\"]',2,'Botble\\Ecommerce\\Models\\FlashSale','2022-01-04 21:11:23','2022-01-04 21:11:23'),(45,'image','[\"flash-sales\\/2.jpg\"]',2,'Botble\\Ecommerce\\Models\\FlashSale','2022-01-04 21:11:23','2022-01-04 21:11:23'),(46,'vi_subtitle','[\"Gi\\u1edbi h\\u1ea1n s\\u1ed1 l\\u01b0\\u1ee3ng\"]',1,'Botble\\Ecommerce\\Models\\FlashSale','2022-01-04 21:11:23','2022-01-04 21:11:23'),(47,'vi_image','[\"flash-sales\\/1.jpg\"]',1,'Botble\\Ecommerce\\Models\\FlashSale','2022-01-04 21:11:23','2022-01-04 21:11:23'),(48,'vi_subtitle','[\"M\\u00e1y t\\u00ednh b\\u00e0n & Laptop\"]',2,'Botble\\Ecommerce\\Models\\FlashSale','2022-01-04 21:11:23','2022-01-04 21:11:23'),(49,'vi_image','[\"flash-sales\\/2.jpg\"]',2,'Botble\\Ecommerce\\Models\\FlashSale','2022-01-04 21:11:23','2022-01-04 21:11:23'),(50,'button_text','[\"Shop now\"]',1,'Botble\\SimpleSlider\\Models\\SimpleSliderItem','2022-01-04 21:11:32','2022-01-04 21:11:32'),(51,'subtitle','[\"Trade-In Offer\"]',1,'Botble\\SimpleSlider\\Models\\SimpleSliderItem','2022-01-04 21:11:32','2022-01-04 21:11:32'),(52,'highlight_text','[\"On All Products\"]',1,'Botble\\SimpleSlider\\Models\\SimpleSliderItem','2022-01-04 21:11:32','2022-01-04 21:11:32'),(53,'button_text','[\"Discover now\"]',2,'Botble\\SimpleSlider\\Models\\SimpleSliderItem','2022-01-04 21:11:32','2022-01-04 21:11:32'),(54,'subtitle','[\"Tech Promotions\"]',2,'Botble\\SimpleSlider\\Models\\SimpleSliderItem','2022-01-04 21:11:32','2022-01-04 21:11:32'),(55,'highlight_text','[\"Great Collection\"]',2,'Botble\\SimpleSlider\\Models\\SimpleSliderItem','2022-01-04 21:11:32','2022-01-04 21:11:32'),(56,'button_text','[\"Shop now\"]',3,'Botble\\SimpleSlider\\Models\\SimpleSliderItem','2022-01-04 21:11:32','2022-01-04 21:11:32'),(57,'subtitle','[\"Upcoming Offer\"]',3,'Botble\\SimpleSlider\\Models\\SimpleSliderItem','2022-01-04 21:11:32','2022-01-04 21:11:32'),(58,'highlight_text','[\"Manufacturer\"]',3,'Botble\\SimpleSlider\\Models\\SimpleSliderItem','2022-01-04 21:11:32','2022-01-04 21:11:32'),(59,'simple_slider_style','[\"style-2\"]',2,'Botble\\SimpleSlider\\Models\\SimpleSlider','2022-01-04 21:11:32','2022-01-04 21:11:32'),(60,'button_text','[\"Shop now\"]',4,'Botble\\SimpleSlider\\Models\\SimpleSliderItem','2022-01-04 21:11:32','2022-01-04 21:11:32'),(61,'subtitle','[\"Trade-In Offer\"]',4,'Botble\\SimpleSlider\\Models\\SimpleSliderItem','2022-01-04 21:11:32','2022-01-04 21:11:32'),(62,'highlight_text','[\"On All Products\"]',4,'Botble\\SimpleSlider\\Models\\SimpleSliderItem','2022-01-04 21:11:32','2022-01-04 21:11:32'),(63,'button_text','[\"Discover now\"]',5,'Botble\\SimpleSlider\\Models\\SimpleSliderItem','2022-01-04 21:11:32','2022-01-04 21:11:32'),(64,'subtitle','[\"Tech Promotions\"]',5,'Botble\\SimpleSlider\\Models\\SimpleSliderItem','2022-01-04 21:11:32','2022-01-04 21:11:32'),(65,'highlight_text','[\"Great Collection\"]',5,'Botble\\SimpleSlider\\Models\\SimpleSliderItem','2022-01-04 21:11:32','2022-01-04 21:11:32'),(66,'button_text','[\"Shop now\"]',6,'Botble\\SimpleSlider\\Models\\SimpleSliderItem','2022-01-04 21:11:32','2022-01-04 21:11:32'),(67,'subtitle','[\"Upcoming Offer\"]',6,'Botble\\SimpleSlider\\Models\\SimpleSliderItem','2022-01-04 21:11:32','2022-01-04 21:11:32'),(68,'highlight_text','[\"Manufacturer\"]',6,'Botble\\SimpleSlider\\Models\\SimpleSliderItem','2022-01-04 21:11:32','2022-01-04 21:11:32'),(69,'simple_slider_style','[\"style-3\"]',3,'Botble\\SimpleSlider\\Models\\SimpleSlider','2022-01-04 21:11:32','2022-01-04 21:11:32'),(70,'button_text','[\"Shop now\"]',7,'Botble\\SimpleSlider\\Models\\SimpleSliderItem','2022-01-04 21:11:32','2022-01-04 21:11:32'),(71,'subtitle','[\"Trade-In Offer\"]',7,'Botble\\SimpleSlider\\Models\\SimpleSliderItem','2022-01-04 21:11:32','2022-01-04 21:11:32'),(72,'highlight_text','[\"On All Products\"]',7,'Botble\\SimpleSlider\\Models\\SimpleSliderItem','2022-01-04 21:11:32','2022-01-04 21:11:32'),(73,'button_text','[\"Discover now\"]',8,'Botble\\SimpleSlider\\Models\\SimpleSliderItem','2022-01-04 21:11:32','2022-01-04 21:11:32'),(74,'subtitle','[\"Tech Promotions\"]',8,'Botble\\SimpleSlider\\Models\\SimpleSliderItem','2022-01-04 21:11:32','2022-01-04 21:11:32'),(75,'highlight_text','[\"Great Collection\"]',8,'Botble\\SimpleSlider\\Models\\SimpleSliderItem','2022-01-04 21:11:32','2022-01-04 21:11:32'),(76,'simple_slider_style','[\"style-4\"]',4,'Botble\\SimpleSlider\\Models\\SimpleSlider','2022-01-04 21:11:32','2022-01-04 21:11:32'),(77,'button_text','[\"Shop now\"]',9,'Botble\\SimpleSlider\\Models\\SimpleSliderItem','2022-01-04 21:11:32','2022-01-04 21:11:32'),(78,'subtitle','[\"Trade-In Offer\"]',9,'Botble\\SimpleSlider\\Models\\SimpleSliderItem','2022-01-04 21:11:32','2022-01-04 21:11:32'),(79,'highlight_text','[\"On All Products\"]',9,'Botble\\SimpleSlider\\Models\\SimpleSliderItem','2022-01-04 21:11:32','2022-01-04 21:11:32'),(80,'button_text','[\"Discover now\"]',10,'Botble\\SimpleSlider\\Models\\SimpleSliderItem','2022-01-04 21:11:32','2022-01-04 21:11:32'),(81,'subtitle','[\"Tech Promotions\"]',10,'Botble\\SimpleSlider\\Models\\SimpleSliderItem','2022-01-04 21:11:32','2022-01-04 21:11:32'),(82,'highlight_text','[\"Great Collection\"]',10,'Botble\\SimpleSlider\\Models\\SimpleSliderItem','2022-01-04 21:11:32','2022-01-04 21:11:32'),(83,'button_text','[\"Shop now\"]',11,'Botble\\SimpleSlider\\Models\\SimpleSliderItem','2022-01-04 21:11:32','2022-01-04 21:11:32'),(84,'subtitle','[\"Upcoming Offer\"]',11,'Botble\\SimpleSlider\\Models\\SimpleSliderItem','2022-01-04 21:11:32','2022-01-04 21:11:32'),(85,'highlight_text','[\"Manufacturer\"]',11,'Botble\\SimpleSlider\\Models\\SimpleSliderItem','2022-01-04 21:11:32','2022-01-04 21:11:32'),(86,'button_text','[\"Mua ngay\"]',12,'Botble\\SimpleSlider\\Models\\SimpleSliderItem','2022-01-04 21:11:32','2022-01-04 21:11:32'),(87,'subtitle','[\"Khuy\\u1ebfn m\\u00e3i\"]',12,'Botble\\SimpleSlider\\Models\\SimpleSliderItem','2022-01-04 21:11:32','2022-01-04 21:11:32'),(88,'highlight_text','[\"T\\u1ea5t c\\u1ea3 s\\u1ea3n ph\\u1ea9m\"]',12,'Botble\\SimpleSlider\\Models\\SimpleSliderItem','2022-01-04 21:11:32','2022-01-04 21:11:32'),(89,'button_text','[\"Kh\\u00e1m ph\\u00e1 ngay\"]',13,'Botble\\SimpleSlider\\Models\\SimpleSliderItem','2022-01-04 21:11:32','2022-01-04 21:11:32'),(90,'subtitle','[\"Khuy\\u1ebfn m\\u00e3i s\\u1ea3n ph\\u1ea9m c\\u00f4ng ngh\\u1ec7\"]',13,'Botble\\SimpleSlider\\Models\\SimpleSliderItem','2022-01-04 21:11:32','2022-01-04 21:11:32'),(91,'highlight_text','[\"B\\u1ed9 s\\u01b0u t\\u1eadp t\\u1ed1t nh\\u1ea5t\"]',13,'Botble\\SimpleSlider\\Models\\SimpleSliderItem','2022-01-04 21:11:32','2022-01-04 21:11:32'),(92,'button_text','[\"Mua ngay\"]',14,'Botble\\SimpleSlider\\Models\\SimpleSliderItem','2022-01-04 21:11:32','2022-01-04 21:11:32'),(93,'subtitle','[\"Khuy\\u1ebfn m\\u00e3i s\\u1eafp t\\u1edbi\"]',14,'Botble\\SimpleSlider\\Models\\SimpleSliderItem','2022-01-04 21:11:32','2022-01-04 21:11:32'),(94,'highlight_text','[\"Nh\\u00e0 cung c\\u1ea5p\"]',14,'Botble\\SimpleSlider\\Models\\SimpleSliderItem','2022-01-04 21:11:32','2022-01-04 21:11:32'),(95,'simple_slider_style','[\"style-2\"]',6,'Botble\\SimpleSlider\\Models\\SimpleSlider','2022-01-04 21:11:32','2022-01-04 21:11:32'),(96,'button_text','[\"Mua ngay\"]',15,'Botble\\SimpleSlider\\Models\\SimpleSliderItem','2022-01-04 21:11:32','2022-01-04 21:11:32'),(97,'subtitle','[\"Khuy\\u1ebfn m\\u00e3i\"]',15,'Botble\\SimpleSlider\\Models\\SimpleSliderItem','2022-01-04 21:11:32','2022-01-04 21:11:32'),(98,'highlight_text','[\"T\\u1ea5t c\\u1ea3 s\\u1ea3n ph\\u1ea9m\"]',15,'Botble\\SimpleSlider\\Models\\SimpleSliderItem','2022-01-04 21:11:32','2022-01-04 21:11:32'),(99,'button_text','[\"Kh\\u00e1m ph\\u00e1 ngay\"]',16,'Botble\\SimpleSlider\\Models\\SimpleSliderItem','2022-01-04 21:11:32','2022-01-04 21:11:32'),(100,'subtitle','[\"Khuy\\u1ebfn m\\u00e3i s\\u1ea3n ph\\u1ea9m c\\u00f4ng ngh\\u1ec7\"]',16,'Botble\\SimpleSlider\\Models\\SimpleSliderItem','2022-01-04 21:11:32','2022-01-04 21:11:32'),(101,'highlight_text','[\"B\\u1ed9 s\\u01b0u t\\u1eadp t\\u1ed1t nh\\u1ea5t\"]',16,'Botble\\SimpleSlider\\Models\\SimpleSliderItem','2022-01-04 21:11:32','2022-01-04 21:11:32'),(102,'button_text','[\"Mua ngay\"]',17,'Botble\\SimpleSlider\\Models\\SimpleSliderItem','2022-01-04 21:11:32','2022-01-04 21:11:32'),(103,'subtitle','[\"Khuy\\u1ebfn m\\u00e3i s\\u1eafp t\\u1edbi\"]',17,'Botble\\SimpleSlider\\Models\\SimpleSliderItem','2022-01-04 21:11:32','2022-01-04 21:11:32'),(104,'highlight_text','[\"Nh\\u00e0 cung c\\u1ea5p\"]',17,'Botble\\SimpleSlider\\Models\\SimpleSliderItem','2022-01-04 21:11:32','2022-01-04 21:11:32'),(105,'simple_slider_style','[\"style-3\"]',7,'Botble\\SimpleSlider\\Models\\SimpleSlider','2022-01-04 21:11:32','2022-01-04 21:11:32'),(106,'button_text','[\"Mua ngay\"]',18,'Botble\\SimpleSlider\\Models\\SimpleSliderItem','2022-01-04 21:11:32','2022-01-04 21:11:32'),(107,'subtitle','[\"Khuy\\u1ebfn m\\u00e3i\"]',18,'Botble\\SimpleSlider\\Models\\SimpleSliderItem','2022-01-04 21:11:32','2022-01-04 21:11:32'),(108,'highlight_text','[\"T\\u1ea5t c\\u1ea3 s\\u1ea3n ph\\u1ea9m\"]',18,'Botble\\SimpleSlider\\Models\\SimpleSliderItem','2022-01-04 21:11:32','2022-01-04 21:11:32'),(109,'button_text','[\"Kh\\u00e1m ph\\u00e1 ngay\"]',19,'Botble\\SimpleSlider\\Models\\SimpleSliderItem','2022-01-04 21:11:32','2022-01-04 21:11:32'),(110,'subtitle','[\"Khuy\\u1ebfn m\\u00e3i s\\u1ea3n ph\\u1ea9m c\\u00f4ng ngh\\u1ec7\"]',19,'Botble\\SimpleSlider\\Models\\SimpleSliderItem','2022-01-04 21:11:32','2022-01-04 21:11:32'),(111,'highlight_text','[\"B\\u1ed9 s\\u01b0u t\\u1eadp t\\u1ed1t nh\\u1ea5t\"]',19,'Botble\\SimpleSlider\\Models\\SimpleSliderItem','2022-01-04 21:11:32','2022-01-04 21:11:32'),(112,'simple_slider_style','[\"style-4\"]',8,'Botble\\SimpleSlider\\Models\\SimpleSlider','2022-01-04 21:11:32','2022-01-04 21:11:32'),(113,'button_text','[\"Mua ngay\"]',20,'Botble\\SimpleSlider\\Models\\SimpleSliderItem','2022-01-04 21:11:33','2022-01-04 21:11:33'),(114,'subtitle','[\"Khuy\\u1ebfn m\\u00e3i\"]',20,'Botble\\SimpleSlider\\Models\\SimpleSliderItem','2022-01-04 21:11:33','2022-01-04 21:11:33'),(115,'highlight_text','[\"T\\u1ea5t c\\u1ea3 s\\u1ea3n ph\\u1ea9m\"]',20,'Botble\\SimpleSlider\\Models\\SimpleSliderItem','2022-01-04 21:11:33','2022-01-04 21:11:33'),(116,'button_text','[\"Kh\\u00e1m ph\\u00e1 ngay\"]',21,'Botble\\SimpleSlider\\Models\\SimpleSliderItem','2022-01-04 21:11:33','2022-01-04 21:11:33'),(117,'subtitle','[\"Khuy\\u1ebfn m\\u00e3i s\\u1ea3n ph\\u1ea9m c\\u00f4ng ngh\\u1ec7\"]',21,'Botble\\SimpleSlider\\Models\\SimpleSliderItem','2022-01-04 21:11:33','2022-01-04 21:11:33'),(118,'highlight_text','[\"B\\u1ed9 s\\u01b0u t\\u1eadp t\\u1ed1t nh\\u1ea5t\"]',21,'Botble\\SimpleSlider\\Models\\SimpleSliderItem','2022-01-04 21:11:33','2022-01-04 21:11:33'),(119,'button_text','[\"Mua ngay\"]',22,'Botble\\SimpleSlider\\Models\\SimpleSliderItem','2022-01-04 21:11:33','2022-01-04 21:11:33'),(120,'subtitle','[\"Khuy\\u1ebfn m\\u00e3i s\\u1eafp t\\u1edbi\"]',22,'Botble\\SimpleSlider\\Models\\SimpleSliderItem','2022-01-04 21:11:33','2022-01-04 21:11:33'),(121,'highlight_text','[\"Nh\\u00e0 cung c\\u1ea5p\"]',22,'Botble\\SimpleSlider\\Models\\SimpleSliderItem','2022-01-04 21:11:33','2022-01-04 21:11:33'),(122,'layout','[\"blog-post-right-sidebar\"]',1,'Botble\\Blog\\Models\\Post','2022-01-04 21:11:38','2022-01-04 21:11:38'),(123,'layout','[\"blog-post-left-sidebar\"]',2,'Botble\\Blog\\Models\\Post','2022-01-04 21:11:38','2022-01-04 21:11:38'),(124,'layout','[\"blog-post-full-width\"]',3,'Botble\\Blog\\Models\\Post','2022-01-04 21:11:38','2022-01-04 21:11:38'),(125,'layout','[\"blog-post-full-width\"]',4,'Botble\\Blog\\Models\\Post','2022-01-04 21:11:38','2022-01-04 21:11:38'),(126,'header_style','[\"header-style-2\"]',2,'Botble\\Page\\Models\\Page','2022-01-04 21:11:38','2022-01-04 21:11:38'),(127,'expanding_product_categories_on_the_homepage','[\"yes\"]',2,'Botble\\Page\\Models\\Page','2022-01-04 21:11:38','2022-01-04 21:11:38'),(128,'header_style','[\"header-style-3\"]',3,'Botble\\Page\\Models\\Page','2022-01-04 21:11:38','2022-01-04 21:11:38'),(129,'header_style','[\"header-style-4\"]',4,'Botble\\Page\\Models\\Page','2022-01-04 21:11:38','2022-01-04 21:11:38'),(130,'button_text','[\"Shop now\"]',1,'Botble\\Ads\\Models\\Ads','2022-01-04 21:11:41','2022-01-04 21:11:41'),(131,'subtitle','[\"Save 20% on\\niPhone 12\"]',1,'Botble\\Ads\\Models\\Ads','2022-01-04 21:11:41','2022-01-04 21:11:41'),(132,'button_text','[\"Shop now\"]',2,'Botble\\Ads\\Models\\Ads','2022-01-04 21:11:41','2022-01-04 21:11:41'),(133,'subtitle','[\"Great Camera\\nCollection\"]',2,'Botble\\Ads\\Models\\Ads','2022-01-04 21:11:41','2022-01-04 21:11:41'),(134,'button_text','[\"Shop now\"]',3,'Botble\\Ads\\Models\\Ads','2022-01-04 21:11:41','2022-01-04 21:11:41'),(135,'subtitle','[\"Shop Today\\u2019s\\nDeals & Offers\"]',3,'Botble\\Ads\\Models\\Ads','2022-01-04 21:11:41','2022-01-04 21:11:41'),(136,'button_text','[\"Shop now\"]',4,'Botble\\Ads\\Models\\Ads','2022-01-04 21:11:41','2022-01-04 21:11:41'),(137,'subtitle','[\"Save 17% on\\nAssus Laptop\"]',4,'Botble\\Ads\\Models\\Ads','2022-01-04 21:11:41','2022-01-04 21:11:41'),(138,'button_text','[\"Shop now\"]',5,'Botble\\Ads\\Models\\Ads','2022-01-04 21:11:41','2022-01-04 21:11:41'),(139,'subtitle','[\"Save 20% on\\niPhone 12\"]',5,'Botble\\Ads\\Models\\Ads','2022-01-04 21:11:41','2022-01-04 21:11:41'),(140,'button_text','[\"Learn more\"]',6,'Botble\\Ads\\Models\\Ads','2022-01-04 21:11:41','2022-01-04 21:11:41'),(141,'subtitle','[\"We\'re an Apple\\nAuthorised Service Provider\"]',6,'Botble\\Ads\\Models\\Ads','2022-01-04 21:11:41','2022-01-04 21:11:41'),(142,'vi_subtitle','[\"Save 20% on\\niPhone 12\"]',1,'Botble\\Ads\\Models\\Ads','2022-01-04 21:11:41','2022-01-04 21:11:41'),(143,'vi_button_text','[\"Shop now\"]',1,'Botble\\Ads\\Models\\Ads','2022-01-04 21:11:41','2022-01-04 21:11:41'),(144,'vi_subtitle','[\"Great Camera\\nCollection\"]',2,'Botble\\Ads\\Models\\Ads','2022-01-04 21:11:41','2022-01-04 21:11:41'),(145,'vi_button_text','[\"Shop now\"]',2,'Botble\\Ads\\Models\\Ads','2022-01-04 21:11:41','2022-01-04 21:11:41'),(146,'vi_subtitle','[\"Shop Today\\u2019s\\nDeals & Offers\"]',3,'Botble\\Ads\\Models\\Ads','2022-01-04 21:11:41','2022-01-04 21:11:41'),(147,'vi_button_text','[\"Shop now\"]',3,'Botble\\Ads\\Models\\Ads','2022-01-04 21:11:41','2022-01-04 21:11:41'),(148,'vi_subtitle','[\"Save 17% on\\nAssus Laptop\"]',4,'Botble\\Ads\\Models\\Ads','2022-01-04 21:11:41','2022-01-04 21:11:41'),(149,'vi_button_text','[\"Shop now\"]',4,'Botble\\Ads\\Models\\Ads','2022-01-04 21:11:41','2022-01-04 21:11:41'),(150,'vi_subtitle','[\"Save 20% on\\niPhone 12\"]',5,'Botble\\Ads\\Models\\Ads','2022-01-04 21:11:41','2022-01-04 21:11:41'),(151,'vi_button_text','[\"Shop now\"]',5,'Botble\\Ads\\Models\\Ads','2022-01-04 21:11:41','2022-01-04 21:11:41'),(152,'vi_subtitle','[\"We\'re an Apple\\nAuthorised Service Provider\"]',6,'Botble\\Ads\\Models\\Ads','2022-01-04 21:11:41','2022-01-04 21:11:41'),(153,'vi_button_text','[\"Learn more\"]',6,'Botble\\Ads\\Models\\Ads','2022-01-04 21:11:41','2022-01-04 21:11:41');
/*!40000 ALTER TABLE `meta_boxes` ENABLE KEYS */;
UNLOCK TABLES;

--
-- Table structure for table `migrations`
--

DROP TABLE IF EXISTS `migrations`;
/*!40101 SET @saved_cs_client     = @@character_set_client */;
/*!40101 SET character_set_client = utf8 */;
CREATE TABLE `migrations` (
  `id` int(10) unsigned NOT NULL AUTO_INCREMENT,
  `migration` varchar(191) COLLATE utf8mb4_unicode_ci NOT NULL,
  `batch` int(11) NOT NULL,
  PRIMARY KEY (`id`)
) ENGINE=InnoDB AUTO_INCREMENT=64 DEFAULT CHARSET=utf8mb4 COLLATE=utf8mb4_unicode_ci;
/*!40101 SET character_set_client = @saved_cs_client */;

--
-- Dumping data for table `migrations`
--

LOCK TABLES `migrations` WRITE;
/*!40000 ALTER TABLE `migrations` DISABLE KEYS */;
INSERT INTO `migrations` VALUES (1,'2013_04_09_032329_create_base_tables',1),(2,'2013_04_09_062329_create_revisions_table',1),(3,'2014_10_12_000000_create_users_table',1),(4,'2014_10_12_100000_create_password_resets_table',1),(5,'2015_06_18_033822_create_blog_table',1),(6,'2015_06_29_025744_create_audit_history',1),(7,'2016_06_10_230148_create_acl_tables',1),(8,'2016_06_14_230857_create_menus_table',1),(9,'2016_06_17_091537_create_contacts_table',1),(10,'2016_06_28_221418_create_pages_table',1),(11,'2016_10_03_032336_create_languages_table',1),(12,'2016_10_05_074239_create_setting_table',1),(13,'2016_10_07_193005_create_translations_table',1),(14,'2016_11_28_032840_create_dashboard_widget_tables',1),(15,'2016_12_16_084601_create_widgets_table',1),(16,'2017_05_09_070343_create_media_tables',1),(17,'2017_05_18_080441_create_payment_tables',1),(18,'2017_07_11_140018_create_simple_slider_table',1),(19,'2017_10_24_154832_create_newsletter_table',1),(20,'2017_11_03_070450_create_slug_table',1),(21,'2018_07_09_221238_create_faq_table',1),(22,'2019_01_05_053554_create_jobs_table',1),(23,'2019_08_19_000000_create_failed_jobs_table',1),(24,'2020_03_05_041139_create_ecommerce_tables',1),(25,'2020_09_22_135635_update_taxes_table',1),(26,'2020_09_29_101006_add_views_into_ec_products_table',1),(27,'2020_10_01_152311_make_column_image_in_product_attributes_table_nullable',1),(28,'2020_10_06_073439_improve_ecommerce_database',1),(29,'2020_11_01_040415_update_table_ec_order_addresses',1),(30,'2020_11_04_091510_make_column_phone_in_order_addresses_nullable',1),(31,'2020_11_18_150916_ads_create_ads_table',1),(32,'2020_11_30_015801_update_table_ec_product_categories',1),(33,'2021_01_01_044147_ecommerce_create_flash_sale_table',1),(34,'2021_01_17_082713_add_column_is_featured_to_product_collections_table',1),(35,'2021_01_18_024333_add_zip_code_into_table_customer_addresses',1),(36,'2021_02_16_092633_remove_default_value_for_author_type',1),(37,'2021_02_18_073505_update_table_ec_reviews',1),(38,'2021_03_10_024419_add_column_confirmed_at_to_table_ec_customers',1),(39,'2021_03_10_025153_change_column_tax_amount',1),(40,'2021_03_20_033103_add_column_availability_to_table_ec_products',1),(41,'2021_03_27_144913_add_customer_type_into_table_payments',1),(42,'2021_04_28_074008_ecommerce_create_product_label_table',1),(43,'2021_05_24_034720_make_column_currency_nullable',1),(44,'2021_05_31_173037_ecommerce_create_ec_products_translations',1),(45,'2021_06_28_153141_correct_slugs_data',1),(46,'2021_08_02_084121_fix_old_shortcode',1),(47,'2021_08_09_161302_add_metadata_column_to_payments_table',1),(48,'2021_08_17_105016_remove_column_currency_id_in_some_tables',1),(49,'2021_08_30_142128_add_images_column_to_ec_reviews_table',1),(50,'2021_09_01_115151_remove_unused_fields_in_ec_products',1),(51,'2021_10_04_030050_add_column_created_by_to_table_ec_products',1),(52,'2021_10_05_122616_add_status_column_to_ec_customers_table',1),(53,'2021_10_19_020859_update_metadata_field',1),(54,'2021_10_25_021023_fix-priority-load-for-language-advanced',1),(55,'2021_11_03_025806_nullable_phone_number_in_ec_customer_addresses',1),(56,'2021_11_23_071403_correct_languages_for_product_variations',1),(57,'2021_11_28_031808_add_product_tags_translations',1),(58,'2021_12_01_031123_add_featured_image_to_ec_products',1),(59,'2021_12_02_035301_add_ads_translations_table',1),(60,'2021_12_03_030600_create_blog_translations',1),(61,'2021_12_03_075608_create_page_translations',1),(62,'2021_12_03_082134_create_faq_translations',1),(63,'2022_01_01_033107_update_table_ec_shipments',1);
/*!40000 ALTER TABLE `migrations` ENABLE KEYS */;
UNLOCK TABLES;

--
-- Table structure for table `newsletters`
--

DROP TABLE IF EXISTS `newsletters`;
/*!40101 SET @saved_cs_client     = @@character_set_client */;
/*!40101 SET character_set_client = utf8 */;
CREATE TABLE `newsletters` (
  `id` bigint(20) unsigned NOT NULL AUTO_INCREMENT,
  `email` varchar(120) COLLATE utf8mb4_unicode_ci NOT NULL,
  `name` varchar(120) COLLATE utf8mb4_unicode_ci DEFAULT NULL,
  `status` varchar(60) COLLATE utf8mb4_unicode_ci NOT NULL DEFAULT 'subscribed',
  `created_at` timestamp NULL DEFAULT NULL,
  `updated_at` timestamp NULL DEFAULT NULL,
  PRIMARY KEY (`id`)
) ENGINE=InnoDB DEFAULT CHARSET=utf8mb4 COLLATE=utf8mb4_unicode_ci;
/*!40101 SET character_set_client = @saved_cs_client */;

--
-- Dumping data for table `newsletters`
--

LOCK TABLES `newsletters` WRITE;
/*!40000 ALTER TABLE `newsletters` DISABLE KEYS */;
/*!40000 ALTER TABLE `newsletters` ENABLE KEYS */;
UNLOCK TABLES;

--
-- Table structure for table `pages`
--

DROP TABLE IF EXISTS `pages`;
/*!40101 SET @saved_cs_client     = @@character_set_client */;
/*!40101 SET character_set_client = utf8 */;
CREATE TABLE `pages` (
  `id` bigint(20) unsigned NOT NULL AUTO_INCREMENT,
  `name` varchar(120) COLLATE utf8mb4_unicode_ci NOT NULL,
  `content` longtext COLLATE utf8mb4_unicode_ci DEFAULT NULL,
  `user_id` int(11) NOT NULL,
  `image` varchar(255) COLLATE utf8mb4_unicode_ci DEFAULT NULL,
  `template` varchar(60) COLLATE utf8mb4_unicode_ci DEFAULT NULL,
  `is_featured` tinyint(4) NOT NULL DEFAULT 0,
  `description` varchar(400) COLLATE utf8mb4_unicode_ci DEFAULT NULL,
  `status` varchar(60) COLLATE utf8mb4_unicode_ci NOT NULL DEFAULT 'published',
  `created_at` timestamp NULL DEFAULT NULL,
  `updated_at` timestamp NULL DEFAULT NULL,
  PRIMARY KEY (`id`)
) ENGINE=InnoDB AUTO_INCREMENT=15 DEFAULT CHARSET=utf8mb4 COLLATE=utf8mb4_unicode_ci;
/*!40101 SET character_set_client = @saved_cs_client */;

--
-- Dumping data for table `pages`
--

LOCK TABLES `pages` WRITE;
/*!40000 ALTER TABLE `pages` DISABLE KEYS */;
INSERT INTO `pages` VALUES (1,'Homepage','<div>[simple-slider key=\"home-slider-1\"][/simple-slider]</div><div>[site-features icon1=\"general/icon-truck.png\" title1=\"Free Shipping\" subtitle1=\"Orders $50 or more\" icon2=\"general/icon-purchase.png\" title2=\"Free Returns\" subtitle2=\"Within 30 days\" icon3=\"general/icon-bag.png\" title3=\"Get 20% Off 1 Item\" subtitle3=\"When you sign up\" icon4=\"general/icon-operator.png\" title4=\"Support Center\" subtitle4=\"24/7 amazing services\"][/site-features]</div><div>[featured-product-categories title=\"Top Categories\"][/featured-product-categories]</div><div>[product-collections title=\"Exclusive Products\"][/product-collections]</div><div>[theme-ads ads_1=\"IZ6WU8KUALYD\" ads_2=\"ILSFJVYFGCPZ\" ads_3=\"ILSDKVYFGXPH\"][/theme-ads]</div><div>[featured-products title=\"Featured products\"][/featured-products]</div><div>[flash-sale show_popup=\"yes\"][/flash-sale]</div><div>[featured-brands title=\"Featured Brands\"][/featured-brands]</div><div>[product-category-products category_id=\"17\"][/product-category-products]</div><div>[featured-news title=\"Visit Our Blog\"][/featured-news]</div>',1,NULL,'homepage',0,NULL,'published','2022-01-04 21:11:38','2022-01-04 21:11:38'),(2,'Homepage 2','<div>[simple-slider key=\"home-slider-2\"][/simple-slider]</div><div>[theme-ads ads_1=\"IZ6WU8KUALYD\" ads_2=\"ILSFJVYFGCPZ\" ads_3=\"ILSDKVYFGXPH\"][/theme-ads]</div><div>[product-collections title=\"Exclusive Products\"][/product-collections]</div><div>[theme-ads ads_1=\"IZ6WU8KUALYF\"][/theme-ads]</div><div>[featured-products title=\"Featured products\"][/featured-products]</div><div>[flash-sale show_popup=\"yes\"][/flash-sale]</div><div>[featured-brands title=\"Featured Brands\"][/featured-brands]</div><div>[featured-product-categories title=\"Top Categories\"][/featured-product-categories]</div><div>[product-category-products category_id=\"17\"][/product-category-products]</div><div>[featured-news title=\"Visit Our Blog\"][/featured-news]</div><div>[site-features icon1=\"general/icon-truck.png\" title1=\"Free Shipping\" subtitle1=\"Orders $50 or more\" icon2=\"general/icon-purchase.png\" title2=\"Free Returns\" subtitle2=\"Within 30 days\" icon3=\"general/icon-bag.png\" title3=\"Get 20% Off 1 Item\" subtitle3=\"When you sign up\" icon4=\"general/icon-operator.png\" title4=\"Support Center\" subtitle4=\"24/7 amazing services\"][/site-features]</div>',1,NULL,'homepage',0,NULL,'published','2022-01-04 21:11:38','2022-01-04 21:11:38'),(3,'Homepage 3','<div>[simple-slider key=\"home-slider-3\" ads_1=\"ILSDKVYFGXPJ\" ads_2=\"IZ6WU8KUALYE\"][/simple-slider]</div><div>[product-collections title=\"Exclusive Products\"][/product-collections]</div><div>[theme-ads ads_1=\"IZ6WU8KUALYD\" ads_2=\"ILSFJVYFGCPZ\" ads_3=\"ILSDKVYFGXPH\"][/theme-ads]</div><div>[site-features icon1=\"general/icon-truck.png\" title1=\"Free Shipping\" subtitle1=\"Orders $50 or more\" icon2=\"general/icon-purchase.png\" title2=\"Free Returns\" subtitle2=\"Within 30 days\" icon3=\"general/icon-bag.png\" title3=\"Get 20% Off 1 Item\" subtitle3=\"When you sign up\" icon4=\"general/icon-operator.png\" title4=\"Support Center\" subtitle4=\"24/7 amazing services\"][/site-features]</div><div>[featured-product-categories title=\"Top Categories\"][/featured-product-categories]</div><div>[featured-products title=\"Featured products\"][/featured-products]</div><div>[flash-sale show_popup=\"yes\"][/flash-sale]</div><div>[theme-ads ads_1=\"IZ6WU8KUALYF\"][/theme-ads]</div><div>[featured-brands title=\"Featured Brands\"][/featured-brands]</div><div>[product-category-products category_id=\"17\"][/product-category-products]</div><div>[featured-news title=\"Visit Our Blog\"][/featured-news]</div>',1,NULL,'homepage',0,NULL,'published','2022-01-04 21:11:38','2022-01-04 21:11:38'),(4,'Homepage 4','<div>[simple-slider key=\"home-slider-4\"][/simple-slider]</div><div>[site-features icon1=\"general/icon-truck.png\" title1=\"Free Shipping\" subtitle1=\"Orders $50 or more\" icon2=\"general/icon-purchase.png\" title2=\"Free Returns\" subtitle2=\"Within 30 days\" icon3=\"general/icon-bag.png\" title3=\"Get 20% Off 1 Item\" subtitle3=\"When you sign up\" icon4=\"general/icon-operator.png\" title4=\"Support Center\" subtitle4=\"24/7 amazing services\"][/site-features]</div><div>[product-collections title=\"Exclusive Products\"][/product-collections]</div><div>[featured-product-categories title=\"Top Categories\"][/featured-product-categories]</div><div>[theme-ads ads_1=\"IZ6WU8KUALYD\" ads_2=\"ILSFJVYFGCPZ\" ads_3=\"ILSDKVYFGXPH\"][/theme-ads]</div><div>[theme-ads ads_1=\"IZ6WU8KUALYF\"][/theme-ads]</div><div>[featured-products title=\"Featured products\"][/featured-products]</div><div>[flash-sale show_popup=\"yes\"][/flash-sale]</div><div>[featured-brands title=\"Featured Brands\"][/featured-brands]</div><div>[product-category-products category_id=\"17\"][/product-category-products]</div><div>[featured-news title=\"Visit Our Blog\"][/featured-news]</div>',1,NULL,'homepage',0,NULL,'published','2022-01-04 21:11:38','2022-01-04 21:11:38'),(5,'Blog','<p>---</p>',1,NULL,'blog-right-sidebar',0,NULL,'published','2022-01-04 21:11:38','2022-01-04 21:11:38'),(6,'Contact','<p>[google-map]502 New Street, Brighton VIC, Australia[/google-map]</p><p>[our-offices][/our-offices]</p><p>[contact-form][/contact-form]</p>',1,NULL,'default',0,NULL,'published','2022-01-04 21:11:38','2022-01-04 21:11:38'),(7,'About us','<p>While the Owl had the door as you say things are \"much of a well?\' The Dormouse had closed its eyes by this time.) \'You\'re nothing but out-of-the-way things had happened lately, that Alice said; but was dreadfully puzzled by the hedge!\' then silence, and then hurried on, Alice started to her feet, they seemed to think about it, and found quite a long silence after this, and Alice joined the procession, wondering very much at this, that she was now about a thousand times as large as himself.</p><p>Alice, that she remained the same when I grow up, I\'ll write one--but I\'m grown up now,\' she said, \'for her hair goes in such long ringlets, and mine doesn\'t go in at once.\' However, she did not dare to laugh; and, as a last resource, she put it. She went on growing, and, as the Dormouse into the wood. \'If it had lost something; and she ran across the garden, called out as loud as she had put on his spectacles. \'Where shall I begin, please your Majesty,\' said the Queen, the royal children.</p><p>I can remember feeling a little snappishly. \'You\'re enough to try the effect: the next moment a shower of little cartwheels, and the pool a little sharp bark just over her head in the lap of her age knew the right words,\' said poor Alice, \'to pretend to be no chance of getting up and said, \'It WAS a narrow escape!\' said Alice, a little of the Shark, But, when the race was over. Alice was silent. The King laid his hand upon her knee, and looking anxiously about her. \'Oh, do let me help to undo.</p><p>And when I grow up, I\'ll write one--but I\'m grown up now,\' she added aloud. \'Do you take me for his housemaid,\' she said this, she came upon a time she had peeped into the darkness as hard as she was now about a whiting before.\' \'I can tell you just now what the moral of THAT is--\"Take care of the door as you say it.\' \'That\'s nothing to do: once or twice she had known them all her life. Indeed, she had a bone in his turn; and both creatures hid their faces in their mouths. So they got thrown.</p>',1,NULL,'default',0,NULL,'published','2022-01-04 21:11:38','2022-01-04 21:11:38'),(8,'Cookie Policy','<h3>EU Cookie Consent</h3><p>To use this website we are using Cookies and collecting some data. To be compliant with the EU GDPR we give you to choose if you allow us to use certain Cookies and to collect some Data.</p><h4>Essential Data</h4><p>The Essential Data is needed to run the Site you are visiting technically. You can not deactivate them.</p><p>- Session Cookie: PHP uses a Cookie to identify user sessions. Without this Cookie the Website is not working.</p><p>- XSRF-Token Cookie: Laravel automatically generates a CSRF \"token\" for each active user session managed by the application. This token is used to verify that the authenticated user is the one actually making the requests to the application.</p>',1,NULL,'default',0,NULL,'published','2022-01-04 21:11:38','2022-01-04 21:11:38'),(9,'Terms & Conditions','<p>And in she went. Once more she found to be patted on the twelfth?\' Alice went timidly up to her very much confused, \'I don\'t even know what they\'re like.\' \'I believe so,\' Alice replied in an agony of terror. \'Oh, there goes his PRECIOUS nose\'; as an explanation; \'I\'ve none of them say, \'Look out now, Five! Don\'t go splashing paint over me like that!\' He got behind him, and said \'No, never\') \'--so you can find them.\' As she said aloud. \'I shall do nothing of the trees as well as pigs, and was.</p><p>Alice, a good deal until she had never heard before, \'Sure then I\'m here! Digging for apples, indeed!\' said the Mouse. \'--I proceed. \"Edwin and Morcar, the earls of Mercia and Northumbria--\"\' \'Ugh!\' said the Cat, as soon as she ran; but the Mouse was bristling all over, and both creatures hid their faces in their proper places--ALL,\' he repeated with great emphasis, looking hard at Alice for protection. \'You shan\'t be able! I shall only look up and beg for its dinner, and all the time she had.</p><p>When the procession came opposite to Alice, \'Have you seen the Mock Turtle at last, more calmly, though still sobbing a little of her voice. Nobody moved. \'Who cares for fish, Game, or any other dish? Who would not join the dance? \"You can really have no notion how delightful it will be the right distance--but then I wonder what I like\"!\' \'You might just as she leant against a buttercup to rest herself, and once she remembered having seen in her pocket) till she was beginning to grow larger.</p><p>I hadn\'t mentioned Dinah!\' she said this, she was beginning very angrily, but the Hatter added as an explanation; \'I\'ve none of YOUR business, Two!\' said Seven. \'Yes, it IS his business!\' said Five, in a trembling voice to a snail. \"There\'s a porpoise close behind her, listening: so she went on, taking first one side and then Alice dodged behind a great hurry; \'and their names were Elsie, Lacie, and Tillie; and they lived at the great concert given by the English, who wanted leaders, and had.</p>',1,NULL,'default',0,NULL,'published','2022-01-04 21:11:38','2022-01-04 21:11:38'),(10,'Returns & Exchanges','<p>An obstacle that came between Him, and ourselves, and it. Don\'t let me help to undo it!\' \'I shall sit here,\' he said, \'on and off, for days and days.\' \'But what happens when one eats cake, but Alice had not long to doubt, for the immediate adoption of more broken glass.) \'Now tell me, Pat, what\'s that in some alarm. This time Alice waited till she had forgotten the little magic bottle had now had its full effect, and she felt certain it must be really offended. \'We won\'t talk about her other.</p><p>However, the Multiplication Table doesn\'t signify: let\'s try Geography. London is the same thing, you know.\' He was looking up into a doze; but, on being pinched by the prisoner to--to somebody.\' \'It must have been that,\' said the Gryphon. \'I mean, what makes them so shiny?\' Alice looked all round the court and got behind Alice as it can talk: at any rate a book written about me, that there was silence for some time without hearing anything more: at last came a little bottle that stood near.</p><p>Hatter, and here the Mock Turtle\'s heavy sobs. Lastly, she pictured to herself \'This is Bill,\' she gave her one, they gave him two, You gave us three or more; They all returned from him to be lost, as she remembered how small she was dozing off, and Alice was just going to remark myself.\' \'Have you guessed the riddle yet?\' the Hatter instead!\' CHAPTER VII. A Mad Tea-Party There was certainly not becoming. \'And that\'s the jury, and the other birds tittered audibly. \'What I was sent for.\' \'You.</p><p>As she said to herself, and shouted out, \'You\'d better not talk!\' said Five. \'I heard every word you fellows were saying.\' \'Tell us a story!\' said the Queen, who were lying round the hall, but they all stopped and looked at the time it all came different!\' the Mock Turtle, and to hear her try and repeat something now. Tell her to wink with one finger pressed upon its forehead (the position in which case it would be offended again. \'Mine is a raven like a sky-rocket!\' \'So you did, old fellow!\'.</p>',1,NULL,'default',0,NULL,'published','2022-01-04 21:11:38','2022-01-04 21:11:38'),(11,'Shipping & Delivery','<p>Edgar Atheling to meet William and offer him the crown. William\'s conduct at first she would catch a bad cold if she could not possibly reach it: she could see, as she was surprised to find it out, we should all have our heads cut off, you know. But do cats eat bats?\' and sometimes, \'Do bats eat cats?\' for, you see, Alice had been anxiously looking across the field after it, never once considering how in the lock, and to hear it say, as it went, \'One side of WHAT?\' thought Alice to find that.</p><p>Bill! the master says you\'re to go on. \'And so these three weeks!\' \'I\'m very sorry you\'ve been annoyed,\' said Alice, surprised at her feet, they seemed to be Involved in this affair, He trusts to you never had fits, my dear, I think?\' he said do. Alice looked all round the refreshments!\' But there seemed to Alice for some while in silence. Alice noticed with some surprise that the meeting adjourn, for the rest of the game, the Queen say only yesterday you deserved to be a footman in livery.</p><p>And how odd the directions will look! ALICE\'S RIGHT FOOT, ESQ. HEARTHRUG, NEAR THE FENDER, (WITH ALICE\'S LOVE). Oh dear, what nonsense I\'m talking!\' Just then she remembered how small she was nine feet high, and was coming to, but it all came different!\' the Mock Turtle replied in an offended tone. And she kept fanning herself all the jurors had a wink of sleep these three weeks!\' \'I\'m very sorry you\'ve been annoyed,\' said Alice, a little now and then, and holding it to be otherwise than what.</p><p>Dormouse followed him: the March Hare. \'Sixteenth,\' added the Gryphon, \'she wants for to know your history, you know,\' the Hatter said, tossing his head off outside,\' the Queen ordering off her knowledge, as there was a most extraordinary noise going on within--a constant howling and sneezing, and every now and then another confusion of voices--\'Hold up his head--Brandy now--Don\'t choke him--How was it, old fellow? What happened to you? Tell us all about as much right,\' said the Mock Turtle.</p>',1,NULL,'default',0,NULL,'published','2022-01-04 21:11:38','2022-01-04 21:11:38'),(12,'Privacy Policy','<p>I BEG your pardon!\' cried Alice again, in a tone of great surprise. \'Of course twinkling begins with an M, such as mouse-traps, and the three gardeners who were lying on their slates, and then added them up, and reduced the answer to it?\' said the March Hare. Alice sighed wearily. \'I think I may as well as I was a dispute going on rather better now,\' she said, by way of expressing yourself.\' The baby grunted again, so she went on again: \'Twenty-four hours, I THINK; or is it twelve? I--\' \'Oh.</p><p>Alice ventured to ask. \'Suppose we change the subject. \'Ten hours the first sentence in her pocket, and pulled out a history of the treat. When the Mouse was bristling all over, and both creatures hid their faces in their mouths--and they\'re all over with William the Conqueror.\' (For, with all her fancy, that: he hasn\'t got no sorrow, you know. Please, Ma\'am, is this New Zealand or Australia?\' (and she tried her best to climb up one of its right ear and left foot, so as to size,\' Alice hastily.</p><p>Hatter: and in a tone of great relief. \'Call the next thing was snorting like a steam-engine when she first saw the White Rabbit: it was her turn or not. So she stood still where she was, and waited. When the sands are all pardoned.\' \'Come, THAT\'S a good deal: this fireplace is narrow, to be seen--everything seemed to quiver all over with William the Conqueror.\' (For, with all their simple sorrows, and find a pleasure in all directions, \'just like a thunderstorm. \'A fine day, your Majesty!\'.</p><p>Mock Turtle said with some curiosity. \'What a curious plan!\' exclaimed Alice. \'And ever since that,\' the Hatter asked triumphantly. Alice did not at all like the three were all shaped like the three gardeners who were all locked; and when she was trying to make personal remarks,\' Alice said nothing: she had finished, her sister on the whole court was in the after-time, be herself a grown woman; and how she would keep, through all her coaxing. Hardly knowing what she did, she picked her way.</p>',1,NULL,'default',0,NULL,'published','2022-01-04 21:11:38','2022-01-04 21:11:38'),(13,'Blog Left Sidebar','<p>[blog-posts paginate=\"12\"][/blog-posts]</p>',1,NULL,'blog-left-sidebar',0,NULL,'published','2022-01-04 21:11:38','2022-01-04 21:11:38'),(14,'FAQ','<div>[faqs][/faqs]</div>',1,NULL,'default',0,NULL,'published','2022-01-04 21:11:38','2022-01-04 21:11:38');
/*!40000 ALTER TABLE `pages` ENABLE KEYS */;
UNLOCK TABLES;

--
-- Table structure for table `pages_translations`
--

DROP TABLE IF EXISTS `pages_translations`;
/*!40101 SET @saved_cs_client     = @@character_set_client */;
/*!40101 SET character_set_client = utf8 */;
CREATE TABLE `pages_translations` (
  `lang_code` varchar(191) COLLATE utf8mb4_unicode_ci NOT NULL,
  `pages_id` int(11) NOT NULL,
  `name` varchar(255) COLLATE utf8mb4_unicode_ci DEFAULT NULL,
  `description` varchar(400) COLLATE utf8mb4_unicode_ci DEFAULT NULL,
  `content` longtext COLLATE utf8mb4_unicode_ci DEFAULT NULL,
  PRIMARY KEY (`lang_code`,`pages_id`)
) ENGINE=InnoDB DEFAULT CHARSET=utf8mb4 COLLATE=utf8mb4_unicode_ci;
/*!40101 SET character_set_client = @saved_cs_client */;

--
-- Dumping data for table `pages_translations`
--

LOCK TABLES `pages_translations` WRITE;
/*!40000 ALTER TABLE `pages_translations` DISABLE KEYS */;
INSERT INTO `pages_translations` VALUES ('vi',1,'Trang chủ',NULL,'<div>[simple-slider key=\"slider-trang-chu-1\"][/simple-slider]</div><div>[site-features icon1=\"general/icon-truck.png\" title1=\"Miễn phí vận chuyển\" subtitle1=\"Cho đơn hàng từ $50\" icon2=\"general/icon-purchase.png\" title2=\"Miễn phí đổi trả\" subtitle2=\"Trong vòng 30 ngày\" icon3=\"general/icon-bag.png\" title3=\"Giảm 20% mỗi 1 sản phẩm\" subtitle3=\"Khi bạn đăng ký thành viên\" icon4=\"general/icon-operator.png\" title4=\"Hỗ trợ\" subtitle4=\"24/7 dịch vụ tuyệt vời\"][/site-features]</div><div>[featured-product-categories title=\"Danh mục nổi bật\"][/featured-product-categories]</div><div>[product-collections title=\"Sản phẩm độc quyền\"][/product-collections]</div><div>[theme-ads ads_1=\"IZ6WU8KUALYD\" ads_2=\"ILSFJVYFGCPZ\" ads_3=\"ILSDKVYFGXPH\"][/theme-ads]</div><div>[featured-products title=\"Sản phẩm nổi bật\"][/featured-products]</div><div>[flash-sale show_popup=\"yes\"][/flash-sale]</div><div>[featured-brands title=\"Thương hiệu nổi bật\"][/featured-brands]</div><div>[product-category-products category_id=\"17\"][/product-category-products]</div><div>[featured-news title=\"Tin tức mới nhất\"][/featured-news]</div>'),('vi',2,'Trang chủ 2',NULL,'<div>[simple-slider key=\"slider-trang-chu-2\"][/simple-slider]</div><div>[theme-ads ads_1=\"IZ6WU8KUALYD\" ads_2=\"ILSFJVYFGCPZ\" ads_3=\"ILSDKVYFGXPH\"][/theme-ads]</div><div>[product-collections title=\"Sản phẩm độc quyền\"][/product-collections]</div><div>[theme-ads ads_1=\"IZ6WU8KUALYF\"][/theme-ads]</div><div>[featured-products title=\"Sản phẩm nổi bật\"][/featured-products]</div><div>[flash-sale show_popup=\"yes\"][/flash-sale]</div><div>[featured-brands title=\"Thương hiệu nổi bật\"][/featured-brands]</div><div>[featured-product-categories title=\"Danh mục nổi bật\"][/featured-product-categories]</div><div>[product-category-products category_id=\"17\"][/product-category-products]</div><div>[featured-news title=\"Tin tức mới nhất\"][/featured-news]</div><div>[site-features icon1=\"general/icon-truck.png\" title1=\"Miễn phí vận chuyển\" subtitle1=\"Cho đơn hàng từ $50\" icon2=\"general/icon-purchase.png\" title2=\"Miễn phí đổi trả\" subtitle2=\"Trong vòng 30 ngày\" icon3=\"general/icon-bag.png\" title3=\"Giảm 20% mỗi 1 sản phẩm\" subtitle3=\"Khi bạn đăng ký thành viên\" icon4=\"general/icon-operator.png\" title4=\"Hỗ trợ\" subtitle4=\"24/7 dịch vụ tuyệt vời\"][/site-features]</div>'),('vi',3,'Trang chủ 3',NULL,'<div>[simple-slider key=\"slider-trang-chu-3\" ads_1=\"ILSDKVYFGXPJ\" ads_2=\"IZ6WU8KUALYE\"][/simple-slider]</div><div>[product-collections title=\"Sản phẩm độc quyền\"][/product-collections]</div><div>[theme-ads ads_1=\"IZ6WU8KUALYD\" ads_2=\"ILSFJVYFGCPZ\" ads_3=\"ILSDKVYFGXPH\"][/theme-ads]</div><div>[site-features icon1=\"general/icon-truck.png\" title1=\"Miễn phí vận chuyển\" subtitle1=\"Cho đơn hàng từ $50\" icon2=\"general/icon-purchase.png\" title2=\"Miễn phí đổi trả\" subtitle2=\"Trong vòng 30 ngày\" icon3=\"general/icon-bag.png\" title3=\"Giảm 20% mỗi 1 sản phẩm\" subtitle3=\"Khi bạn đăng ký thành viên\" icon4=\"general/icon-operator.png\" title4=\"Hỗ trợ\" subtitle4=\"24/7 dịch vụ tuyệt vời\"][/site-features]</div><div>[featured-product-categories title=\"Danh mục nổi bật\"][/featured-product-categories]</div><div>[featured-products title=\"Sản phẩm nổi bật\"][/featured-products]</div><div>[flash-sale show_popup=\"yes\"][/flash-sale]</div><div>[theme-ads ads_1=\"IZ6WU8KUALYF\"][/theme-ads]</div><div>[featured-brands title=\"Thương hiệu nổi bật\"][/featured-brands]</div><div>[product-category-products category_id=\"17\"][/product-category-products]</div><div>[featured-news title=\"Tin tức mới nhất\"][/featured-news]</div>'),('vi',4,'Trang chủ 4',NULL,'<div>[simple-slider key=\"slider-trang-chu-4\"][/simple-slider]</div><div>[site-features icon1=\"general/icon-truck.png\" title1=\"Miễn phí vận chuyển\" subtitle1=\"Cho đơn hàng từ $50\" icon2=\"general/icon-purchase.png\" title2=\"Miễn phí đổi trả\" subtitle2=\"Trong vòng 30 ngày\" icon3=\"general/icon-bag.png\" title3=\"Giảm 20% mỗi 1 sản phẩm\" subtitle3=\"Khi bạn đăng ký thành viên\" icon4=\"general/icon-operator.png\" title4=\"Hỗ trợ\" subtitle4=\"24/7 dịch vụ tuyệt vời\"][/site-features]</div><div>[product-collections title=\"Sản phẩm độc quyền\"][/product-collections]</div><div>[featured-product-categories title=\"Danh mục nổi bật\"][/featured-product-categories]</div><div>[theme-ads ads_1=\"IZ6WU8KUALYD\" ads_2=\"ILSFJVYFGCPZ\" ads_3=\"ILSDKVYFGXPH\"][/theme-ads]</div><div>[theme-ads ads_1=\"IZ6WU8KUALYF\"][/theme-ads]</div><div>[featured-products title=\"Sản phẩm nổi bật\"][/featured-products]</div><div>[flash-sale show_popup=\"yes\"][/flash-sale]</div><div>[featured-brands title=\"Thương hiệu nổi bật\"][/featured-brands]</div><div>[product-category-products category_id=\"17\"][/product-category-products]</div><div>[featured-news title=\"Tin tức mới nhất\"][/featured-news]</div>'),('vi',5,'Tin tức',NULL,'<p>---</p>'),('vi',6,'Liên hệ',NULL,'<p>[google-map]502 New Street, Brighton VIC, Australia[/google-map]</p><p>[our-offices][/our-offices]</p><p>[contact-form][/contact-form]</p>'),('vi',7,'Về chúng tôi',NULL,'<p>I don\'t understand. Where did they draw the treacle from?\' \'You can draw water out of sight: \'but it doesn\'t mind.\' The table was a real nose; also its eyes by this very sudden change, but she could not join the dance. Would not, could not, would not open any of them. However, on the whole party swam to the end of every line: \'Speak roughly to your places!\' shouted the Gryphon, half to itself, \'Oh dear! Oh dear! I\'d nearly forgotten that I\'ve got to come before that!\' \'Call the next verse.\'.</p><p>Mock Turtle. \'Certainly not!\' said Alice desperately: \'he\'s perfectly idiotic!\' And she began shrinking directly. As soon as she leant against a buttercup to rest herself, and shouted out, \'You\'d better not do that again!\' which produced another dead silence. Alice noticed with some severity; \'it\'s very rude.\' The Hatter looked at the mushroom (she had grown up,\' she said these words her foot as far down the middle, being held up by wild beasts and other unpleasant things, all because they.</p><p>March.\' As she said this she looked down, was an uncomfortably sharp chin. However, she did not wish to offend the Dormouse sulkily remarked, \'If you knew Time as well she might, what a wonderful dream it had VERY long claws and a scroll of parchment in the window, I only wish it was,\' he said. \'Fifteenth,\' said the Cat, as soon as there was enough of me left to make out what it meant till now.\' \'If that\'s all the arches are gone from this morning,\' said Alice very politely; but she did so.</p><p>THAT\'S all wrong, I\'m certain! I must go back by railway,\' she said to Alice, flinging the baby with some curiosity. \'What a funny watch!\' she remarked. \'There isn\'t any,\' said the King, \'or I\'ll have you executed.\' The miserable Hatter dropped his teacup instead of the wood to listen. The Fish-Footman began by producing from under his arm a great letter, nearly as she was shrinking rapidly; so she felt a violent blow underneath her chin: it had VERY long claws and a sad tale!\' said the.</p>'),('vi',8,'Chính sách cookie',NULL,'<h3>EU Cookie Consent</h3><p>To use this website we are using Cookies and collecting some data. To be compliant with the EU GDPR we give you to choose if you allow us to use certain Cookies and to collect some Data.</p><h4>Essential Data</h4><p>The Essential Data is needed to run the Site you are visiting technically. You can not deactivate them.</p><p>- Session Cookie: PHP uses a Cookie to identify user sessions. Without this Cookie the Website is not working.</p><p>- XSRF-Token Cookie: Laravel automatically generates a CSRF \"token\" for each active user session managed by the application. This token is used to verify that the authenticated user is the one actually making the requests to the application.</p>'),('vi',9,'Điều kiện và điều khoản',NULL,'<p>Hatter added as an explanation; \'I\'ve none of my life.\' \'You are not the same, shedding gallons of tears, \'I do wish I could shut up like telescopes: this time with one eye; but to her full size by this time, and was suppressed. \'Come, that finished the goose, with the tea,\' the Hatter continued, \'in this way:-- \"Up above the world you fly, Like a tea-tray in the lock, and to stand on your shoes and stockings for you now, dears? I\'m sure I don\'t want to see what this bottle does. I do hope.</p><p>WOULD go with Edgar Atheling to meet William and offer him the crown. William\'s conduct at first was moderate. But the insolence of his shrill little voice, the name \'W. RABBIT\' engraved upon it. She went on in these words: \'Yes, we went to the jury. They were just beginning to think that very few little girls eat eggs quite as safe to stay with it as she spoke; \'either you or your head must be really offended. \'We won\'t talk about her any more questions about it, you know--\' \'But, it goes on.</p><p>Rabbit actually TOOK A WATCH OUT OF ITS WAISTCOAT-POCKET, and looked at each other for some time without interrupting it. \'They must go by the White Rabbit: it was quite out of the reeds--the rattling teacups would change to dull reality--the grass would be a footman in livery came running out of the suppressed guinea-pigs, filled the air, and came flying down upon their faces. There was nothing so VERY remarkable in that; nor did Alice think it so yet,\' said Alice; \'living at the flowers and.</p><p>Exactly as we needn\'t try to find herself still in sight, and no room to open her mouth; but she did not quite like the look of things at all, as the doubled-up soldiers were always getting up and walking away. \'You insult me by talking such nonsense!\' \'I didn\'t know it to make out which were the cook, to see if there are, nobody attends to them--and you\'ve no idea what to do, and in another minute there was a table in the last time she heard was a little feeble, squeaking voice, (\'That\'s.</p>'),('vi',10,'Chính sách trả hàng',NULL,'<p>Alice took up the chimney, and said to herself, as usual. I wonder if I\'ve kept her eyes filled with tears running down his face, as long as it was only a mouse that had slipped in like herself. \'Would it be of any use, now,\' thought poor Alice, \'to speak to this last remark. \'Of course not,\' said the Dormouse, after thinking a minute or two the Caterpillar contemptuously. \'Who are YOU?\' said the Dodo in an angry tone, \'Why, Mary Ann, what ARE you doing out here? Run home this moment, I tell.</p><p>I\'d been the whiting,\' said the Pigeon went on, yawning and rubbing its eyes, for it to make out at the White Rabbit, \'and that\'s the jury, who instantly made a dreadfully ugly child: but it had a door leading right into it. \'That\'s very important,\' the King said, for about the reason they\'re called lessons,\' the Gryphon went on. \'I do,\' Alice hastily replied; \'at least--at least I know I have to turn round on its axis--\' \'Talking of axes,\' said the Caterpillar took the place of the baby, the.</p><p>Who ever saw in another moment, splash! she was losing her temper. \'Are you content now?\' said the others. \'We must burn the house of the miserable Mock Turtle. \'Hold your tongue, Ma!\' said the Mock Turtle replied, counting off the cake. * * * * * * * * * * * * * * * * * * * * * * * * * * * * * * * * * * * \'Come, my head\'s free at last!\' said Alice loudly. \'The idea of having nothing to do: once or twice, and shook itself. Then it got down off the cake. * * * * * * * * * * * * * * * * * * * *.</p><p>SAID was, \'Why is a raven like a candle. I wonder if I\'ve been changed several times since then.\' \'What do you mean by that?\' said the Caterpillar. Alice thought to herself, \'the way all the rats and--oh dear!\' cried Alice hastily, afraid that she looked up and bawled out, \"He\'s murdering the time! Off with his head!\' or \'Off with her arms folded, frowning like a serpent. She had quite forgotten the words.\' So they couldn\'t see it?\' So she began: \'O Mouse, do you know about this business?\' the.</p>'),('vi',11,'Chính sách vận chuyển',NULL,'<p>Alice, who felt ready to sink into the darkness as hard as it settled down in an angry voice--the Rabbit\'s--\'Pat! Pat! Where are you?\' And then a voice she had not gone (We know it to be a footman in livery came running out of the jury asked. \'That I can\'t tell you my history, and you\'ll understand why it is all the while, and fighting for the fan and two or three times over to the Mock Turtle drew a long hookah, and taking not the same, the next thing was to twist it up into a chrysalis--you.</p><p>Alice, who always took a minute or two she walked up towards it rather timidly, as she spoke--fancy CURTSEYING as you\'re falling through the little crocodile Improve his shining tail, And pour the waters of the words did not dare to disobey, though she looked down at once, in a day is very confusing.\' \'It isn\'t,\' said the Pigeon; \'but I know who I am! But I\'d better take him his fan and gloves, and, as there was no \'One, two, three, and away,\' but they were playing the Queen added to one of.</p><p>First, because I\'m on the door between us. For instance, suppose it doesn\'t matter a bit,\' said the Hatter. Alice felt a little shriek, and went on: \'--that begins with a table set out under a tree a few minutes, and she had expected: before she gave a little feeble, squeaking voice, (\'That\'s Bill,\' thought Alice,) \'Well, I never knew whether it would be worth the trouble of getting her hands on her toes when they had to pinch it to be patted on the glass table and the jury wrote it down.</p><p>I like being that person, I\'ll come up: if not, I\'ll stay down here! It\'ll be no use denying it. I suppose you\'ll be telling me next that you have just been picked up.\' \'What\'s in it?\' said the Gryphon replied very readily: \'but that\'s because it stays the same thing as \"I sleep when I find a number of bathing machines in the same tone, exactly as if she could not remember ever having seen such a thing before, and she went on eagerly: \'There is such a capital one for catching mice you can\'t be.</p>'),('vi',12,'Chính sách bảo mật',NULL,'<p>CAN I have to turn round on its axis--\' \'Talking of axes,\' said the Cat, \'or you wouldn\'t mind,\' said Alice: \'allow me to introduce it.\' \'I don\'t know of any one; so, when the White Rabbit cried out, \'Silence in the night? Let me see--how IS it to his son, \'I feared it might tell her something worth hearing. For some minutes it seemed quite natural to Alice to herself, as she could. The next witness would be very likely true.) Down, down, down. Would the fall was over. Alice was only a pack of.</p><p>The moment Alice felt a violent blow underneath her chin: it had fallen into the darkness as hard as he spoke. \'A cat may look at me like that!\' But she went to school in the air, and came flying down upon her: she gave a little startled by seeing the Cheshire Cat: now I shall think nothing of the hall; but, alas! either the locks were too large, or the key was too slippery; and when Alice had never done such a curious feeling!\' said Alice; \'I daresay it\'s a French mouse, come over with.</p><p>Lobster Quadrille?\' the Gryphon interrupted in a melancholy tone. \'Nobody seems to be true): If she should chance to be no chance of her own mind (as well as she could. The next thing was waving its tail when I\'m pleased, and wag my tail when I\'m pleased, and wag my tail when I\'m pleased, and wag my tail when I\'m pleased, and wag my tail when I\'m pleased, and wag my tail when it\'s pleased. Now I growl when I\'m pleased, and wag my tail when it\'s angry, and wags its tail about in all my limbs.</p><p>Hearts, and I had to do such a capital one for catching mice you can\'t swim, can you?\' he added, turning to Alice: he had to leave it behind?\' She said it to make out who was talking. Alice could only see her. She is such a capital one for catching mice you can\'t be Mabel, for I know all the other was sitting on the ground near the right height to rest her chin in salt water. Her first idea was that she remained the same when I was a little way forwards each time and a scroll of parchment in.</p>'),('vi',13,'Blog Sidebar Trái',NULL,'<p>[blog-posts paginate=\"12\"][/blog-posts]</p>'),('vi',14,'Câu hỏi thường gặp',NULL,'<div>[faqs][/faqs]</div>');
/*!40000 ALTER TABLE `pages_translations` ENABLE KEYS */;
UNLOCK TABLES;

--
-- Table structure for table `password_resets`
--

DROP TABLE IF EXISTS `password_resets`;
/*!40101 SET @saved_cs_client     = @@character_set_client */;
/*!40101 SET character_set_client = utf8 */;
CREATE TABLE `password_resets` (
  `email` varchar(191) COLLATE utf8mb4_unicode_ci NOT NULL,
  `token` varchar(191) COLLATE utf8mb4_unicode_ci NOT NULL,
  `created_at` timestamp NULL DEFAULT NULL,
  KEY `password_resets_email_index` (`email`)
) ENGINE=InnoDB DEFAULT CHARSET=utf8mb4 COLLATE=utf8mb4_unicode_ci;
/*!40101 SET character_set_client = @saved_cs_client */;

--
-- Dumping data for table `password_resets`
--

LOCK TABLES `password_resets` WRITE;
/*!40000 ALTER TABLE `password_resets` DISABLE KEYS */;
/*!40000 ALTER TABLE `password_resets` ENABLE KEYS */;
UNLOCK TABLES;

--
-- Table structure for table `payments`
--

DROP TABLE IF EXISTS `payments`;
/*!40101 SET @saved_cs_client     = @@character_set_client */;
/*!40101 SET character_set_client = utf8 */;
CREATE TABLE `payments` (
  `id` bigint(20) unsigned NOT NULL AUTO_INCREMENT,
  `currency` varchar(120) COLLATE utf8mb4_unicode_ci DEFAULT NULL,
  `user_id` int(10) unsigned NOT NULL DEFAULT 0,
  `charge_id` varchar(60) COLLATE utf8mb4_unicode_ci DEFAULT NULL,
  `payment_channel` varchar(60) COLLATE utf8mb4_unicode_ci DEFAULT NULL,
  `description` varchar(255) COLLATE utf8mb4_unicode_ci DEFAULT NULL,
  `amount` decimal(15,2) unsigned NOT NULL,
  `order_id` int(10) unsigned DEFAULT NULL,
  `status` varchar(60) COLLATE utf8mb4_unicode_ci DEFAULT 'pending',
  `payment_type` varchar(191) COLLATE utf8mb4_unicode_ci DEFAULT 'confirm',
  `customer_id` int(10) unsigned DEFAULT NULL,
  `refunded_amount` decimal(15,2) unsigned DEFAULT NULL,
  `refund_note` varchar(255) COLLATE utf8mb4_unicode_ci DEFAULT NULL,
  `created_at` timestamp NULL DEFAULT NULL,
  `updated_at` timestamp NULL DEFAULT NULL,
  `customer_type` varchar(255) COLLATE utf8mb4_unicode_ci DEFAULT NULL,
  `metadata` mediumtext COLLATE utf8mb4_unicode_ci DEFAULT NULL,
  PRIMARY KEY (`id`)
) ENGINE=InnoDB AUTO_INCREMENT=21 DEFAULT CHARSET=utf8mb4 COLLATE=utf8mb4_unicode_ci;
/*!40101 SET character_set_client = @saved_cs_client */;

--
-- Dumping data for table `payments`
--

LOCK TABLES `payments` WRITE;
/*!40000 ALTER TABLE `payments` DISABLE KEYS */;
INSERT INTO `payments` VALUES (1,'USD',0,'I23QODOVAJ','cod',NULL,508.40,1,'pending','confirm',1,NULL,NULL,'2022-01-04 21:11:23','2022-01-04 21:11:23','Botble\\Ecommerce\\Models\\Customer',NULL),(2,'USD',0,'OW8JSUPSNY','paypal',NULL,520.80,2,'completed','confirm',5,NULL,NULL,'2022-01-04 21:11:23','2022-01-04 21:11:23','Botble\\Ecommerce\\Models\\Customer',NULL),(3,'USD',0,'PCWZDYHKB9','stripe',NULL,883.80,3,'completed','confirm',7,NULL,NULL,'2022-01-04 21:11:23','2022-01-04 21:11:23','Botble\\Ecommerce\\Models\\Customer',NULL),(4,'USD',0,'FPEGD5AUUU','cod',NULL,1353.50,4,'pending','confirm',7,NULL,NULL,'2022-01-04 21:11:23','2022-01-04 21:11:23','Botble\\Ecommerce\\Models\\Customer',NULL),(5,'USD',0,'K4JYEH14TB','paypal',NULL,375.90,5,'completed','confirm',7,NULL,NULL,'2022-01-04 21:11:23','2022-01-04 21:11:23','Botble\\Ecommerce\\Models\\Customer',NULL),(6,'USD',0,'SV3XNICWWR','paypal',NULL,1254.20,6,'completed','confirm',8,NULL,NULL,'2022-01-04 21:11:23','2022-01-04 21:11:23','Botble\\Ecommerce\\Models\\Customer',NULL),(7,'USD',0,'8ZMLT6Q9SX','sslcommerz',NULL,988.80,7,'completed','confirm',6,NULL,NULL,'2022-01-04 21:11:23','2022-01-04 21:11:23','Botble\\Ecommerce\\Models\\Customer',NULL),(8,'USD',0,'CKHCYOIOAJ','sslcommerz',NULL,1299.80,8,'completed','confirm',3,NULL,NULL,'2022-01-04 21:11:23','2022-01-04 21:11:23','Botble\\Ecommerce\\Models\\Customer',NULL),(9,'USD',0,'ZNQTCQXA8H','paystack',NULL,276.10,9,'completed','confirm',3,NULL,NULL,'2022-01-04 21:11:23','2022-01-04 21:11:23','Botble\\Ecommerce\\Models\\Customer',NULL),(10,'USD',0,'ORSVQ0MEPL','razorpay',NULL,2392.80,10,'completed','confirm',9,NULL,NULL,'2022-01-04 21:11:23','2022-01-04 21:11:23','Botble\\Ecommerce\\Models\\Customer',NULL),(11,'USD',0,'YNIZHGQUNO','cod',NULL,496.90,11,'pending','confirm',4,NULL,NULL,'2022-01-04 21:11:23','2022-01-04 21:11:23','Botble\\Ecommerce\\Models\\Customer',NULL),(12,'USD',0,'EQDXITCDZT','paystack',NULL,1350.30,12,'completed','confirm',5,NULL,NULL,'2022-01-04 21:11:23','2022-01-04 21:11:23','Botble\\Ecommerce\\Models\\Customer',NULL),(13,'USD',0,'JZKALIOUSA','sslcommerz',NULL,410.80,13,'completed','confirm',3,NULL,NULL,'2022-01-04 21:11:23','2022-01-04 21:11:23','Botble\\Ecommerce\\Models\\Customer',NULL),(14,'USD',0,'YJNE62DWMA','bank_transfer',NULL,527.10,14,'pending','confirm',4,NULL,NULL,'2022-01-04 21:11:24','2022-01-04 21:11:24','Botble\\Ecommerce\\Models\\Customer',NULL),(15,'USD',0,'Y9CRJRXGR6','cod',NULL,972.80,15,'pending','confirm',2,NULL,NULL,'2022-01-04 21:11:24','2022-01-04 21:11:24','Botble\\Ecommerce\\Models\\Customer',NULL),(16,'USD',0,'DH58HQWCJL','mollie',NULL,1244.20,16,'completed','confirm',1,NULL,NULL,'2022-01-04 21:11:24','2022-01-04 21:11:24','Botble\\Ecommerce\\Models\\Customer',NULL),(17,'USD',0,'I2EX74THWZ','paystack',NULL,2314.80,17,'completed','confirm',8,NULL,NULL,'2022-01-04 21:11:24','2022-01-04 21:11:24','Botble\\Ecommerce\\Models\\Customer',NULL),(18,'USD',0,'ZUSXOCOEP7','cod',NULL,1046.50,18,'pending','confirm',7,NULL,NULL,'2022-01-04 21:11:24','2022-01-04 21:11:24','Botble\\Ecommerce\\Models\\Customer',NULL),(19,'USD',0,'XQY85L2PWQ','bank_transfer',NULL,633.40,19,'pending','confirm',4,NULL,NULL,'2022-01-04 21:11:24','2022-01-04 21:11:24','Botble\\Ecommerce\\Models\\Customer',NULL),(20,'USD',0,'16THJB4KRI','bank_transfer',NULL,2467.00,20,'pending','confirm',4,NULL,NULL,'2022-01-04 21:11:24','2022-01-04 21:11:24','Botble\\Ecommerce\\Models\\Customer',NULL);
/*!40000 ALTER TABLE `payments` ENABLE KEYS */;
UNLOCK TABLES;

--
-- Table structure for table `post_categories`
--

DROP TABLE IF EXISTS `post_categories`;
/*!40101 SET @saved_cs_client     = @@character_set_client */;
/*!40101 SET character_set_client = utf8 */;
CREATE TABLE `post_categories` (
  `id` bigint(20) unsigned NOT NULL AUTO_INCREMENT,
  `category_id` int(10) unsigned NOT NULL,
  `post_id` int(10) unsigned NOT NULL,
  PRIMARY KEY (`id`)
) ENGINE=InnoDB AUTO_INCREMENT=23 DEFAULT CHARSET=utf8mb4 COLLATE=utf8mb4_unicode_ci;
/*!40101 SET character_set_client = @saved_cs_client */;

--
-- Dumping data for table `post_categories`
--

LOCK TABLES `post_categories` WRITE;
/*!40000 ALTER TABLE `post_categories` DISABLE KEYS */;
INSERT INTO `post_categories` VALUES (1,1,1),(2,4,1),(3,1,2),(4,4,2),(5,1,3),(6,3,3),(7,1,4),(8,3,4),(9,1,5),(10,4,5),(11,2,6),(12,3,6),(13,1,7),(14,3,7),(15,1,8),(16,4,8),(17,1,9),(18,3,9),(19,1,10),(20,3,10),(21,1,11),(22,4,11);
/*!40000 ALTER TABLE `post_categories` ENABLE KEYS */;
UNLOCK TABLES;

--
-- Table structure for table `post_tags`
--

DROP TABLE IF EXISTS `post_tags`;
/*!40101 SET @saved_cs_client     = @@character_set_client */;
/*!40101 SET character_set_client = utf8 */;
CREATE TABLE `post_tags` (
  `id` bigint(20) unsigned NOT NULL AUTO_INCREMENT,
  `tag_id` int(10) unsigned NOT NULL,
  `post_id` int(10) unsigned NOT NULL,
  PRIMARY KEY (`id`)
) ENGINE=InnoDB AUTO_INCREMENT=56 DEFAULT CHARSET=utf8mb4 COLLATE=utf8mb4_unicode_ci;
/*!40101 SET character_set_client = @saved_cs_client */;

--
-- Dumping data for table `post_tags`
--

LOCK TABLES `post_tags` WRITE;
/*!40000 ALTER TABLE `post_tags` DISABLE KEYS */;
INSERT INTO `post_tags` VALUES (1,1,1),(2,2,1),(3,3,1),(4,4,1),(5,5,1),(6,1,2),(7,2,2),(8,3,2),(9,4,2),(10,5,2),(11,1,3),(12,2,3),(13,3,3),(14,4,3),(15,5,3),(16,1,4),(17,2,4),(18,3,4),(19,4,4),(20,5,4),(21,1,5),(22,2,5),(23,3,5),(24,4,5),(25,5,5),(26,1,6),(27,2,6),(28,3,6),(29,4,6),(30,5,6),(31,1,7),(32,2,7),(33,3,7),(34,4,7),(35,5,7),(36,1,8),(37,2,8),(38,3,8),(39,4,8),(40,5,8),(41,1,9),(42,2,9),(43,3,9),(44,4,9),(45,5,9),(46,1,10),(47,2,10),(48,3,10),(49,4,10),(50,5,10),(51,1,11),(52,2,11),(53,3,11),(54,4,11),(55,5,11);
/*!40000 ALTER TABLE `post_tags` ENABLE KEYS */;
UNLOCK TABLES;

--
-- Table structure for table `posts`
--

DROP TABLE IF EXISTS `posts`;
/*!40101 SET @saved_cs_client     = @@character_set_client */;
/*!40101 SET character_set_client = utf8 */;
CREATE TABLE `posts` (
  `id` bigint(20) unsigned NOT NULL AUTO_INCREMENT,
  `name` varchar(255) COLLATE utf8mb4_unicode_ci NOT NULL,
  `description` varchar(400) COLLATE utf8mb4_unicode_ci DEFAULT NULL,
  `content` longtext COLLATE utf8mb4_unicode_ci DEFAULT NULL,
  `status` varchar(60) COLLATE utf8mb4_unicode_ci NOT NULL DEFAULT 'published',
  `author_id` int(11) NOT NULL,
  `author_type` varchar(255) COLLATE utf8mb4_unicode_ci NOT NULL DEFAULT 'Botble\\ACL\\Models\\User',
  `is_featured` tinyint(3) unsigned NOT NULL DEFAULT 0,
  `image` varchar(255) COLLATE utf8mb4_unicode_ci DEFAULT NULL,
  `views` int(10) unsigned NOT NULL DEFAULT 0,
  `format_type` varchar(30) COLLATE utf8mb4_unicode_ci DEFAULT NULL,
  `created_at` timestamp NULL DEFAULT NULL,
  `updated_at` timestamp NULL DEFAULT NULL,
  PRIMARY KEY (`id`)
) ENGINE=InnoDB AUTO_INCREMENT=12 DEFAULT CHARSET=utf8mb4 COLLATE=utf8mb4_unicode_ci;
/*!40101 SET character_set_client = @saved_cs_client */;

--
-- Dumping data for table `posts`
--

LOCK TABLES `posts` WRITE;
/*!40000 ALTER TABLE `posts` DISABLE KEYS */;
INSERT INTO `posts` VALUES (1,'4 Expert Tips On How To Choose The Right Men’s Wallet','You should pay more attention when you choose your wallets. There are a lot of them on the market with the different designs and styles. When you choose carefully, you would be able to buy a wallet that is catered to your needs. Not to mention that it will help to enhance your style significantly.','<p>I have seen many people underestimating the power of their wallets. To them, they are just a functional item they use to carry. As a result, they often end up with the wallets which are not really suitable for them.</p>\n\n<p>You should pay more attention when you choose your wallets. There are a lot of them on the market with the different designs and styles. When you choose carefully, you would be able to buy a wallet that is catered to your needs. Not to mention that it will help to enhance your style significantly.</p>\n\n<p style=\"text-align:center\"><img alt=\"f4\" src=\"/storage/news/1.jpg\" /></p>\n\n<p><br />\n&nbsp;</p>\n\n\n\n<p><strong><em>For all of the reason above, here are 7 expert tips to help you pick up the right men&rsquo;s wallet for you:</em></strong></p>\n\n<h4><strong>Number 1: Choose A Neat Wallet</strong></h4>\n\n<p>The wallet is an essential accessory that you should go simple. Simplicity is the best in this case. A simple and neat wallet with the plain color and even&nbsp;<strong>minimalist style</strong>&nbsp;is versatile. It can be used for both formal and casual events. In addition, that wallet will go well with most of the clothes in your wardrobe.</p>\n\n<p>Keep in mind that a wallet will tell other people about your personality and your fashion sense as much as other clothes you put on. Hence, don&rsquo;t go cheesy on your wallet or else people will think that you have a funny and particular style.</p>\n\n<p style=\"text-align:center\"><img alt=\"f5\" src=\"/storage/news/2.jpg\" /></p>\n\n<p><br />\n&nbsp;</p>\n<hr />\n<h4><strong>Number 2: Choose The Right Size For Your Wallet</strong></h4>\n\n<p>You should avoid having an over-sized wallet. Don&rsquo;t think that you need to buy a big wallet because you have a lot to carry with you. In addition, a fat wallet is very ugly. It will make it harder for you to slide the wallet into your trousers&rsquo; pocket. In addition, it will create a bulge and ruin your look.</p>\n\n<p>Before you go on to buy a new wallet, clean out your wallet and place all of the items from your wallet on a table. Throw away things that you would never need any more such as the old bills or the expired gift cards. Remember to check your wallet on a frequent basis to get rid of all of the old stuff that you don&rsquo;t need anymore.</p>\n\n<p style=\"text-align:center\"><img alt=\"f1\" src=\"/storage/news/3.jpg\" /></p>\n\n<p><br />\n&nbsp;</p>\n\n<hr />\n<h4><strong>Number 3: Don&rsquo;t Limit Your Options Of Materials</strong></h4>\n\n<p>The types and designs of wallets are not the only things that you should consider when you go out searching for your best wallet. You have more than 1 option of material rather than leather to choose from as well.</p>\n\n<p>You can experiment with other available options such as cotton, polyester and canvas. They all have their own pros and cons. As a result, they will be suitable for different needs and requirements. You should think about them all in order to choose the material which you would like the most.</p>\n\n<p style=\"text-align:center\"><img alt=\"f6\" height=\"375\" src=\"/storage/news/4.jpg\" /></p>\n\n<p><br />\n&nbsp;</p>\n\n<hr />\n<h4><strong>Number 4: Consider A Wallet As A Long Term Investment</strong></h4>\n\n<p>Your wallet is indeed an investment that you should consider spending a decent amount of time and effort on it. Another factor that you need to consider is how much you want to spend on your wallet. The price ranges of wallets on the market vary a great deal. You can find a wallet which is as cheap as about 5 to 7 dollars. On the other hand, you should expect to pay around 250 to 300 dollars for a high-quality wallet.</p>\n\n<p>In case you need a wallet to use for a long time, it is a good idea that you should invest a decent amount of money on a wallet. A high quality wallet from a reputational brand with the premium quality such as cowhide leather will last for a long time. In addition, it is an accessory to show off your fashion sense and your social status.</p>\n\n<p style=\"text-align:center\"><img alt=\"f2\" height=\"400\" src=\"/storage/news/5.jpg\" /></p>\n\n<p>&nbsp;</p>\n','published',1,'Botble\\ACL\\Models\\User',1,'news/1.jpg',1615,NULL,'2022-01-04 21:11:38','2022-01-04 21:11:38'),(2,'Sexy Clutches: How to Buy & Wear a Designer Clutch Bag','You should pay more attention when you choose your wallets. There are a lot of them on the market with the different designs and styles. When you choose carefully, you would be able to buy a wallet that is catered to your needs. Not to mention that it will help to enhance your style significantly.','<p>I have seen many people underestimating the power of their wallets. To them, they are just a functional item they use to carry. As a result, they often end up with the wallets which are not really suitable for them.</p>\n\n<p>You should pay more attention when you choose your wallets. There are a lot of them on the market with the different designs and styles. When you choose carefully, you would be able to buy a wallet that is catered to your needs. Not to mention that it will help to enhance your style significantly.</p>\n\n<p style=\"text-align:center\"><img alt=\"f4\" src=\"/storage/news/1.jpg\" /></p>\n\n<p><br />\n&nbsp;</p>\n\n\n\n<p><strong><em>For all of the reason above, here are 7 expert tips to help you pick up the right men&rsquo;s wallet for you:</em></strong></p>\n\n<h4><strong>Number 1: Choose A Neat Wallet</strong></h4>\n\n<p>The wallet is an essential accessory that you should go simple. Simplicity is the best in this case. A simple and neat wallet with the plain color and even&nbsp;<strong>minimalist style</strong>&nbsp;is versatile. It can be used for both formal and casual events. In addition, that wallet will go well with most of the clothes in your wardrobe.</p>\n\n<p>Keep in mind that a wallet will tell other people about your personality and your fashion sense as much as other clothes you put on. Hence, don&rsquo;t go cheesy on your wallet or else people will think that you have a funny and particular style.</p>\n\n<p style=\"text-align:center\"><img alt=\"f5\" src=\"/storage/news/2.jpg\" /></p>\n\n<p><br />\n&nbsp;</p>\n<hr />\n<h4><strong>Number 2: Choose The Right Size For Your Wallet</strong></h4>\n\n<p>You should avoid having an over-sized wallet. Don&rsquo;t think that you need to buy a big wallet because you have a lot to carry with you. In addition, a fat wallet is very ugly. It will make it harder for you to slide the wallet into your trousers&rsquo; pocket. In addition, it will create a bulge and ruin your look.</p>\n\n<p>Before you go on to buy a new wallet, clean out your wallet and place all of the items from your wallet on a table. Throw away things that you would never need any more such as the old bills or the expired gift cards. Remember to check your wallet on a frequent basis to get rid of all of the old stuff that you don&rsquo;t need anymore.</p>\n\n<p style=\"text-align:center\"><img alt=\"f1\" src=\"/storage/news/3.jpg\" /></p>\n\n<p><br />\n&nbsp;</p>\n\n<hr />\n<h4><strong>Number 3: Don&rsquo;t Limit Your Options Of Materials</strong></h4>\n\n<p>The types and designs of wallets are not the only things that you should consider when you go out searching for your best wallet. You have more than 1 option of material rather than leather to choose from as well.</p>\n\n<p>You can experiment with other available options such as cotton, polyester and canvas. They all have their own pros and cons. As a result, they will be suitable for different needs and requirements. You should think about them all in order to choose the material which you would like the most.</p>\n\n<p style=\"text-align:center\"><img alt=\"f6\" height=\"375\" src=\"/storage/news/4.jpg\" /></p>\n\n<p><br />\n&nbsp;</p>\n\n<hr />\n<h4><strong>Number 4: Consider A Wallet As A Long Term Investment</strong></h4>\n\n<p>Your wallet is indeed an investment that you should consider spending a decent amount of time and effort on it. Another factor that you need to consider is how much you want to spend on your wallet. The price ranges of wallets on the market vary a great deal. You can find a wallet which is as cheap as about 5 to 7 dollars. On the other hand, you should expect to pay around 250 to 300 dollars for a high-quality wallet.</p>\n\n<p>In case you need a wallet to use for a long time, it is a good idea that you should invest a decent amount of money on a wallet. A high quality wallet from a reputational brand with the premium quality such as cowhide leather will last for a long time. In addition, it is an accessory to show off your fashion sense and your social status.</p>\n\n<p style=\"text-align:center\"><img alt=\"f2\" height=\"400\" src=\"/storage/news/5.jpg\" /></p>\n\n<p>&nbsp;</p>\n','published',1,'Botble\\ACL\\Models\\User',1,'news/2.jpg',1999,NULL,'2022-01-04 21:11:38','2022-01-04 21:11:38'),(3,'The Top 2020 Handbag Trends to Know','You should pay more attention when you choose your wallets. There are a lot of them on the market with the different designs and styles. When you choose carefully, you would be able to buy a wallet that is catered to your needs. Not to mention that it will help to enhance your style significantly.','<p>I have seen many people underestimating the power of their wallets. To them, they are just a functional item they use to carry. As a result, they often end up with the wallets which are not really suitable for them.</p>\n\n<p>You should pay more attention when you choose your wallets. There are a lot of them on the market with the different designs and styles. When you choose carefully, you would be able to buy a wallet that is catered to your needs. Not to mention that it will help to enhance your style significantly.</p>\n\n<p style=\"text-align:center\"><img alt=\"f4\" src=\"/storage/news/1.jpg\" /></p>\n\n<p><br />\n&nbsp;</p>\n\n\n\n<p><strong><em>For all of the reason above, here are 7 expert tips to help you pick up the right men&rsquo;s wallet for you:</em></strong></p>\n\n<h4><strong>Number 1: Choose A Neat Wallet</strong></h4>\n\n<p>The wallet is an essential accessory that you should go simple. Simplicity is the best in this case. A simple and neat wallet with the plain color and even&nbsp;<strong>minimalist style</strong>&nbsp;is versatile. It can be used for both formal and casual events. In addition, that wallet will go well with most of the clothes in your wardrobe.</p>\n\n<p>Keep in mind that a wallet will tell other people about your personality and your fashion sense as much as other clothes you put on. Hence, don&rsquo;t go cheesy on your wallet or else people will think that you have a funny and particular style.</p>\n\n<p style=\"text-align:center\"><img alt=\"f5\" src=\"/storage/news/2.jpg\" /></p>\n\n<p><br />\n&nbsp;</p>\n<hr />\n<h4><strong>Number 2: Choose The Right Size For Your Wallet</strong></h4>\n\n<p>You should avoid having an over-sized wallet. Don&rsquo;t think that you need to buy a big wallet because you have a lot to carry with you. In addition, a fat wallet is very ugly. It will make it harder for you to slide the wallet into your trousers&rsquo; pocket. In addition, it will create a bulge and ruin your look.</p>\n\n<p>Before you go on to buy a new wallet, clean out your wallet and place all of the items from your wallet on a table. Throw away things that you would never need any more such as the old bills or the expired gift cards. Remember to check your wallet on a frequent basis to get rid of all of the old stuff that you don&rsquo;t need anymore.</p>\n\n<p style=\"text-align:center\"><img alt=\"f1\" src=\"/storage/news/3.jpg\" /></p>\n\n<p><br />\n&nbsp;</p>\n\n<hr />\n<h4><strong>Number 3: Don&rsquo;t Limit Your Options Of Materials</strong></h4>\n\n<p>The types and designs of wallets are not the only things that you should consider when you go out searching for your best wallet. You have more than 1 option of material rather than leather to choose from as well.</p>\n\n<p>You can experiment with other available options such as cotton, polyester and canvas. They all have their own pros and cons. As a result, they will be suitable for different needs and requirements. You should think about them all in order to choose the material which you would like the most.</p>\n\n<p style=\"text-align:center\"><img alt=\"f6\" height=\"375\" src=\"/storage/news/4.jpg\" /></p>\n\n<p><br />\n&nbsp;</p>\n\n<hr />\n<h4><strong>Number 4: Consider A Wallet As A Long Term Investment</strong></h4>\n\n<p>Your wallet is indeed an investment that you should consider spending a decent amount of time and effort on it. Another factor that you need to consider is how much you want to spend on your wallet. The price ranges of wallets on the market vary a great deal. You can find a wallet which is as cheap as about 5 to 7 dollars. On the other hand, you should expect to pay around 250 to 300 dollars for a high-quality wallet.</p>\n\n<p>In case you need a wallet to use for a long time, it is a good idea that you should invest a decent amount of money on a wallet. A high quality wallet from a reputational brand with the premium quality such as cowhide leather will last for a long time. In addition, it is an accessory to show off your fashion sense and your social status.</p>\n\n<p style=\"text-align:center\"><img alt=\"f2\" height=\"400\" src=\"/storage/news/5.jpg\" /></p>\n\n<p>&nbsp;</p>\n','published',1,'Botble\\ACL\\Models\\User',1,'news/3.jpg',2090,NULL,'2022-01-04 21:11:38','2022-01-04 21:11:38'),(4,'How to Match the Color of Your Handbag With an Outfit','You should pay more attention when you choose your wallets. There are a lot of them on the market with the different designs and styles. When you choose carefully, you would be able to buy a wallet that is catered to your needs. Not to mention that it will help to enhance your style significantly.','<p>I have seen many people underestimating the power of their wallets. To them, they are just a functional item they use to carry. As a result, they often end up with the wallets which are not really suitable for them.</p>\n\n<p>You should pay more attention when you choose your wallets. There are a lot of them on the market with the different designs and styles. When you choose carefully, you would be able to buy a wallet that is catered to your needs. Not to mention that it will help to enhance your style significantly.</p>\n\n<p style=\"text-align:center\"><img alt=\"f4\" src=\"/storage/news/1.jpg\" /></p>\n\n<p><br />\n&nbsp;</p>\n\n[featured-products title=\"Shop The Look\" limit=\"6\"][/featured-products]\n\n<p><strong><em>For all of the reason above, here are 7 expert tips to help you pick up the right men&rsquo;s wallet for you:</em></strong></p>\n\n<h4><strong>Number 1: Choose A Neat Wallet</strong></h4>\n\n<p>The wallet is an essential accessory that you should go simple. Simplicity is the best in this case. A simple and neat wallet with the plain color and even&nbsp;<strong>minimalist style</strong>&nbsp;is versatile. It can be used for both formal and casual events. In addition, that wallet will go well with most of the clothes in your wardrobe.</p>\n\n<p>Keep in mind that a wallet will tell other people about your personality and your fashion sense as much as other clothes you put on. Hence, don&rsquo;t go cheesy on your wallet or else people will think that you have a funny and particular style.</p>\n\n<p style=\"text-align:center\"><img alt=\"f5\" src=\"/storage/news/2.jpg\" /></p>\n\n<p><br />\n&nbsp;</p>\n<hr />\n<h4><strong>Number 2: Choose The Right Size For Your Wallet</strong></h4>\n\n<p>You should avoid having an over-sized wallet. Don&rsquo;t think that you need to buy a big wallet because you have a lot to carry with you. In addition, a fat wallet is very ugly. It will make it harder for you to slide the wallet into your trousers&rsquo; pocket. In addition, it will create a bulge and ruin your look.</p>\n\n<p>Before you go on to buy a new wallet, clean out your wallet and place all of the items from your wallet on a table. Throw away things that you would never need any more such as the old bills or the expired gift cards. Remember to check your wallet on a frequent basis to get rid of all of the old stuff that you don&rsquo;t need anymore.</p>\n\n<p style=\"text-align:center\"><img alt=\"f1\" src=\"/storage/news/3.jpg\" /></p>\n\n<p><br />\n&nbsp;</p>\n\n<hr />\n<h4><strong>Number 3: Don&rsquo;t Limit Your Options Of Materials</strong></h4>\n\n<p>The types and designs of wallets are not the only things that you should consider when you go out searching for your best wallet. You have more than 1 option of material rather than leather to choose from as well.</p>\n\n<p>You can experiment with other available options such as cotton, polyester and canvas. They all have their own pros and cons. As a result, they will be suitable for different needs and requirements. You should think about them all in order to choose the material which you would like the most.</p>\n\n<p style=\"text-align:center\"><img alt=\"f6\" height=\"375\" src=\"/storage/news/4.jpg\" /></p>\n\n<p><br />\n&nbsp;</p>\n\n<hr />\n<h4><strong>Number 4: Consider A Wallet As A Long Term Investment</strong></h4>\n\n<p>Your wallet is indeed an investment that you should consider spending a decent amount of time and effort on it. Another factor that you need to consider is how much you want to spend on your wallet. The price ranges of wallets on the market vary a great deal. You can find a wallet which is as cheap as about 5 to 7 dollars. On the other hand, you should expect to pay around 250 to 300 dollars for a high-quality wallet.</p>\n\n<p>In case you need a wallet to use for a long time, it is a good idea that you should invest a decent amount of money on a wallet. A high quality wallet from a reputational brand with the premium quality such as cowhide leather will last for a long time. In addition, it is an accessory to show off your fashion sense and your social status.</p>\n\n<p style=\"text-align:center\"><img alt=\"f2\" height=\"400\" src=\"/storage/news/5.jpg\" /></p>\n\n<p>&nbsp;</p>\n','published',1,'Botble\\ACL\\Models\\User',1,'news/4.jpg',2193,NULL,'2022-01-04 21:11:38','2022-01-04 21:11:38'),(5,'How to Care for Leather Bags','You should pay more attention when you choose your wallets. There are a lot of them on the market with the different designs and styles. When you choose carefully, you would be able to buy a wallet that is catered to your needs. Not to mention that it will help to enhance your style significantly.','<p>I have seen many people underestimating the power of their wallets. To them, they are just a functional item they use to carry. As a result, they often end up with the wallets which are not really suitable for them.</p>\n\n<p>You should pay more attention when you choose your wallets. There are a lot of them on the market with the different designs and styles. When you choose carefully, you would be able to buy a wallet that is catered to your needs. Not to mention that it will help to enhance your style significantly.</p>\n\n<p style=\"text-align:center\"><img alt=\"f4\" src=\"/storage/news/1.jpg\" /></p>\n\n<p><br />\n&nbsp;</p>\n\n\n\n<p><strong><em>For all of the reason above, here are 7 expert tips to help you pick up the right men&rsquo;s wallet for you:</em></strong></p>\n\n<h4><strong>Number 1: Choose A Neat Wallet</strong></h4>\n\n<p>The wallet is an essential accessory that you should go simple. Simplicity is the best in this case. A simple and neat wallet with the plain color and even&nbsp;<strong>minimalist style</strong>&nbsp;is versatile. It can be used for both formal and casual events. In addition, that wallet will go well with most of the clothes in your wardrobe.</p>\n\n<p>Keep in mind that a wallet will tell other people about your personality and your fashion sense as much as other clothes you put on. Hence, don&rsquo;t go cheesy on your wallet or else people will think that you have a funny and particular style.</p>\n\n<p style=\"text-align:center\"><img alt=\"f5\" src=\"/storage/news/2.jpg\" /></p>\n\n<p><br />\n&nbsp;</p>\n<hr />\n<h4><strong>Number 2: Choose The Right Size For Your Wallet</strong></h4>\n\n<p>You should avoid having an over-sized wallet. Don&rsquo;t think that you need to buy a big wallet because you have a lot to carry with you. In addition, a fat wallet is very ugly. It will make it harder for you to slide the wallet into your trousers&rsquo; pocket. In addition, it will create a bulge and ruin your look.</p>\n\n<p>Before you go on to buy a new wallet, clean out your wallet and place all of the items from your wallet on a table. Throw away things that you would never need any more such as the old bills or the expired gift cards. Remember to check your wallet on a frequent basis to get rid of all of the old stuff that you don&rsquo;t need anymore.</p>\n\n<p style=\"text-align:center\"><img alt=\"f1\" src=\"/storage/news/3.jpg\" /></p>\n\n<p><br />\n&nbsp;</p>\n\n<hr />\n<h4><strong>Number 3: Don&rsquo;t Limit Your Options Of Materials</strong></h4>\n\n<p>The types and designs of wallets are not the only things that you should consider when you go out searching for your best wallet. You have more than 1 option of material rather than leather to choose from as well.</p>\n\n<p>You can experiment with other available options such as cotton, polyester and canvas. They all have their own pros and cons. As a result, they will be suitable for different needs and requirements. You should think about them all in order to choose the material which you would like the most.</p>\n\n<p style=\"text-align:center\"><img alt=\"f6\" height=\"375\" src=\"/storage/news/4.jpg\" /></p>\n\n<p><br />\n&nbsp;</p>\n\n<hr />\n<h4><strong>Number 4: Consider A Wallet As A Long Term Investment</strong></h4>\n\n<p>Your wallet is indeed an investment that you should consider spending a decent amount of time and effort on it. Another factor that you need to consider is how much you want to spend on your wallet. The price ranges of wallets on the market vary a great deal. You can find a wallet which is as cheap as about 5 to 7 dollars. On the other hand, you should expect to pay around 250 to 300 dollars for a high-quality wallet.</p>\n\n<p>In case you need a wallet to use for a long time, it is a good idea that you should invest a decent amount of money on a wallet. A high quality wallet from a reputational brand with the premium quality such as cowhide leather will last for a long time. In addition, it is an accessory to show off your fashion sense and your social status.</p>\n\n<p style=\"text-align:center\"><img alt=\"f2\" height=\"400\" src=\"/storage/news/5.jpg\" /></p>\n\n<p>&nbsp;</p>\n','published',1,'Botble\\ACL\\Models\\User',1,'news/5.jpg',1671,NULL,'2022-01-04 21:11:38','2022-01-04 21:11:38'),(6,'We\'re Crushing Hard on Summer\'s 10 Biggest Bag Trends','You should pay more attention when you choose your wallets. There are a lot of them on the market with the different designs and styles. When you choose carefully, you would be able to buy a wallet that is catered to your needs. Not to mention that it will help to enhance your style significantly.','<p>I have seen many people underestimating the power of their wallets. To them, they are just a functional item they use to carry. As a result, they often end up with the wallets which are not really suitable for them.</p>\n\n<p>You should pay more attention when you choose your wallets. There are a lot of them on the market with the different designs and styles. When you choose carefully, you would be able to buy a wallet that is catered to your needs. Not to mention that it will help to enhance your style significantly.</p>\n\n<p style=\"text-align:center\"><img alt=\"f4\" src=\"/storage/news/1.jpg\" /></p>\n\n<p><br />\n&nbsp;</p>\n\n\n\n<p><strong><em>For all of the reason above, here are 7 expert tips to help you pick up the right men&rsquo;s wallet for you:</em></strong></p>\n\n<h4><strong>Number 1: Choose A Neat Wallet</strong></h4>\n\n<p>The wallet is an essential accessory that you should go simple. Simplicity is the best in this case. A simple and neat wallet with the plain color and even&nbsp;<strong>minimalist style</strong>&nbsp;is versatile. It can be used for both formal and casual events. In addition, that wallet will go well with most of the clothes in your wardrobe.</p>\n\n<p>Keep in mind that a wallet will tell other people about your personality and your fashion sense as much as other clothes you put on. Hence, don&rsquo;t go cheesy on your wallet or else people will think that you have a funny and particular style.</p>\n\n<p style=\"text-align:center\"><img alt=\"f5\" src=\"/storage/news/2.jpg\" /></p>\n\n<p><br />\n&nbsp;</p>\n<hr />\n<h4><strong>Number 2: Choose The Right Size For Your Wallet</strong></h4>\n\n<p>You should avoid having an over-sized wallet. Don&rsquo;t think that you need to buy a big wallet because you have a lot to carry with you. In addition, a fat wallet is very ugly. It will make it harder for you to slide the wallet into your trousers&rsquo; pocket. In addition, it will create a bulge and ruin your look.</p>\n\n<p>Before you go on to buy a new wallet, clean out your wallet and place all of the items from your wallet on a table. Throw away things that you would never need any more such as the old bills or the expired gift cards. Remember to check your wallet on a frequent basis to get rid of all of the old stuff that you don&rsquo;t need anymore.</p>\n\n<p style=\"text-align:center\"><img alt=\"f1\" src=\"/storage/news/3.jpg\" /></p>\n\n<p><br />\n&nbsp;</p>\n\n<hr />\n<h4><strong>Number 3: Don&rsquo;t Limit Your Options Of Materials</strong></h4>\n\n<p>The types and designs of wallets are not the only things that you should consider when you go out searching for your best wallet. You have more than 1 option of material rather than leather to choose from as well.</p>\n\n<p>You can experiment with other available options such as cotton, polyester and canvas. They all have their own pros and cons. As a result, they will be suitable for different needs and requirements. You should think about them all in order to choose the material which you would like the most.</p>\n\n<p style=\"text-align:center\"><img alt=\"f6\" height=\"375\" src=\"/storage/news/4.jpg\" /></p>\n\n<p><br />\n&nbsp;</p>\n\n<hr />\n<h4><strong>Number 4: Consider A Wallet As A Long Term Investment</strong></h4>\n\n<p>Your wallet is indeed an investment that you should consider spending a decent amount of time and effort on it. Another factor that you need to consider is how much you want to spend on your wallet. The price ranges of wallets on the market vary a great deal. You can find a wallet which is as cheap as about 5 to 7 dollars. On the other hand, you should expect to pay around 250 to 300 dollars for a high-quality wallet.</p>\n\n<p>In case you need a wallet to use for a long time, it is a good idea that you should invest a decent amount of money on a wallet. A high quality wallet from a reputational brand with the premium quality such as cowhide leather will last for a long time. In addition, it is an accessory to show off your fashion sense and your social status.</p>\n\n<p style=\"text-align:center\"><img alt=\"f2\" height=\"400\" src=\"/storage/news/5.jpg\" /></p>\n\n<p>&nbsp;</p>\n','published',1,'Botble\\ACL\\Models\\User',1,'news/6.jpg',2250,NULL,'2022-01-04 21:11:38','2022-01-04 21:11:38'),(7,'Essential Qualities of Highly Successful Music','You should pay more attention when you choose your wallets. There are a lot of them on the market with the different designs and styles. When you choose carefully, you would be able to buy a wallet that is catered to your needs. Not to mention that it will help to enhance your style significantly.','<p>I have seen many people underestimating the power of their wallets. To them, they are just a functional item they use to carry. As a result, they often end up with the wallets which are not really suitable for them.</p>\n\n<p>You should pay more attention when you choose your wallets. There are a lot of them on the market with the different designs and styles. When you choose carefully, you would be able to buy a wallet that is catered to your needs. Not to mention that it will help to enhance your style significantly.</p>\n\n<p style=\"text-align:center\"><img alt=\"f4\" src=\"/storage/news/1.jpg\" /></p>\n\n<p><br />\n&nbsp;</p>\n\n\n\n<p><strong><em>For all of the reason above, here are 7 expert tips to help you pick up the right men&rsquo;s wallet for you:</em></strong></p>\n\n<h4><strong>Number 1: Choose A Neat Wallet</strong></h4>\n\n<p>The wallet is an essential accessory that you should go simple. Simplicity is the best in this case. A simple and neat wallet with the plain color and even&nbsp;<strong>minimalist style</strong>&nbsp;is versatile. It can be used for both formal and casual events. In addition, that wallet will go well with most of the clothes in your wardrobe.</p>\n\n<p>Keep in mind that a wallet will tell other people about your personality and your fashion sense as much as other clothes you put on. Hence, don&rsquo;t go cheesy on your wallet or else people will think that you have a funny and particular style.</p>\n\n<p style=\"text-align:center\"><img alt=\"f5\" src=\"/storage/news/2.jpg\" /></p>\n\n<p><br />\n&nbsp;</p>\n<hr />\n<h4><strong>Number 2: Choose The Right Size For Your Wallet</strong></h4>\n\n<p>You should avoid having an over-sized wallet. Don&rsquo;t think that you need to buy a big wallet because you have a lot to carry with you. In addition, a fat wallet is very ugly. It will make it harder for you to slide the wallet into your trousers&rsquo; pocket. In addition, it will create a bulge and ruin your look.</p>\n\n<p>Before you go on to buy a new wallet, clean out your wallet and place all of the items from your wallet on a table. Throw away things that you would never need any more such as the old bills or the expired gift cards. Remember to check your wallet on a frequent basis to get rid of all of the old stuff that you don&rsquo;t need anymore.</p>\n\n<p style=\"text-align:center\"><img alt=\"f1\" src=\"/storage/news/3.jpg\" /></p>\n\n<p><br />\n&nbsp;</p>\n\n<hr />\n<h4><strong>Number 3: Don&rsquo;t Limit Your Options Of Materials</strong></h4>\n\n<p>The types and designs of wallets are not the only things that you should consider when you go out searching for your best wallet. You have more than 1 option of material rather than leather to choose from as well.</p>\n\n<p>You can experiment with other available options such as cotton, polyester and canvas. They all have their own pros and cons. As a result, they will be suitable for different needs and requirements. You should think about them all in order to choose the material which you would like the most.</p>\n\n<p style=\"text-align:center\"><img alt=\"f6\" height=\"375\" src=\"/storage/news/4.jpg\" /></p>\n\n<p><br />\n&nbsp;</p>\n\n<hr />\n<h4><strong>Number 4: Consider A Wallet As A Long Term Investment</strong></h4>\n\n<p>Your wallet is indeed an investment that you should consider spending a decent amount of time and effort on it. Another factor that you need to consider is how much you want to spend on your wallet. The price ranges of wallets on the market vary a great deal. You can find a wallet which is as cheap as about 5 to 7 dollars. On the other hand, you should expect to pay around 250 to 300 dollars for a high-quality wallet.</p>\n\n<p>In case you need a wallet to use for a long time, it is a good idea that you should invest a decent amount of money on a wallet. A high quality wallet from a reputational brand with the premium quality such as cowhide leather will last for a long time. In addition, it is an accessory to show off your fashion sense and your social status.</p>\n\n<p style=\"text-align:center\"><img alt=\"f2\" height=\"400\" src=\"/storage/news/5.jpg\" /></p>\n\n<p>&nbsp;</p>\n','published',1,'Botble\\ACL\\Models\\User',1,'news/7.jpg',676,NULL,'2022-01-04 21:11:38','2022-01-04 21:11:38'),(8,'9 Things I Love About Shaving My Head','You should pay more attention when you choose your wallets. There are a lot of them on the market with the different designs and styles. When you choose carefully, you would be able to buy a wallet that is catered to your needs. Not to mention that it will help to enhance your style significantly.','<p>I have seen many people underestimating the power of their wallets. To them, they are just a functional item they use to carry. As a result, they often end up with the wallets which are not really suitable for them.</p>\n\n<p>You should pay more attention when you choose your wallets. There are a lot of them on the market with the different designs and styles. When you choose carefully, you would be able to buy a wallet that is catered to your needs. Not to mention that it will help to enhance your style significantly.</p>\n\n<p style=\"text-align:center\"><img alt=\"f4\" src=\"/storage/news/1.jpg\" /></p>\n\n<p><br />\n&nbsp;</p>\n\n\n\n<p><strong><em>For all of the reason above, here are 7 expert tips to help you pick up the right men&rsquo;s wallet for you:</em></strong></p>\n\n<h4><strong>Number 1: Choose A Neat Wallet</strong></h4>\n\n<p>The wallet is an essential accessory that you should go simple. Simplicity is the best in this case. A simple and neat wallet with the plain color and even&nbsp;<strong>minimalist style</strong>&nbsp;is versatile. It can be used for both formal and casual events. In addition, that wallet will go well with most of the clothes in your wardrobe.</p>\n\n<p>Keep in mind that a wallet will tell other people about your personality and your fashion sense as much as other clothes you put on. Hence, don&rsquo;t go cheesy on your wallet or else people will think that you have a funny and particular style.</p>\n\n<p style=\"text-align:center\"><img alt=\"f5\" src=\"/storage/news/2.jpg\" /></p>\n\n<p><br />\n&nbsp;</p>\n<hr />\n<h4><strong>Number 2: Choose The Right Size For Your Wallet</strong></h4>\n\n<p>You should avoid having an over-sized wallet. Don&rsquo;t think that you need to buy a big wallet because you have a lot to carry with you. In addition, a fat wallet is very ugly. It will make it harder for you to slide the wallet into your trousers&rsquo; pocket. In addition, it will create a bulge and ruin your look.</p>\n\n<p>Before you go on to buy a new wallet, clean out your wallet and place all of the items from your wallet on a table. Throw away things that you would never need any more such as the old bills or the expired gift cards. Remember to check your wallet on a frequent basis to get rid of all of the old stuff that you don&rsquo;t need anymore.</p>\n\n<p style=\"text-align:center\"><img alt=\"f1\" src=\"/storage/news/3.jpg\" /></p>\n\n<p><br />\n&nbsp;</p>\n\n<hr />\n<h4><strong>Number 3: Don&rsquo;t Limit Your Options Of Materials</strong></h4>\n\n<p>The types and designs of wallets are not the only things that you should consider when you go out searching for your best wallet. You have more than 1 option of material rather than leather to choose from as well.</p>\n\n<p>You can experiment with other available options such as cotton, polyester and canvas. They all have their own pros and cons. As a result, they will be suitable for different needs and requirements. You should think about them all in order to choose the material which you would like the most.</p>\n\n<p style=\"text-align:center\"><img alt=\"f6\" height=\"375\" src=\"/storage/news/4.jpg\" /></p>\n\n<p><br />\n&nbsp;</p>\n\n<hr />\n<h4><strong>Number 4: Consider A Wallet As A Long Term Investment</strong></h4>\n\n<p>Your wallet is indeed an investment that you should consider spending a decent amount of time and effort on it. Another factor that you need to consider is how much you want to spend on your wallet. The price ranges of wallets on the market vary a great deal. You can find a wallet which is as cheap as about 5 to 7 dollars. On the other hand, you should expect to pay around 250 to 300 dollars for a high-quality wallet.</p>\n\n<p>In case you need a wallet to use for a long time, it is a good idea that you should invest a decent amount of money on a wallet. A high quality wallet from a reputational brand with the premium quality such as cowhide leather will last for a long time. In addition, it is an accessory to show off your fashion sense and your social status.</p>\n\n<p style=\"text-align:center\"><img alt=\"f2\" height=\"400\" src=\"/storage/news/5.jpg\" /></p>\n\n<p>&nbsp;</p>\n','published',1,'Botble\\ACL\\Models\\User',1,'news/8.jpg',1109,NULL,'2022-01-04 21:11:38','2022-01-04 21:11:38'),(9,'Why Teamwork Really Makes The Dream Work','You should pay more attention when you choose your wallets. There are a lot of them on the market with the different designs and styles. When you choose carefully, you would be able to buy a wallet that is catered to your needs. Not to mention that it will help to enhance your style significantly.','<p>I have seen many people underestimating the power of their wallets. To them, they are just a functional item they use to carry. As a result, they often end up with the wallets which are not really suitable for them.</p>\n\n<p>You should pay more attention when you choose your wallets. There are a lot of them on the market with the different designs and styles. When you choose carefully, you would be able to buy a wallet that is catered to your needs. Not to mention that it will help to enhance your style significantly.</p>\n\n<p style=\"text-align:center\"><img alt=\"f4\" src=\"/storage/news/1.jpg\" /></p>\n\n<p><br />\n&nbsp;</p>\n\n\n\n<p><strong><em>For all of the reason above, here are 7 expert tips to help you pick up the right men&rsquo;s wallet for you:</em></strong></p>\n\n<h4><strong>Number 1: Choose A Neat Wallet</strong></h4>\n\n<p>The wallet is an essential accessory that you should go simple. Simplicity is the best in this case. A simple and neat wallet with the plain color and even&nbsp;<strong>minimalist style</strong>&nbsp;is versatile. It can be used for both formal and casual events. In addition, that wallet will go well with most of the clothes in your wardrobe.</p>\n\n<p>Keep in mind that a wallet will tell other people about your personality and your fashion sense as much as other clothes you put on. Hence, don&rsquo;t go cheesy on your wallet or else people will think that you have a funny and particular style.</p>\n\n<p style=\"text-align:center\"><img alt=\"f5\" src=\"/storage/news/2.jpg\" /></p>\n\n<p><br />\n&nbsp;</p>\n<hr />\n<h4><strong>Number 2: Choose The Right Size For Your Wallet</strong></h4>\n\n<p>You should avoid having an over-sized wallet. Don&rsquo;t think that you need to buy a big wallet because you have a lot to carry with you. In addition, a fat wallet is very ugly. It will make it harder for you to slide the wallet into your trousers&rsquo; pocket. In addition, it will create a bulge and ruin your look.</p>\n\n<p>Before you go on to buy a new wallet, clean out your wallet and place all of the items from your wallet on a table. Throw away things that you would never need any more such as the old bills or the expired gift cards. Remember to check your wallet on a frequent basis to get rid of all of the old stuff that you don&rsquo;t need anymore.</p>\n\n<p style=\"text-align:center\"><img alt=\"f1\" src=\"/storage/news/3.jpg\" /></p>\n\n<p><br />\n&nbsp;</p>\n\n<hr />\n<h4><strong>Number 3: Don&rsquo;t Limit Your Options Of Materials</strong></h4>\n\n<p>The types and designs of wallets are not the only things that you should consider when you go out searching for your best wallet. You have more than 1 option of material rather than leather to choose from as well.</p>\n\n<p>You can experiment with other available options such as cotton, polyester and canvas. They all have their own pros and cons. As a result, they will be suitable for different needs and requirements. You should think about them all in order to choose the material which you would like the most.</p>\n\n<p style=\"text-align:center\"><img alt=\"f6\" height=\"375\" src=\"/storage/news/4.jpg\" /></p>\n\n<p><br />\n&nbsp;</p>\n\n<hr />\n<h4><strong>Number 4: Consider A Wallet As A Long Term Investment</strong></h4>\n\n<p>Your wallet is indeed an investment that you should consider spending a decent amount of time and effort on it. Another factor that you need to consider is how much you want to spend on your wallet. The price ranges of wallets on the market vary a great deal. You can find a wallet which is as cheap as about 5 to 7 dollars. On the other hand, you should expect to pay around 250 to 300 dollars for a high-quality wallet.</p>\n\n<p>In case you need a wallet to use for a long time, it is a good idea that you should invest a decent amount of money on a wallet. A high quality wallet from a reputational brand with the premium quality such as cowhide leather will last for a long time. In addition, it is an accessory to show off your fashion sense and your social status.</p>\n\n<p style=\"text-align:center\"><img alt=\"f2\" height=\"400\" src=\"/storage/news/5.jpg\" /></p>\n\n<p>&nbsp;</p>\n','published',1,'Botble\\ACL\\Models\\User',1,'news/9.jpg',568,NULL,'2022-01-04 21:11:38','2022-01-04 21:11:38'),(10,'The World Caters to Average People','You should pay more attention when you choose your wallets. There are a lot of them on the market with the different designs and styles. When you choose carefully, you would be able to buy a wallet that is catered to your needs. Not to mention that it will help to enhance your style significantly.','<p>I have seen many people underestimating the power of their wallets. To them, they are just a functional item they use to carry. As a result, they often end up with the wallets which are not really suitable for them.</p>\n\n<p>You should pay more attention when you choose your wallets. There are a lot of them on the market with the different designs and styles. When you choose carefully, you would be able to buy a wallet that is catered to your needs. Not to mention that it will help to enhance your style significantly.</p>\n\n<p style=\"text-align:center\"><img alt=\"f4\" src=\"/storage/news/1.jpg\" /></p>\n\n<p><br />\n&nbsp;</p>\n\n\n\n<p><strong><em>For all of the reason above, here are 7 expert tips to help you pick up the right men&rsquo;s wallet for you:</em></strong></p>\n\n<h4><strong>Number 1: Choose A Neat Wallet</strong></h4>\n\n<p>The wallet is an essential accessory that you should go simple. Simplicity is the best in this case. A simple and neat wallet with the plain color and even&nbsp;<strong>minimalist style</strong>&nbsp;is versatile. It can be used for both formal and casual events. In addition, that wallet will go well with most of the clothes in your wardrobe.</p>\n\n<p>Keep in mind that a wallet will tell other people about your personality and your fashion sense as much as other clothes you put on. Hence, don&rsquo;t go cheesy on your wallet or else people will think that you have a funny and particular style.</p>\n\n<p style=\"text-align:center\"><img alt=\"f5\" src=\"/storage/news/2.jpg\" /></p>\n\n<p><br />\n&nbsp;</p>\n<hr />\n<h4><strong>Number 2: Choose The Right Size For Your Wallet</strong></h4>\n\n<p>You should avoid having an over-sized wallet. Don&rsquo;t think that you need to buy a big wallet because you have a lot to carry with you. In addition, a fat wallet is very ugly. It will make it harder for you to slide the wallet into your trousers&rsquo; pocket. In addition, it will create a bulge and ruin your look.</p>\n\n<p>Before you go on to buy a new wallet, clean out your wallet and place all of the items from your wallet on a table. Throw away things that you would never need any more such as the old bills or the expired gift cards. Remember to check your wallet on a frequent basis to get rid of all of the old stuff that you don&rsquo;t need anymore.</p>\n\n<p style=\"text-align:center\"><img alt=\"f1\" src=\"/storage/news/3.jpg\" /></p>\n\n<p><br />\n&nbsp;</p>\n\n<hr />\n<h4><strong>Number 3: Don&rsquo;t Limit Your Options Of Materials</strong></h4>\n\n<p>The types and designs of wallets are not the only things that you should consider when you go out searching for your best wallet. You have more than 1 option of material rather than leather to choose from as well.</p>\n\n<p>You can experiment with other available options such as cotton, polyester and canvas. They all have their own pros and cons. As a result, they will be suitable for different needs and requirements. You should think about them all in order to choose the material which you would like the most.</p>\n\n<p style=\"text-align:center\"><img alt=\"f6\" height=\"375\" src=\"/storage/news/4.jpg\" /></p>\n\n<p><br />\n&nbsp;</p>\n\n<hr />\n<h4><strong>Number 4: Consider A Wallet As A Long Term Investment</strong></h4>\n\n<p>Your wallet is indeed an investment that you should consider spending a decent amount of time and effort on it. Another factor that you need to consider is how much you want to spend on your wallet. The price ranges of wallets on the market vary a great deal. You can find a wallet which is as cheap as about 5 to 7 dollars. On the other hand, you should expect to pay around 250 to 300 dollars for a high-quality wallet.</p>\n\n<p>In case you need a wallet to use for a long time, it is a good idea that you should invest a decent amount of money on a wallet. A high quality wallet from a reputational brand with the premium quality such as cowhide leather will last for a long time. In addition, it is an accessory to show off your fashion sense and your social status.</p>\n\n<p style=\"text-align:center\"><img alt=\"f2\" height=\"400\" src=\"/storage/news/5.jpg\" /></p>\n\n<p>&nbsp;</p>\n','published',1,'Botble\\ACL\\Models\\User',1,'news/10.jpg',1572,NULL,'2022-01-04 21:11:38','2022-01-04 21:11:38'),(11,'The litigants on the screen are not actors','You should pay more attention when you choose your wallets. There are a lot of them on the market with the different designs and styles. When you choose carefully, you would be able to buy a wallet that is catered to your needs. Not to mention that it will help to enhance your style significantly.','<p>I have seen many people underestimating the power of their wallets. To them, they are just a functional item they use to carry. As a result, they often end up with the wallets which are not really suitable for them.</p>\n\n<p>You should pay more attention when you choose your wallets. There are a lot of them on the market with the different designs and styles. When you choose carefully, you would be able to buy a wallet that is catered to your needs. Not to mention that it will help to enhance your style significantly.</p>\n\n<p style=\"text-align:center\"><img alt=\"f4\" src=\"/storage/news/1.jpg\" /></p>\n\n<p><br />\n&nbsp;</p>\n\n\n\n<p><strong><em>For all of the reason above, here are 7 expert tips to help you pick up the right men&rsquo;s wallet for you:</em></strong></p>\n\n<h4><strong>Number 1: Choose A Neat Wallet</strong></h4>\n\n<p>The wallet is an essential accessory that you should go simple. Simplicity is the best in this case. A simple and neat wallet with the plain color and even&nbsp;<strong>minimalist style</strong>&nbsp;is versatile. It can be used for both formal and casual events. In addition, that wallet will go well with most of the clothes in your wardrobe.</p>\n\n<p>Keep in mind that a wallet will tell other people about your personality and your fashion sense as much as other clothes you put on. Hence, don&rsquo;t go cheesy on your wallet or else people will think that you have a funny and particular style.</p>\n\n<p style=\"text-align:center\"><img alt=\"f5\" src=\"/storage/news/2.jpg\" /></p>\n\n<p><br />\n&nbsp;</p>\n<hr />\n<h4><strong>Number 2: Choose The Right Size For Your Wallet</strong></h4>\n\n<p>You should avoid having an over-sized wallet. Don&rsquo;t think that you need to buy a big wallet because you have a lot to carry with you. In addition, a fat wallet is very ugly. It will make it harder for you to slide the wallet into your trousers&rsquo; pocket. In addition, it will create a bulge and ruin your look.</p>\n\n<p>Before you go on to buy a new wallet, clean out your wallet and place all of the items from your wallet on a table. Throw away things that you would never need any more such as the old bills or the expired gift cards. Remember to check your wallet on a frequent basis to get rid of all of the old stuff that you don&rsquo;t need anymore.</p>\n\n<p style=\"text-align:center\"><img alt=\"f1\" src=\"/storage/news/3.jpg\" /></p>\n\n<p><br />\n&nbsp;</p>\n\n<hr />\n<h4><strong>Number 3: Don&rsquo;t Limit Your Options Of Materials</strong></h4>\n\n<p>The types and designs of wallets are not the only things that you should consider when you go out searching for your best wallet. You have more than 1 option of material rather than leather to choose from as well.</p>\n\n<p>You can experiment with other available options such as cotton, polyester and canvas. They all have their own pros and cons. As a result, they will be suitable for different needs and requirements. You should think about them all in order to choose the material which you would like the most.</p>\n\n<p style=\"text-align:center\"><img alt=\"f6\" height=\"375\" src=\"/storage/news/4.jpg\" /></p>\n\n<p><br />\n&nbsp;</p>\n\n<hr />\n<h4><strong>Number 4: Consider A Wallet As A Long Term Investment</strong></h4>\n\n<p>Your wallet is indeed an investment that you should consider spending a decent amount of time and effort on it. Another factor that you need to consider is how much you want to spend on your wallet. The price ranges of wallets on the market vary a great deal. You can find a wallet which is as cheap as about 5 to 7 dollars. On the other hand, you should expect to pay around 250 to 300 dollars for a high-quality wallet.</p>\n\n<p>In case you need a wallet to use for a long time, it is a good idea that you should invest a decent amount of money on a wallet. A high quality wallet from a reputational brand with the premium quality such as cowhide leather will last for a long time. In addition, it is an accessory to show off your fashion sense and your social status.</p>\n\n<p style=\"text-align:center\"><img alt=\"f2\" height=\"400\" src=\"/storage/news/5.jpg\" /></p>\n\n<p>&nbsp;</p>\n','published',1,'Botble\\ACL\\Models\\User',0,'news/11.jpg',2374,NULL,'2022-01-04 21:11:38','2022-01-04 21:11:38');
/*!40000 ALTER TABLE `posts` ENABLE KEYS */;
UNLOCK TABLES;

--
-- Table structure for table `posts_translations`
--

DROP TABLE IF EXISTS `posts_translations`;
/*!40101 SET @saved_cs_client     = @@character_set_client */;
/*!40101 SET character_set_client = utf8 */;
CREATE TABLE `posts_translations` (
  `lang_code` varchar(191) COLLATE utf8mb4_unicode_ci NOT NULL,
  `posts_id` int(11) NOT NULL,
  `name` varchar(255) COLLATE utf8mb4_unicode_ci DEFAULT NULL,
  `description` varchar(400) COLLATE utf8mb4_unicode_ci DEFAULT NULL,
  `content` longtext COLLATE utf8mb4_unicode_ci DEFAULT NULL,
  PRIMARY KEY (`lang_code`,`posts_id`)
) ENGINE=InnoDB DEFAULT CHARSET=utf8mb4 COLLATE=utf8mb4_unicode_ci;
/*!40101 SET character_set_client = @saved_cs_client */;

--
-- Dumping data for table `posts_translations`
--

LOCK TABLES `posts_translations` WRITE;
/*!40000 ALTER TABLE `posts_translations` DISABLE KEYS */;
INSERT INTO `posts_translations` VALUES ('vi',1,'4 Lời khuyên của Chuyên gia về Cách Chọn Ví Nam Phù hợp','You should pay more attention when you choose your wallets. There are a lot of them on the market with the different designs and styles. When you choose carefully, you would be able to buy a wallet that is catered to your needs. Not to mention that it will help to enhance your style significantly.','<p>I have seen many people underestimating the power of their wallets. To them, they are just a functional item they use to carry. As a result, they often end up with the wallets which are not really suitable for them.</p>\n\n<p>You should pay more attention when you choose your wallets. There are a lot of them on the market with the different designs and styles. When you choose carefully, you would be able to buy a wallet that is catered to your needs. Not to mention that it will help to enhance your style significantly.</p>\n\n<p style=\"text-align:center\"><img alt=\"f4\" src=\"/storage/news/1.jpg\" /></p>\n\n<p><br />\n&nbsp;</p>\n\n\n\n<p><strong><em>For all of the reason above, here are 7 expert tips to help you pick up the right men&rsquo;s wallet for you:</em></strong></p>\n\n<h4><strong>Number 1: Choose A Neat Wallet</strong></h4>\n\n<p>The wallet is an essential accessory that you should go simple. Simplicity is the best in this case. A simple and neat wallet with the plain color and even&nbsp;<strong>minimalist style</strong>&nbsp;is versatile. It can be used for both formal and casual events. In addition, that wallet will go well with most of the clothes in your wardrobe.</p>\n\n<p>Keep in mind that a wallet will tell other people about your personality and your fashion sense as much as other clothes you put on. Hence, don&rsquo;t go cheesy on your wallet or else people will think that you have a funny and particular style.</p>\n\n<p style=\"text-align:center\"><img alt=\"f5\" src=\"/storage/news/2.jpg\" /></p>\n\n<p><br />\n&nbsp;</p>\n<hr />\n<h4><strong>Number 2: Choose The Right Size For Your Wallet</strong></h4>\n\n<p>You should avoid having an over-sized wallet. Don&rsquo;t think that you need to buy a big wallet because you have a lot to carry with you. In addition, a fat wallet is very ugly. It will make it harder for you to slide the wallet into your trousers&rsquo; pocket. In addition, it will create a bulge and ruin your look.</p>\n\n<p>Before you go on to buy a new wallet, clean out your wallet and place all of the items from your wallet on a table. Throw away things that you would never need any more such as the old bills or the expired gift cards. Remember to check your wallet on a frequent basis to get rid of all of the old stuff that you don&rsquo;t need anymore.</p>\n\n<p style=\"text-align:center\"><img alt=\"f1\" src=\"/storage/news/3.jpg\" /></p>\n\n<p><br />\n&nbsp;</p>\n\n<hr />\n<h4><strong>Number 3: Don&rsquo;t Limit Your Options Of Materials</strong></h4>\n\n<p>The types and designs of wallets are not the only things that you should consider when you go out searching for your best wallet. You have more than 1 option of material rather than leather to choose from as well.</p>\n\n<p>You can experiment with other available options such as cotton, polyester and canvas. They all have their own pros and cons. As a result, they will be suitable for different needs and requirements. You should think about them all in order to choose the material which you would like the most.</p>\n\n<p style=\"text-align:center\"><img alt=\"f6\" height=\"375\" src=\"/storage/news/4.jpg\" /></p>\n\n<p><br />\n&nbsp;</p>\n\n<hr />\n<h4><strong>Number 4: Consider A Wallet As A Long Term Investment</strong></h4>\n\n<p>Your wallet is indeed an investment that you should consider spending a decent amount of time and effort on it. Another factor that you need to consider is how much you want to spend on your wallet. The price ranges of wallets on the market vary a great deal. You can find a wallet which is as cheap as about 5 to 7 dollars. On the other hand, you should expect to pay around 250 to 300 dollars for a high-quality wallet.</p>\n\n<p>In case you need a wallet to use for a long time, it is a good idea that you should invest a decent amount of money on a wallet. A high quality wallet from a reputational brand with the premium quality such as cowhide leather will last for a long time. In addition, it is an accessory to show off your fashion sense and your social status.</p>\n\n<p style=\"text-align:center\"><img alt=\"f2\" height=\"400\" src=\"/storage/news/5.jpg\" /></p>\n\n<p>&nbsp;</p>\n'),('vi',2,'Sexy Clutches: Cách Mua & Đeo Túi Clutch Thiết kế','You should pay more attention when you choose your wallets. There are a lot of them on the market with the different designs and styles. When you choose carefully, you would be able to buy a wallet that is catered to your needs. Not to mention that it will help to enhance your style significantly.','<p>I have seen many people underestimating the power of their wallets. To them, they are just a functional item they use to carry. As a result, they often end up with the wallets which are not really suitable for them.</p>\n\n<p>You should pay more attention when you choose your wallets. There are a lot of them on the market with the different designs and styles. When you choose carefully, you would be able to buy a wallet that is catered to your needs. Not to mention that it will help to enhance your style significantly.</p>\n\n<p style=\"text-align:center\"><img alt=\"f4\" src=\"/storage/news/1.jpg\" /></p>\n\n<p><br />\n&nbsp;</p>\n\n\n\n<p><strong><em>For all of the reason above, here are 7 expert tips to help you pick up the right men&rsquo;s wallet for you:</em></strong></p>\n\n<h4><strong>Number 1: Choose A Neat Wallet</strong></h4>\n\n<p>The wallet is an essential accessory that you should go simple. Simplicity is the best in this case. A simple and neat wallet with the plain color and even&nbsp;<strong>minimalist style</strong>&nbsp;is versatile. It can be used for both formal and casual events. In addition, that wallet will go well with most of the clothes in your wardrobe.</p>\n\n<p>Keep in mind that a wallet will tell other people about your personality and your fashion sense as much as other clothes you put on. Hence, don&rsquo;t go cheesy on your wallet or else people will think that you have a funny and particular style.</p>\n\n<p style=\"text-align:center\"><img alt=\"f5\" src=\"/storage/news/2.jpg\" /></p>\n\n<p><br />\n&nbsp;</p>\n<hr />\n<h4><strong>Number 2: Choose The Right Size For Your Wallet</strong></h4>\n\n<p>You should avoid having an over-sized wallet. Don&rsquo;t think that you need to buy a big wallet because you have a lot to carry with you. In addition, a fat wallet is very ugly. It will make it harder for you to slide the wallet into your trousers&rsquo; pocket. In addition, it will create a bulge and ruin your look.</p>\n\n<p>Before you go on to buy a new wallet, clean out your wallet and place all of the items from your wallet on a table. Throw away things that you would never need any more such as the old bills or the expired gift cards. Remember to check your wallet on a frequent basis to get rid of all of the old stuff that you don&rsquo;t need anymore.</p>\n\n<p style=\"text-align:center\"><img alt=\"f1\" src=\"/storage/news/3.jpg\" /></p>\n\n<p><br />\n&nbsp;</p>\n\n<hr />\n<h4><strong>Number 3: Don&rsquo;t Limit Your Options Of Materials</strong></h4>\n\n<p>The types and designs of wallets are not the only things that you should consider when you go out searching for your best wallet. You have more than 1 option of material rather than leather to choose from as well.</p>\n\n<p>You can experiment with other available options such as cotton, polyester and canvas. They all have their own pros and cons. As a result, they will be suitable for different needs and requirements. You should think about them all in order to choose the material which you would like the most.</p>\n\n<p style=\"text-align:center\"><img alt=\"f6\" height=\"375\" src=\"/storage/news/4.jpg\" /></p>\n\n<p><br />\n&nbsp;</p>\n\n<hr />\n<h4><strong>Number 4: Consider A Wallet As A Long Term Investment</strong></h4>\n\n<p>Your wallet is indeed an investment that you should consider spending a decent amount of time and effort on it. Another factor that you need to consider is how much you want to spend on your wallet. The price ranges of wallets on the market vary a great deal. You can find a wallet which is as cheap as about 5 to 7 dollars. On the other hand, you should expect to pay around 250 to 300 dollars for a high-quality wallet.</p>\n\n<p>In case you need a wallet to use for a long time, it is a good idea that you should invest a decent amount of money on a wallet. A high quality wallet from a reputational brand with the premium quality such as cowhide leather will last for a long time. In addition, it is an accessory to show off your fashion sense and your social status.</p>\n\n<p style=\"text-align:center\"><img alt=\"f2\" height=\"400\" src=\"/storage/news/5.jpg\" /></p>\n\n<p>&nbsp;</p>\n'),('vi',3,'Xu hướng túi xách hàng đầu năm 2020 cần biết','You should pay more attention when you choose your wallets. There are a lot of them on the market with the different designs and styles. When you choose carefully, you would be able to buy a wallet that is catered to your needs. Not to mention that it will help to enhance your style significantly.','<p>I have seen many people underestimating the power of their wallets. To them, they are just a functional item they use to carry. As a result, they often end up with the wallets which are not really suitable for them.</p>\n\n<p>You should pay more attention when you choose your wallets. There are a lot of them on the market with the different designs and styles. When you choose carefully, you would be able to buy a wallet that is catered to your needs. Not to mention that it will help to enhance your style significantly.</p>\n\n<p style=\"text-align:center\"><img alt=\"f4\" src=\"/storage/news/1.jpg\" /></p>\n\n<p><br />\n&nbsp;</p>\n\n\n\n<p><strong><em>For all of the reason above, here are 7 expert tips to help you pick up the right men&rsquo;s wallet for you:</em></strong></p>\n\n<h4><strong>Number 1: Choose A Neat Wallet</strong></h4>\n\n<p>The wallet is an essential accessory that you should go simple. Simplicity is the best in this case. A simple and neat wallet with the plain color and even&nbsp;<strong>minimalist style</strong>&nbsp;is versatile. It can be used for both formal and casual events. In addition, that wallet will go well with most of the clothes in your wardrobe.</p>\n\n<p>Keep in mind that a wallet will tell other people about your personality and your fashion sense as much as other clothes you put on. Hence, don&rsquo;t go cheesy on your wallet or else people will think that you have a funny and particular style.</p>\n\n<p style=\"text-align:center\"><img alt=\"f5\" src=\"/storage/news/2.jpg\" /></p>\n\n<p><br />\n&nbsp;</p>\n<hr />\n<h4><strong>Number 2: Choose The Right Size For Your Wallet</strong></h4>\n\n<p>You should avoid having an over-sized wallet. Don&rsquo;t think that you need to buy a big wallet because you have a lot to carry with you. In addition, a fat wallet is very ugly. It will make it harder for you to slide the wallet into your trousers&rsquo; pocket. In addition, it will create a bulge and ruin your look.</p>\n\n<p>Before you go on to buy a new wallet, clean out your wallet and place all of the items from your wallet on a table. Throw away things that you would never need any more such as the old bills or the expired gift cards. Remember to check your wallet on a frequent basis to get rid of all of the old stuff that you don&rsquo;t need anymore.</p>\n\n<p style=\"text-align:center\"><img alt=\"f1\" src=\"/storage/news/3.jpg\" /></p>\n\n<p><br />\n&nbsp;</p>\n\n<hr />\n<h4><strong>Number 3: Don&rsquo;t Limit Your Options Of Materials</strong></h4>\n\n<p>The types and designs of wallets are not the only things that you should consider when you go out searching for your best wallet. You have more than 1 option of material rather than leather to choose from as well.</p>\n\n<p>You can experiment with other available options such as cotton, polyester and canvas. They all have their own pros and cons. As a result, they will be suitable for different needs and requirements. You should think about them all in order to choose the material which you would like the most.</p>\n\n<p style=\"text-align:center\"><img alt=\"f6\" height=\"375\" src=\"/storage/news/4.jpg\" /></p>\n\n<p><br />\n&nbsp;</p>\n\n<hr />\n<h4><strong>Number 4: Consider A Wallet As A Long Term Investment</strong></h4>\n\n<p>Your wallet is indeed an investment that you should consider spending a decent amount of time and effort on it. Another factor that you need to consider is how much you want to spend on your wallet. The price ranges of wallets on the market vary a great deal. You can find a wallet which is as cheap as about 5 to 7 dollars. On the other hand, you should expect to pay around 250 to 300 dollars for a high-quality wallet.</p>\n\n<p>In case you need a wallet to use for a long time, it is a good idea that you should invest a decent amount of money on a wallet. A high quality wallet from a reputational brand with the premium quality such as cowhide leather will last for a long time. In addition, it is an accessory to show off your fashion sense and your social status.</p>\n\n<p style=\"text-align:center\"><img alt=\"f2\" height=\"400\" src=\"/storage/news/5.jpg\" /></p>\n\n<p>&nbsp;</p>\n'),('vi',4,'Cách Phối Màu Túi Xách Của Bạn Với Trang Phục','You should pay more attention when you choose your wallets. There are a lot of them on the market with the different designs and styles. When you choose carefully, you would be able to buy a wallet that is catered to your needs. Not to mention that it will help to enhance your style significantly.','<p>I have seen many people underestimating the power of their wallets. To them, they are just a functional item they use to carry. As a result, they often end up with the wallets which are not really suitable for them.</p>\n\n<p>You should pay more attention when you choose your wallets. There are a lot of them on the market with the different designs and styles. When you choose carefully, you would be able to buy a wallet that is catered to your needs. Not to mention that it will help to enhance your style significantly.</p>\n\n<p style=\"text-align:center\"><img alt=\"f4\" src=\"/storage/news/1.jpg\" /></p>\n\n<p><br />\n&nbsp;</p>\n\n\n\n<p><strong><em>For all of the reason above, here are 7 expert tips to help you pick up the right men&rsquo;s wallet for you:</em></strong></p>\n\n<h4><strong>Number 1: Choose A Neat Wallet</strong></h4>\n\n<p>The wallet is an essential accessory that you should go simple. Simplicity is the best in this case. A simple and neat wallet with the plain color and even&nbsp;<strong>minimalist style</strong>&nbsp;is versatile. It can be used for both formal and casual events. In addition, that wallet will go well with most of the clothes in your wardrobe.</p>\n\n<p>Keep in mind that a wallet will tell other people about your personality and your fashion sense as much as other clothes you put on. Hence, don&rsquo;t go cheesy on your wallet or else people will think that you have a funny and particular style.</p>\n\n<p style=\"text-align:center\"><img alt=\"f5\" src=\"/storage/news/2.jpg\" /></p>\n\n<p><br />\n&nbsp;</p>\n<hr />\n<h4><strong>Number 2: Choose The Right Size For Your Wallet</strong></h4>\n\n<p>You should avoid having an over-sized wallet. Don&rsquo;t think that you need to buy a big wallet because you have a lot to carry with you. In addition, a fat wallet is very ugly. It will make it harder for you to slide the wallet into your trousers&rsquo; pocket. In addition, it will create a bulge and ruin your look.</p>\n\n<p>Before you go on to buy a new wallet, clean out your wallet and place all of the items from your wallet on a table. Throw away things that you would never need any more such as the old bills or the expired gift cards. Remember to check your wallet on a frequent basis to get rid of all of the old stuff that you don&rsquo;t need anymore.</p>\n\n<p style=\"text-align:center\"><img alt=\"f1\" src=\"/storage/news/3.jpg\" /></p>\n\n<p><br />\n&nbsp;</p>\n\n<hr />\n<h4><strong>Number 3: Don&rsquo;t Limit Your Options Of Materials</strong></h4>\n\n<p>The types and designs of wallets are not the only things that you should consider when you go out searching for your best wallet. You have more than 1 option of material rather than leather to choose from as well.</p>\n\n<p>You can experiment with other available options such as cotton, polyester and canvas. They all have their own pros and cons. As a result, they will be suitable for different needs and requirements. You should think about them all in order to choose the material which you would like the most.</p>\n\n<p style=\"text-align:center\"><img alt=\"f6\" height=\"375\" src=\"/storage/news/4.jpg\" /></p>\n\n<p><br />\n&nbsp;</p>\n\n<hr />\n<h4><strong>Number 4: Consider A Wallet As A Long Term Investment</strong></h4>\n\n<p>Your wallet is indeed an investment that you should consider spending a decent amount of time and effort on it. Another factor that you need to consider is how much you want to spend on your wallet. The price ranges of wallets on the market vary a great deal. You can find a wallet which is as cheap as about 5 to 7 dollars. On the other hand, you should expect to pay around 250 to 300 dollars for a high-quality wallet.</p>\n\n<p>In case you need a wallet to use for a long time, it is a good idea that you should invest a decent amount of money on a wallet. A high quality wallet from a reputational brand with the premium quality such as cowhide leather will last for a long time. In addition, it is an accessory to show off your fashion sense and your social status.</p>\n\n<p style=\"text-align:center\"><img alt=\"f2\" height=\"400\" src=\"/storage/news/5.jpg\" /></p>\n\n<p>&nbsp;</p>\n'),('vi',5,'Cách Chăm sóc Túi Da','You should pay more attention when you choose your wallets. There are a lot of them on the market with the different designs and styles. When you choose carefully, you would be able to buy a wallet that is catered to your needs. Not to mention that it will help to enhance your style significantly.','<p>I have seen many people underestimating the power of their wallets. To them, they are just a functional item they use to carry. As a result, they often end up with the wallets which are not really suitable for them.</p>\n\n<p>You should pay more attention when you choose your wallets. There are a lot of them on the market with the different designs and styles. When you choose carefully, you would be able to buy a wallet that is catered to your needs. Not to mention that it will help to enhance your style significantly.</p>\n\n<p style=\"text-align:center\"><img alt=\"f4\" src=\"/storage/news/1.jpg\" /></p>\n\n<p><br />\n&nbsp;</p>\n\n\n\n<p><strong><em>For all of the reason above, here are 7 expert tips to help you pick up the right men&rsquo;s wallet for you:</em></strong></p>\n\n<h4><strong>Number 1: Choose A Neat Wallet</strong></h4>\n\n<p>The wallet is an essential accessory that you should go simple. Simplicity is the best in this case. A simple and neat wallet with the plain color and even&nbsp;<strong>minimalist style</strong>&nbsp;is versatile. It can be used for both formal and casual events. In addition, that wallet will go well with most of the clothes in your wardrobe.</p>\n\n<p>Keep in mind that a wallet will tell other people about your personality and your fashion sense as much as other clothes you put on. Hence, don&rsquo;t go cheesy on your wallet or else people will think that you have a funny and particular style.</p>\n\n<p style=\"text-align:center\"><img alt=\"f5\" src=\"/storage/news/2.jpg\" /></p>\n\n<p><br />\n&nbsp;</p>\n<hr />\n<h4><strong>Number 2: Choose The Right Size For Your Wallet</strong></h4>\n\n<p>You should avoid having an over-sized wallet. Don&rsquo;t think that you need to buy a big wallet because you have a lot to carry with you. In addition, a fat wallet is very ugly. It will make it harder for you to slide the wallet into your trousers&rsquo; pocket. In addition, it will create a bulge and ruin your look.</p>\n\n<p>Before you go on to buy a new wallet, clean out your wallet and place all of the items from your wallet on a table. Throw away things that you would never need any more such as the old bills or the expired gift cards. Remember to check your wallet on a frequent basis to get rid of all of the old stuff that you don&rsquo;t need anymore.</p>\n\n<p style=\"text-align:center\"><img alt=\"f1\" src=\"/storage/news/3.jpg\" /></p>\n\n<p><br />\n&nbsp;</p>\n\n<hr />\n<h4><strong>Number 3: Don&rsquo;t Limit Your Options Of Materials</strong></h4>\n\n<p>The types and designs of wallets are not the only things that you should consider when you go out searching for your best wallet. You have more than 1 option of material rather than leather to choose from as well.</p>\n\n<p>You can experiment with other available options such as cotton, polyester and canvas. They all have their own pros and cons. As a result, they will be suitable for different needs and requirements. You should think about them all in order to choose the material which you would like the most.</p>\n\n<p style=\"text-align:center\"><img alt=\"f6\" height=\"375\" src=\"/storage/news/4.jpg\" /></p>\n\n<p><br />\n&nbsp;</p>\n\n<hr />\n<h4><strong>Number 4: Consider A Wallet As A Long Term Investment</strong></h4>\n\n<p>Your wallet is indeed an investment that you should consider spending a decent amount of time and effort on it. Another factor that you need to consider is how much you want to spend on your wallet. The price ranges of wallets on the market vary a great deal. You can find a wallet which is as cheap as about 5 to 7 dollars. On the other hand, you should expect to pay around 250 to 300 dollars for a high-quality wallet.</p>\n\n<p>In case you need a wallet to use for a long time, it is a good idea that you should invest a decent amount of money on a wallet. A high quality wallet from a reputational brand with the premium quality such as cowhide leather will last for a long time. In addition, it is an accessory to show off your fashion sense and your social status.</p>\n\n<p style=\"text-align:center\"><img alt=\"f2\" height=\"400\" src=\"/storage/news/5.jpg\" /></p>\n\n<p>&nbsp;</p>\n'),('vi',6,'Chúng tôi đang nghiền ngẫm 10 xu hướng túi lớn nhất của mùa hè','You should pay more attention when you choose your wallets. There are a lot of them on the market with the different designs and styles. When you choose carefully, you would be able to buy a wallet that is catered to your needs. Not to mention that it will help to enhance your style significantly.','<p>I have seen many people underestimating the power of their wallets. To them, they are just a functional item they use to carry. As a result, they often end up with the wallets which are not really suitable for them.</p>\n\n<p>You should pay more attention when you choose your wallets. There are a lot of them on the market with the different designs and styles. When you choose carefully, you would be able to buy a wallet that is catered to your needs. Not to mention that it will help to enhance your style significantly.</p>\n\n<p style=\"text-align:center\"><img alt=\"f4\" src=\"/storage/news/1.jpg\" /></p>\n\n<p><br />\n&nbsp;</p>\n\n\n\n<p><strong><em>For all of the reason above, here are 7 expert tips to help you pick up the right men&rsquo;s wallet for you:</em></strong></p>\n\n<h4><strong>Number 1: Choose A Neat Wallet</strong></h4>\n\n<p>The wallet is an essential accessory that you should go simple. Simplicity is the best in this case. A simple and neat wallet with the plain color and even&nbsp;<strong>minimalist style</strong>&nbsp;is versatile. It can be used for both formal and casual events. In addition, that wallet will go well with most of the clothes in your wardrobe.</p>\n\n<p>Keep in mind that a wallet will tell other people about your personality and your fashion sense as much as other clothes you put on. Hence, don&rsquo;t go cheesy on your wallet or else people will think that you have a funny and particular style.</p>\n\n<p style=\"text-align:center\"><img alt=\"f5\" src=\"/storage/news/2.jpg\" /></p>\n\n<p><br />\n&nbsp;</p>\n<hr />\n<h4><strong>Number 2: Choose The Right Size For Your Wallet</strong></h4>\n\n<p>You should avoid having an over-sized wallet. Don&rsquo;t think that you need to buy a big wallet because you have a lot to carry with you. In addition, a fat wallet is very ugly. It will make it harder for you to slide the wallet into your trousers&rsquo; pocket. In addition, it will create a bulge and ruin your look.</p>\n\n<p>Before you go on to buy a new wallet, clean out your wallet and place all of the items from your wallet on a table. Throw away things that you would never need any more such as the old bills or the expired gift cards. Remember to check your wallet on a frequent basis to get rid of all of the old stuff that you don&rsquo;t need anymore.</p>\n\n<p style=\"text-align:center\"><img alt=\"f1\" src=\"/storage/news/3.jpg\" /></p>\n\n<p><br />\n&nbsp;</p>\n\n<hr />\n<h4><strong>Number 3: Don&rsquo;t Limit Your Options Of Materials</strong></h4>\n\n<p>The types and designs of wallets are not the only things that you should consider when you go out searching for your best wallet. You have more than 1 option of material rather than leather to choose from as well.</p>\n\n<p>You can experiment with other available options such as cotton, polyester and canvas. They all have their own pros and cons. As a result, they will be suitable for different needs and requirements. You should think about them all in order to choose the material which you would like the most.</p>\n\n<p style=\"text-align:center\"><img alt=\"f6\" height=\"375\" src=\"/storage/news/4.jpg\" /></p>\n\n<p><br />\n&nbsp;</p>\n\n<hr />\n<h4><strong>Number 4: Consider A Wallet As A Long Term Investment</strong></h4>\n\n<p>Your wallet is indeed an investment that you should consider spending a decent amount of time and effort on it. Another factor that you need to consider is how much you want to spend on your wallet. The price ranges of wallets on the market vary a great deal. You can find a wallet which is as cheap as about 5 to 7 dollars. On the other hand, you should expect to pay around 250 to 300 dollars for a high-quality wallet.</p>\n\n<p>In case you need a wallet to use for a long time, it is a good idea that you should invest a decent amount of money on a wallet. A high quality wallet from a reputational brand with the premium quality such as cowhide leather will last for a long time. In addition, it is an accessory to show off your fashion sense and your social status.</p>\n\n<p style=\"text-align:center\"><img alt=\"f2\" height=\"400\" src=\"/storage/news/5.jpg\" /></p>\n\n<p>&nbsp;</p>\n'),('vi',7,'Những phẩm chất cần thiết của âm nhạc thành công cao','You should pay more attention when you choose your wallets. There are a lot of them on the market with the different designs and styles. When you choose carefully, you would be able to buy a wallet that is catered to your needs. Not to mention that it will help to enhance your style significantly.','<p>I have seen many people underestimating the power of their wallets. To them, they are just a functional item they use to carry. As a result, they often end up with the wallets which are not really suitable for them.</p>\n\n<p>You should pay more attention when you choose your wallets. There are a lot of them on the market with the different designs and styles. When you choose carefully, you would be able to buy a wallet that is catered to your needs. Not to mention that it will help to enhance your style significantly.</p>\n\n<p style=\"text-align:center\"><img alt=\"f4\" src=\"/storage/news/1.jpg\" /></p>\n\n<p><br />\n&nbsp;</p>\n\n\n\n<p><strong><em>For all of the reason above, here are 7 expert tips to help you pick up the right men&rsquo;s wallet for you:</em></strong></p>\n\n<h4><strong>Number 1: Choose A Neat Wallet</strong></h4>\n\n<p>The wallet is an essential accessory that you should go simple. Simplicity is the best in this case. A simple and neat wallet with the plain color and even&nbsp;<strong>minimalist style</strong>&nbsp;is versatile. It can be used for both formal and casual events. In addition, that wallet will go well with most of the clothes in your wardrobe.</p>\n\n<p>Keep in mind that a wallet will tell other people about your personality and your fashion sense as much as other clothes you put on. Hence, don&rsquo;t go cheesy on your wallet or else people will think that you have a funny and particular style.</p>\n\n<p style=\"text-align:center\"><img alt=\"f5\" src=\"/storage/news/2.jpg\" /></p>\n\n<p><br />\n&nbsp;</p>\n<hr />\n<h4><strong>Number 2: Choose The Right Size For Your Wallet</strong></h4>\n\n<p>You should avoid having an over-sized wallet. Don&rsquo;t think that you need to buy a big wallet because you have a lot to carry with you. In addition, a fat wallet is very ugly. It will make it harder for you to slide the wallet into your trousers&rsquo; pocket. In addition, it will create a bulge and ruin your look.</p>\n\n<p>Before you go on to buy a new wallet, clean out your wallet and place all of the items from your wallet on a table. Throw away things that you would never need any more such as the old bills or the expired gift cards. Remember to check your wallet on a frequent basis to get rid of all of the old stuff that you don&rsquo;t need anymore.</p>\n\n<p style=\"text-align:center\"><img alt=\"f1\" src=\"/storage/news/3.jpg\" /></p>\n\n<p><br />\n&nbsp;</p>\n\n<hr />\n<h4><strong>Number 3: Don&rsquo;t Limit Your Options Of Materials</strong></h4>\n\n<p>The types and designs of wallets are not the only things that you should consider when you go out searching for your best wallet. You have more than 1 option of material rather than leather to choose from as well.</p>\n\n<p>You can experiment with other available options such as cotton, polyester and canvas. They all have their own pros and cons. As a result, they will be suitable for different needs and requirements. You should think about them all in order to choose the material which you would like the most.</p>\n\n<p style=\"text-align:center\"><img alt=\"f6\" height=\"375\" src=\"/storage/news/4.jpg\" /></p>\n\n<p><br />\n&nbsp;</p>\n\n<hr />\n<h4><strong>Number 4: Consider A Wallet As A Long Term Investment</strong></h4>\n\n<p>Your wallet is indeed an investment that you should consider spending a decent amount of time and effort on it. Another factor that you need to consider is how much you want to spend on your wallet. The price ranges of wallets on the market vary a great deal. You can find a wallet which is as cheap as about 5 to 7 dollars. On the other hand, you should expect to pay around 250 to 300 dollars for a high-quality wallet.</p>\n\n<p>In case you need a wallet to use for a long time, it is a good idea that you should invest a decent amount of money on a wallet. A high quality wallet from a reputational brand with the premium quality such as cowhide leather will last for a long time. In addition, it is an accessory to show off your fashion sense and your social status.</p>\n\n<p style=\"text-align:center\"><img alt=\"f2\" height=\"400\" src=\"/storage/news/5.jpg\" /></p>\n\n<p>&nbsp;</p>\n'),('vi',8,'9 điều tôi thích khi cạo đầu','You should pay more attention when you choose your wallets. There are a lot of them on the market with the different designs and styles. When you choose carefully, you would be able to buy a wallet that is catered to your needs. Not to mention that it will help to enhance your style significantly.','<p>I have seen many people underestimating the power of their wallets. To them, they are just a functional item they use to carry. As a result, they often end up with the wallets which are not really suitable for them.</p>\n\n<p>You should pay more attention when you choose your wallets. There are a lot of them on the market with the different designs and styles. When you choose carefully, you would be able to buy a wallet that is catered to your needs. Not to mention that it will help to enhance your style significantly.</p>\n\n<p style=\"text-align:center\"><img alt=\"f4\" src=\"/storage/news/1.jpg\" /></p>\n\n<p><br />\n&nbsp;</p>\n\n\n\n<p><strong><em>For all of the reason above, here are 7 expert tips to help you pick up the right men&rsquo;s wallet for you:</em></strong></p>\n\n<h4><strong>Number 1: Choose A Neat Wallet</strong></h4>\n\n<p>The wallet is an essential accessory that you should go simple. Simplicity is the best in this case. A simple and neat wallet with the plain color and even&nbsp;<strong>minimalist style</strong>&nbsp;is versatile. It can be used for both formal and casual events. In addition, that wallet will go well with most of the clothes in your wardrobe.</p>\n\n<p>Keep in mind that a wallet will tell other people about your personality and your fashion sense as much as other clothes you put on. Hence, don&rsquo;t go cheesy on your wallet or else people will think that you have a funny and particular style.</p>\n\n<p style=\"text-align:center\"><img alt=\"f5\" src=\"/storage/news/2.jpg\" /></p>\n\n<p><br />\n&nbsp;</p>\n<hr />\n<h4><strong>Number 2: Choose The Right Size For Your Wallet</strong></h4>\n\n<p>You should avoid having an over-sized wallet. Don&rsquo;t think that you need to buy a big wallet because you have a lot to carry with you. In addition, a fat wallet is very ugly. It will make it harder for you to slide the wallet into your trousers&rsquo; pocket. In addition, it will create a bulge and ruin your look.</p>\n\n<p>Before you go on to buy a new wallet, clean out your wallet and place all of the items from your wallet on a table. Throw away things that you would never need any more such as the old bills or the expired gift cards. Remember to check your wallet on a frequent basis to get rid of all of the old stuff that you don&rsquo;t need anymore.</p>\n\n<p style=\"text-align:center\"><img alt=\"f1\" src=\"/storage/news/3.jpg\" /></p>\n\n<p><br />\n&nbsp;</p>\n\n<hr />\n<h4><strong>Number 3: Don&rsquo;t Limit Your Options Of Materials</strong></h4>\n\n<p>The types and designs of wallets are not the only things that you should consider when you go out searching for your best wallet. You have more than 1 option of material rather than leather to choose from as well.</p>\n\n<p>You can experiment with other available options such as cotton, polyester and canvas. They all have their own pros and cons. As a result, they will be suitable for different needs and requirements. You should think about them all in order to choose the material which you would like the most.</p>\n\n<p style=\"text-align:center\"><img alt=\"f6\" height=\"375\" src=\"/storage/news/4.jpg\" /></p>\n\n<p><br />\n&nbsp;</p>\n\n<hr />\n<h4><strong>Number 4: Consider A Wallet As A Long Term Investment</strong></h4>\n\n<p>Your wallet is indeed an investment that you should consider spending a decent amount of time and effort on it. Another factor that you need to consider is how much you want to spend on your wallet. The price ranges of wallets on the market vary a great deal. You can find a wallet which is as cheap as about 5 to 7 dollars. On the other hand, you should expect to pay around 250 to 300 dollars for a high-quality wallet.</p>\n\n<p>In case you need a wallet to use for a long time, it is a good idea that you should invest a decent amount of money on a wallet. A high quality wallet from a reputational brand with the premium quality such as cowhide leather will last for a long time. In addition, it is an accessory to show off your fashion sense and your social status.</p>\n\n<p style=\"text-align:center\"><img alt=\"f2\" height=\"400\" src=\"/storage/news/5.jpg\" /></p>\n\n<p>&nbsp;</p>\n'),('vi',9,'Tại sao làm việc theo nhóm thực sự biến giấc mơ thành công','You should pay more attention when you choose your wallets. There are a lot of them on the market with the different designs and styles. When you choose carefully, you would be able to buy a wallet that is catered to your needs. Not to mention that it will help to enhance your style significantly.','<p>I have seen many people underestimating the power of their wallets. To them, they are just a functional item they use to carry. As a result, they often end up with the wallets which are not really suitable for them.</p>\n\n<p>You should pay more attention when you choose your wallets. There are a lot of them on the market with the different designs and styles. When you choose carefully, you would be able to buy a wallet that is catered to your needs. Not to mention that it will help to enhance your style significantly.</p>\n\n<p style=\"text-align:center\"><img alt=\"f4\" src=\"/storage/news/1.jpg\" /></p>\n\n<p><br />\n&nbsp;</p>\n\n\n\n<p><strong><em>For all of the reason above, here are 7 expert tips to help you pick up the right men&rsquo;s wallet for you:</em></strong></p>\n\n<h4><strong>Number 1: Choose A Neat Wallet</strong></h4>\n\n<p>The wallet is an essential accessory that you should go simple. Simplicity is the best in this case. A simple and neat wallet with the plain color and even&nbsp;<strong>minimalist style</strong>&nbsp;is versatile. It can be used for both formal and casual events. In addition, that wallet will go well with most of the clothes in your wardrobe.</p>\n\n<p>Keep in mind that a wallet will tell other people about your personality and your fashion sense as much as other clothes you put on. Hence, don&rsquo;t go cheesy on your wallet or else people will think that you have a funny and particular style.</p>\n\n<p style=\"text-align:center\"><img alt=\"f5\" src=\"/storage/news/2.jpg\" /></p>\n\n<p><br />\n&nbsp;</p>\n<hr />\n<h4><strong>Number 2: Choose The Right Size For Your Wallet</strong></h4>\n\n<p>You should avoid having an over-sized wallet. Don&rsquo;t think that you need to buy a big wallet because you have a lot to carry with you. In addition, a fat wallet is very ugly. It will make it harder for you to slide the wallet into your trousers&rsquo; pocket. In addition, it will create a bulge and ruin your look.</p>\n\n<p>Before you go on to buy a new wallet, clean out your wallet and place all of the items from your wallet on a table. Throw away things that you would never need any more such as the old bills or the expired gift cards. Remember to check your wallet on a frequent basis to get rid of all of the old stuff that you don&rsquo;t need anymore.</p>\n\n<p style=\"text-align:center\"><img alt=\"f1\" src=\"/storage/news/3.jpg\" /></p>\n\n<p><br />\n&nbsp;</p>\n\n<hr />\n<h4><strong>Number 3: Don&rsquo;t Limit Your Options Of Materials</strong></h4>\n\n<p>The types and designs of wallets are not the only things that you should consider when you go out searching for your best wallet. You have more than 1 option of material rather than leather to choose from as well.</p>\n\n<p>You can experiment with other available options such as cotton, polyester and canvas. They all have their own pros and cons. As a result, they will be suitable for different needs and requirements. You should think about them all in order to choose the material which you would like the most.</p>\n\n<p style=\"text-align:center\"><img alt=\"f6\" height=\"375\" src=\"/storage/news/4.jpg\" /></p>\n\n<p><br />\n&nbsp;</p>\n\n<hr />\n<h4><strong>Number 4: Consider A Wallet As A Long Term Investment</strong></h4>\n\n<p>Your wallet is indeed an investment that you should consider spending a decent amount of time and effort on it. Another factor that you need to consider is how much you want to spend on your wallet. The price ranges of wallets on the market vary a great deal. You can find a wallet which is as cheap as about 5 to 7 dollars. On the other hand, you should expect to pay around 250 to 300 dollars for a high-quality wallet.</p>\n\n<p>In case you need a wallet to use for a long time, it is a good idea that you should invest a decent amount of money on a wallet. A high quality wallet from a reputational brand with the premium quality such as cowhide leather will last for a long time. In addition, it is an accessory to show off your fashion sense and your social status.</p>\n\n<p style=\"text-align:center\"><img alt=\"f2\" height=\"400\" src=\"/storage/news/5.jpg\" /></p>\n\n<p>&nbsp;</p>\n'),('vi',10,'Thế giới phục vụ cho những người trung bình','You should pay more attention when you choose your wallets. There are a lot of them on the market with the different designs and styles. When you choose carefully, you would be able to buy a wallet that is catered to your needs. Not to mention that it will help to enhance your style significantly.','<p>I have seen many people underestimating the power of their wallets. To them, they are just a functional item they use to carry. As a result, they often end up with the wallets which are not really suitable for them.</p>\n\n<p>You should pay more attention when you choose your wallets. There are a lot of them on the market with the different designs and styles. When you choose carefully, you would be able to buy a wallet that is catered to your needs. Not to mention that it will help to enhance your style significantly.</p>\n\n<p style=\"text-align:center\"><img alt=\"f4\" src=\"/storage/news/1.jpg\" /></p>\n\n<p><br />\n&nbsp;</p>\n\n\n\n<p><strong><em>For all of the reason above, here are 7 expert tips to help you pick up the right men&rsquo;s wallet for you:</em></strong></p>\n\n<h4><strong>Number 1: Choose A Neat Wallet</strong></h4>\n\n<p>The wallet is an essential accessory that you should go simple. Simplicity is the best in this case. A simple and neat wallet with the plain color and even&nbsp;<strong>minimalist style</strong>&nbsp;is versatile. It can be used for both formal and casual events. In addition, that wallet will go well with most of the clothes in your wardrobe.</p>\n\n<p>Keep in mind that a wallet will tell other people about your personality and your fashion sense as much as other clothes you put on. Hence, don&rsquo;t go cheesy on your wallet or else people will think that you have a funny and particular style.</p>\n\n<p style=\"text-align:center\"><img alt=\"f5\" src=\"/storage/news/2.jpg\" /></p>\n\n<p><br />\n&nbsp;</p>\n<hr />\n<h4><strong>Number 2: Choose The Right Size For Your Wallet</strong></h4>\n\n<p>You should avoid having an over-sized wallet. Don&rsquo;t think that you need to buy a big wallet because you have a lot to carry with you. In addition, a fat wallet is very ugly. It will make it harder for you to slide the wallet into your trousers&rsquo; pocket. In addition, it will create a bulge and ruin your look.</p>\n\n<p>Before you go on to buy a new wallet, clean out your wallet and place all of the items from your wallet on a table. Throw away things that you would never need any more such as the old bills or the expired gift cards. Remember to check your wallet on a frequent basis to get rid of all of the old stuff that you don&rsquo;t need anymore.</p>\n\n<p style=\"text-align:center\"><img alt=\"f1\" src=\"/storage/news/3.jpg\" /></p>\n\n<p><br />\n&nbsp;</p>\n\n<hr />\n<h4><strong>Number 3: Don&rsquo;t Limit Your Options Of Materials</strong></h4>\n\n<p>The types and designs of wallets are not the only things that you should consider when you go out searching for your best wallet. You have more than 1 option of material rather than leather to choose from as well.</p>\n\n<p>You can experiment with other available options such as cotton, polyester and canvas. They all have their own pros and cons. As a result, they will be suitable for different needs and requirements. You should think about them all in order to choose the material which you would like the most.</p>\n\n<p style=\"text-align:center\"><img alt=\"f6\" height=\"375\" src=\"/storage/news/4.jpg\" /></p>\n\n<p><br />\n&nbsp;</p>\n\n<hr />\n<h4><strong>Number 4: Consider A Wallet As A Long Term Investment</strong></h4>\n\n<p>Your wallet is indeed an investment that you should consider spending a decent amount of time and effort on it. Another factor that you need to consider is how much you want to spend on your wallet. The price ranges of wallets on the market vary a great deal. You can find a wallet which is as cheap as about 5 to 7 dollars. On the other hand, you should expect to pay around 250 to 300 dollars for a high-quality wallet.</p>\n\n<p>In case you need a wallet to use for a long time, it is a good idea that you should invest a decent amount of money on a wallet. A high quality wallet from a reputational brand with the premium quality such as cowhide leather will last for a long time. In addition, it is an accessory to show off your fashion sense and your social status.</p>\n\n<p style=\"text-align:center\"><img alt=\"f2\" height=\"400\" src=\"/storage/news/5.jpg\" /></p>\n\n<p>&nbsp;</p>\n'),('vi',11,'Các đương sự trên màn hình không phải là diễn viên','You should pay more attention when you choose your wallets. There are a lot of them on the market with the different designs and styles. When you choose carefully, you would be able to buy a wallet that is catered to your needs. Not to mention that it will help to enhance your style significantly.','<p>I have seen many people underestimating the power of their wallets. To them, they are just a functional item they use to carry. As a result, they often end up with the wallets which are not really suitable for them.</p>\n\n<p>You should pay more attention when you choose your wallets. There are a lot of them on the market with the different designs and styles. When you choose carefully, you would be able to buy a wallet that is catered to your needs. Not to mention that it will help to enhance your style significantly.</p>\n\n<p style=\"text-align:center\"><img alt=\"f4\" src=\"/storage/news/1.jpg\" /></p>\n\n<p><br />\n&nbsp;</p>\n\n\n\n<p><strong><em>For all of the reason above, here are 7 expert tips to help you pick up the right men&rsquo;s wallet for you:</em></strong></p>\n\n<h4><strong>Number 1: Choose A Neat Wallet</strong></h4>\n\n<p>The wallet is an essential accessory that you should go simple. Simplicity is the best in this case. A simple and neat wallet with the plain color and even&nbsp;<strong>minimalist style</strong>&nbsp;is versatile. It can be used for both formal and casual events. In addition, that wallet will go well with most of the clothes in your wardrobe.</p>\n\n<p>Keep in mind that a wallet will tell other people about your personality and your fashion sense as much as other clothes you put on. Hence, don&rsquo;t go cheesy on your wallet or else people will think that you have a funny and particular style.</p>\n\n<p style=\"text-align:center\"><img alt=\"f5\" src=\"/storage/news/2.jpg\" /></p>\n\n<p><br />\n&nbsp;</p>\n<hr />\n<h4><strong>Number 2: Choose The Right Size For Your Wallet</strong></h4>\n\n<p>You should avoid having an over-sized wallet. Don&rsquo;t think that you need to buy a big wallet because you have a lot to carry with you. In addition, a fat wallet is very ugly. It will make it harder for you to slide the wallet into your trousers&rsquo; pocket. In addition, it will create a bulge and ruin your look.</p>\n\n<p>Before you go on to buy a new wallet, clean out your wallet and place all of the items from your wallet on a table. Throw away things that you would never need any more such as the old bills or the expired gift cards. Remember to check your wallet on a frequent basis to get rid of all of the old stuff that you don&rsquo;t need anymore.</p>\n\n<p style=\"text-align:center\"><img alt=\"f1\" src=\"/storage/news/3.jpg\" /></p>\n\n<p><br />\n&nbsp;</p>\n\n<hr />\n<h4><strong>Number 3: Don&rsquo;t Limit Your Options Of Materials</strong></h4>\n\n<p>The types and designs of wallets are not the only things that you should consider when you go out searching for your best wallet. You have more than 1 option of material rather than leather to choose from as well.</p>\n\n<p>You can experiment with other available options such as cotton, polyester and canvas. They all have their own pros and cons. As a result, they will be suitable for different needs and requirements. You should think about them all in order to choose the material which you would like the most.</p>\n\n<p style=\"text-align:center\"><img alt=\"f6\" height=\"375\" src=\"/storage/news/4.jpg\" /></p>\n\n<p><br />\n&nbsp;</p>\n\n<hr />\n<h4><strong>Number 4: Consider A Wallet As A Long Term Investment</strong></h4>\n\n<p>Your wallet is indeed an investment that you should consider spending a decent amount of time and effort on it. Another factor that you need to consider is how much you want to spend on your wallet. The price ranges of wallets on the market vary a great deal. You can find a wallet which is as cheap as about 5 to 7 dollars. On the other hand, you should expect to pay around 250 to 300 dollars for a high-quality wallet.</p>\n\n<p>In case you need a wallet to use for a long time, it is a good idea that you should invest a decent amount of money on a wallet. A high quality wallet from a reputational brand with the premium quality such as cowhide leather will last for a long time. In addition, it is an accessory to show off your fashion sense and your social status.</p>\n\n<p style=\"text-align:center\"><img alt=\"f2\" height=\"400\" src=\"/storage/news/5.jpg\" /></p>\n\n<p>&nbsp;</p>\n');
/*!40000 ALTER TABLE `posts_translations` ENABLE KEYS */;
UNLOCK TABLES;

--
-- Table structure for table `revisions`
--

DROP TABLE IF EXISTS `revisions`;
/*!40101 SET @saved_cs_client     = @@character_set_client */;
/*!40101 SET character_set_client = utf8 */;
CREATE TABLE `revisions` (
  `id` bigint(20) unsigned NOT NULL AUTO_INCREMENT,
  `revisionable_type` varchar(191) COLLATE utf8mb4_unicode_ci NOT NULL,
  `revisionable_id` int(11) NOT NULL,
  `user_id` int(11) DEFAULT NULL,
  `key` varchar(191) COLLATE utf8mb4_unicode_ci NOT NULL,
  `old_value` text COLLATE utf8mb4_unicode_ci DEFAULT NULL,
  `new_value` text COLLATE utf8mb4_unicode_ci DEFAULT NULL,
  `created_at` timestamp NULL DEFAULT NULL,
  `updated_at` timestamp NULL DEFAULT NULL,
  PRIMARY KEY (`id`),
  KEY `revisions_revisionable_id_revisionable_type_index` (`revisionable_id`,`revisionable_type`)
) ENGINE=InnoDB DEFAULT CHARSET=utf8mb4 COLLATE=utf8mb4_unicode_ci;
/*!40101 SET character_set_client = @saved_cs_client */;

--
-- Dumping data for table `revisions`
--

LOCK TABLES `revisions` WRITE;
/*!40000 ALTER TABLE `revisions` DISABLE KEYS */;
/*!40000 ALTER TABLE `revisions` ENABLE KEYS */;
UNLOCK TABLES;

--
-- Table structure for table `role_users`
--

DROP TABLE IF EXISTS `role_users`;
/*!40101 SET @saved_cs_client     = @@character_set_client */;
/*!40101 SET character_set_client = utf8 */;
CREATE TABLE `role_users` (
  `id` bigint(20) unsigned NOT NULL AUTO_INCREMENT,
  `user_id` int(10) unsigned NOT NULL,
  `role_id` int(10) unsigned NOT NULL,
  `created_at` timestamp NULL DEFAULT NULL,
  `updated_at` timestamp NULL DEFAULT NULL,
  PRIMARY KEY (`id`),
  KEY `role_users_user_id_index` (`user_id`),
  KEY `role_users_role_id_index` (`role_id`)
) ENGINE=InnoDB DEFAULT CHARSET=utf8mb4 COLLATE=utf8mb4_unicode_ci;
/*!40101 SET character_set_client = @saved_cs_client */;

--
-- Dumping data for table `role_users`
--

LOCK TABLES `role_users` WRITE;
/*!40000 ALTER TABLE `role_users` DISABLE KEYS */;
/*!40000 ALTER TABLE `role_users` ENABLE KEYS */;
UNLOCK TABLES;

--
-- Table structure for table `roles`
--

DROP TABLE IF EXISTS `roles`;
/*!40101 SET @saved_cs_client     = @@character_set_client */;
/*!40101 SET character_set_client = utf8 */;
CREATE TABLE `roles` (
  `id` bigint(20) unsigned NOT NULL AUTO_INCREMENT,
  `slug` varchar(120) COLLATE utf8mb4_unicode_ci NOT NULL,
  `name` varchar(120) COLLATE utf8mb4_unicode_ci NOT NULL,
  `permissions` text COLLATE utf8mb4_unicode_ci DEFAULT NULL,
  `description` varchar(255) COLLATE utf8mb4_unicode_ci DEFAULT NULL,
  `is_default` tinyint(3) unsigned NOT NULL DEFAULT 0,
  `created_by` int(10) unsigned NOT NULL,
  `updated_by` int(10) unsigned NOT NULL,
  `created_at` timestamp NULL DEFAULT NULL,
  `updated_at` timestamp NULL DEFAULT NULL,
  PRIMARY KEY (`id`),
  UNIQUE KEY `roles_slug_unique` (`slug`),
  KEY `roles_created_by_index` (`created_by`),
  KEY `roles_updated_by_index` (`updated_by`)
) ENGINE=InnoDB DEFAULT CHARSET=utf8mb4 COLLATE=utf8mb4_unicode_ci;
/*!40101 SET character_set_client = @saved_cs_client */;

--
-- Dumping data for table `roles`
--

LOCK TABLES `roles` WRITE;
/*!40000 ALTER TABLE `roles` DISABLE KEYS */;
/*!40000 ALTER TABLE `roles` ENABLE KEYS */;
UNLOCK TABLES;

--
-- Table structure for table `settings`
--

DROP TABLE IF EXISTS `settings`;
/*!40101 SET @saved_cs_client     = @@character_set_client */;
/*!40101 SET character_set_client = utf8 */;
CREATE TABLE `settings` (
  `id` bigint(20) unsigned NOT NULL AUTO_INCREMENT,
  `key` varchar(191) COLLATE utf8mb4_unicode_ci NOT NULL,
  `value` text COLLATE utf8mb4_unicode_ci DEFAULT NULL,
  `created_at` timestamp NULL DEFAULT NULL,
  `updated_at` timestamp NULL DEFAULT NULL,
  PRIMARY KEY (`id`),
  UNIQUE KEY `settings_key_unique` (`key`)
) ENGINE=InnoDB AUTO_INCREMENT=110 DEFAULT CHARSET=utf8mb4 COLLATE=utf8mb4_unicode_ci;
/*!40101 SET character_set_client = @saved_cs_client */;

--
-- Dumping data for table `settings`
--

LOCK TABLES `settings` WRITE;
/*!40000 ALTER TABLE `settings` DISABLE KEYS */;
INSERT INTO `settings` VALUES (1,'activated_plugins','[\"language\",\"language-advanced\",\"ads\",\"analytics\",\"audit-log\",\"backup\",\"blog\",\"captcha\",\"contact\",\"cookie-consent\",\"ecommerce\",\"mollie\",\"newsletter\",\"payment\",\"paystack\",\"razorpay\",\"simple-slider\",\"social-login\",\"sslcommerz\",\"translation\",\"faq\"]',NULL,NULL),(2,'payment_cod_status','1',NULL,NULL),(3,'payment_bank_transfer_status','1',NULL,NULL),(4,'permalink-botble-blog-models-post','blog',NULL,NULL),(5,'permalink-botble-blog-models-category','blog',NULL,NULL),(6,'permalink-botble-blog-models-tag','tag',NULL,NULL),(7,'payment_cod_description','Please pay money directly to the postman, if you choose cash on delivery method (COD).',NULL,NULL),(8,'payment_bank_transfer_description','Please send money to our bank account: ACB - 1990 404 19.',NULL,NULL),(9,'plugins_ecommerce_customer_new_order_status','0',NULL,NULL),(10,'plugins_ecommerce_admin_new_order_status','0',NULL,NULL),(11,'sale_popup_display_pages','[\"public.index\"]',NULL,NULL),(56,'language_hide_default','1',NULL,NULL),(57,'language_switcher_display','dropdown',NULL,NULL),(58,'language_display','all',NULL,NULL),(59,'language_hide_languages','[]',NULL,NULL),(60,'ecommerce_store_name','Wowy',NULL,NULL),(61,'ecommerce_store_phone','18006268',NULL,NULL),(62,'ecommerce_store_address','North Link Building, 10 Admiralty Street',NULL,NULL),(63,'ecommerce_store_state','Singapore',NULL,NULL),(64,'ecommerce_store_city','Singapore',NULL,NULL),(65,'ecommerce_store_country','SG',NULL,NULL),(66,'media_random_hash','40f5d1771ebafa08755a73dc502a2dd5',NULL,NULL),(77,'theme','wowy',NULL,NULL),(78,'admin_favicon','general/favicon.png',NULL,NULL),(79,'admin_logo','general/logo-light.png',NULL,NULL),(80,'theme-wowy-site_title','Wowy - Laravel Multipurpose eCommerce Script',NULL,NULL),(81,'theme-wowy-copyright','Copyright © 2021 Wowy all rights reserved. Powered by Botble.',NULL,NULL),(82,'theme-wowy-favicon','general/favicon.png',NULL,NULL),(83,'theme-wowy-logo','general/logo.png',NULL,NULL),(84,'theme-wowy-logo_light','general/logo-light.png',NULL,NULL),(85,'theme-wowy-seo_og_image','general/open-graph-image.png',NULL,NULL),(86,'theme-wowy-address','562 Wellington Road, Street 32, San Francisco',NULL,NULL),(87,'theme-wowy-hotline','1900 - 888',NULL,NULL),(88,'theme-wowy-phone','+01 2222 365 /(+91) 01 2345 6789',NULL,NULL),(89,'theme-wowy-working_hours','10:00 - 18:00, Mon - Sat',NULL,NULL),(90,'theme-wowy-homepage_id','1',NULL,NULL),(91,'theme-wowy-blog_page_id','5',NULL,NULL),(92,'theme-wowy-cookie_consent_message','Your experience on this site will be improved by allowing cookies ',NULL,NULL),(93,'theme-wowy-cookie_consent_learn_more_url','http://wowy.test/cookie-policy',NULL,NULL),(94,'theme-wowy-cookie_consent_learn_more_text','Cookie Policy',NULL,NULL),(95,'theme-wowy-payment_methods','general/payment-methods.png',NULL,NULL),(96,'theme-wowy-number_of_cross_sale_products_in_cart_page','4',NULL,NULL),(97,'theme-wowy-social_links','[[{\"key\":\"social-name\",\"value\":\"Facebook\"},{\"key\":\"social-icon\",\"value\":\"fab fa-facebook-f\"},{\"key\":\"social-url\",\"value\":\"https:\\/\\/www.facebook.com\\/\"},{\"key\":\"social-color\",\"value\":\"#3b5999\"}],[{\"key\":\"social-name\",\"value\":\"Twitter\"},{\"key\":\"social-icon\",\"value\":\"fab fa-twitter\"},{\"key\":\"social-url\",\"value\":\"https:\\/\\/www.twitter.com\\/\"},{\"key\":\"social-color\",\"value\":\"#55ACF9\"}],[{\"key\":\"social-name\",\"value\":\"Instagram\"},{\"key\":\"social-icon\",\"value\":\"fab fa-instagram\"},{\"key\":\"social-url\",\"value\":\"https:\\/\\/www.instagram.com\\/\"},{\"key\":\"social-color\",\"value\":\"#E1306C\"}],[{\"key\":\"social-name\",\"value\":\"Linkedin\"},{\"key\":\"social-icon\",\"value\":\"fab fa-linkedin\"},{\"key\":\"social-url\",\"value\":\"https:\\/\\/www.linkedin.com\\/\"},{\"key\":\"social-color\",\"value\":\"#007bb6\"}],[{\"key\":\"social-name\",\"value\":\"Pinterest\"},{\"key\":\"social-icon\",\"value\":\"fab fa-pinterest\"},{\"key\":\"social-url\",\"value\":\"https:\\/\\/www.pinterest.com\\/\"},{\"key\":\"social-color\",\"value\":\"#cb2027\"}]]',NULL,NULL),(98,'theme-wowy-header_messages','[[{\"key\":\"icon\",\"value\":\"fa fa-bell\"},{\"key\":\"message\",\"value\":\"<b class=\\\"text-success\\\"> Trendy 25<\\/b> silver jewelry, save up 35% off today\"},{\"key\":\"link\",\"value\":\"\\/products\"},{\"key\":\"link_text\",\"value\":\"Shop now\"}],[{\"key\":\"icon\",\"value\":\"fa fa-asterisk\"},{\"key\":\"message\",\"value\":\"<b class=\\\"text-danger\\\">Supper Value Deals<\\/b> - Save more with coupons\"},{\"key\":\"link\",\"value\":null},{\"key\":\"link_text\",\"value\":null}],[{\"key\":\"icon\",\"value\":\"fa fa-angle-double-right\"},{\"key\":\"message\",\"value\":\"Get great devices up to 50% off\"},{\"key\":\"link\",\"value\":\"\\/products\"},{\"key\":\"link_text\",\"value\":\"View details\"}]]',NULL,NULL),(99,'theme-wowy-contact_info_boxes','[[{\"key\":\"name\",\"value\":\"Head Office\"},{\"key\":\"address\",\"value\":\"205 North Michigan Avenue, Suite 810, Chicago, 60601, USA\"},{\"key\":\"phone\",\"value\":\"(+01) 234 567\"},{\"key\":\"email\",\"value\":\"office@botble.com\"}],[{\"key\":\"name\",\"value\":\"Our Studio\"},{\"key\":\"address\",\"value\":\"205 North Michigan Avenue, Suite 810, Chicago, 60601, USA\"},{\"key\":\"phone\",\"value\":\"(+01) 234 567\"},{\"key\":\"email\",\"value\":\"studio@botble.com\"}],[{\"key\":\"name\",\"value\":\"Our Shop\"},{\"key\":\"address\",\"value\":\"205 North Michigan Avenue, Suite 810, Chicago, 60601, USA\"},{\"key\":\"phone\",\"value\":\"(+01) 234 567\"},{\"key\":\"email\",\"value\":\"shop@botble.com\"}]]',NULL,NULL),(100,'theme-wowy-vi-font_text','Roboto Condensed',NULL,NULL),(101,'theme-wowy-vi-copyright','Bản quyền © 2021 Wowy tất cả quyền đã được bảo hộ. Phát triển bởi Botble.',NULL,NULL),(102,'theme-wowy-vi-working_hours','10:00 - 18:00, Thứ Hai - Thứ Bảy',NULL,NULL),(103,'theme-wowy-vi-cookie_consent_message','Trải nghiệm của bạn trên trang web này sẽ được cải thiện bằng cách cho phép cookie ',NULL,NULL),(104,'theme-wowy-vi-cookie_consent_learn_more_url','http://wowy.test/cookie-policy',NULL,NULL),(105,'theme-wowy-vi-cookie_consent_learn_more_text','Chính sách cookie',NULL,NULL),(106,'theme-wowy-vi-homepage_id','1',NULL,NULL),(107,'theme-wowy-vi-blog_page_id','5',NULL,NULL),(108,'theme-wowy-vi-header_messages','[[{\"key\":\"icon\",\"value\":\"fa fa-bell\"},{\"key\":\"message\",\"value\":\"<b class=\\\"text-success\\\">Trang s\\u1ee9c b\\u1ea1c 25 <\\/b> th\\u1eddi th\\u01b0\\u1ee3ng, ti\\u1ebft ki\\u1ec7m \\u0111\\u1ebfn 35%\"},{\"key\":\"link\",\"value\":\"\\/products\"},{\"key\":\"link_text\",\"value\":\"Mua ngay\"}],[{\"key\":\"icon\",\"value\":\"fa fa-asterisk\"},{\"key\":\"message\",\"value\":\"<b class=\\\"text-danger\\\">\\u01afu \\u0111\\u00e3i si\\u00eau gi\\u00e1 tr\\u1ecb <\\/b> - Ti\\u1ebft ki\\u1ec7m h\\u01a1n v\\u1edbi phi\\u1ebfu th\\u01b0\\u1edfng\"},{\"key\":\"link\",\"value\":null},{\"key\":\"link_text\",\"value\":null}],[{\"key\":\"icon\",\"value\":\"fa fa-angle-double-right\"},{\"key\":\"message\",\"value\":\"Nh\\u1eadn c\\u00e1c s\\u1ea3n ph\\u1ea9m tuy\\u1ec7t v\\u1eddi gi\\u1ea3m gi\\u00e1 t\\u1edbi 50%\"},{\"key\":\"link\",\"value\":\"\\/products\"},{\"key\":\"link_text\",\"value\":\"Xem chi ti\\u1ebft\"}]]',NULL,NULL),(109,'theme-wowy-vi-contact_info_boxes','[[{\"key\":\"name\",\"value\":\"Tr\\u1ee5 s\\u1edf ch\\u00ednh\"},{\"key\":\"address\",\"value\":\"205 North Michigan Avenue, Suite 810, Chicago, 60601, USA\"},{\"key\":\"phone\",\"value\":\"(+01) 234 567\"},{\"key\":\"email\",\"value\":\"office@botble.com\"}],[{\"key\":\"name\",\"value\":\"Gian h\\u00e0ng tr\\u01b0ng b\\u00e0y\"},{\"key\":\"address\",\"value\":\"205 North Michigan Avenue, Suite 810, Chicago, 60601, USA\"},{\"key\":\"phone\",\"value\":\"(+01) 234 567\"},{\"key\":\"email\",\"value\":\"studio@botble.com\"}],[{\"key\":\"name\",\"value\":\"C\\u1eeda h\\u00e0ng\"},{\"key\":\"address\",\"value\":\"205 North Michigan Avenue, Suite 810, Chicago, 60601, USA\"},{\"key\":\"phone\",\"value\":\"(+01) 234 567\"},{\"key\":\"email\",\"value\":\"shop@botble.com\"}]]',NULL,NULL);
/*!40000 ALTER TABLE `settings` ENABLE KEYS */;
UNLOCK TABLES;

--
-- Table structure for table `simple_slider_items`
--

DROP TABLE IF EXISTS `simple_slider_items`;
/*!40101 SET @saved_cs_client     = @@character_set_client */;
/*!40101 SET character_set_client = utf8 */;
CREATE TABLE `simple_slider_items` (
  `id` bigint(20) unsigned NOT NULL AUTO_INCREMENT,
  `simple_slider_id` int(10) unsigned NOT NULL,
  `title` varchar(255) COLLATE utf8mb4_unicode_ci DEFAULT NULL,
  `image` varchar(255) COLLATE utf8mb4_unicode_ci NOT NULL,
  `link` varchar(255) COLLATE utf8mb4_unicode_ci DEFAULT NULL,
  `description` text COLLATE utf8mb4_unicode_ci DEFAULT NULL,
  `order` int(10) unsigned NOT NULL DEFAULT 0,
  `created_at` timestamp NULL DEFAULT NULL,
  `updated_at` timestamp NULL DEFAULT NULL,
  PRIMARY KEY (`id`)
) ENGINE=InnoDB AUTO_INCREMENT=23 DEFAULT CHARSET=utf8mb4 COLLATE=utf8mb4_unicode_ci;
/*!40101 SET character_set_client = @saved_cs_client */;

--
-- Dumping data for table `simple_slider_items`
--

LOCK TABLES `simple_slider_items` WRITE;
/*!40000 ALTER TABLE `simple_slider_items` DISABLE KEYS */;
INSERT INTO `simple_slider_items` VALUES (1,1,'Super Value Deals','sliders/1-1.png','/products','Save more with coupons & up to 70% off',1,'2022-01-04 21:11:32','2022-01-04 21:11:32'),(2,1,'Tech Trending','sliders/1-2.png','/products','Save more with coupons & up to 20% off',2,'2022-01-04 21:11:32','2022-01-04 21:11:32'),(3,1,'Big Deals From','sliders/1-3.png','/products','Headphone, Gaming Laptop, PC and more...',3,'2022-01-04 21:11:32','2022-01-04 21:11:32'),(4,2,'Super Value Deals','sliders/2-1.png','/products','Save more with coupons & up to 70% off',1,'2022-01-04 21:11:32','2022-01-04 21:11:32'),(5,2,'Tech Trending','sliders/2-2.png','/products','Save more with coupons & up to 20% off',2,'2022-01-04 21:11:32','2022-01-04 21:11:32'),(6,2,'Big Deals From','sliders/2-3.png','/products','Headphone, Gaming Laptop, PC and more...',3,'2022-01-04 21:11:32','2022-01-04 21:11:32'),(7,3,'Super Value Deals','sliders/3-1.png','/products','Save more with coupons & up to 70% off',1,'2022-01-04 21:11:32','2022-01-04 21:11:32'),(8,3,'Tech Trending','sliders/3-2.png','/products','Save more with coupons & up to 20% off',2,'2022-01-04 21:11:32','2022-01-04 21:11:32'),(9,4,'Super Value Deals','sliders/4-1.png','/products','Save more with coupons & up to 70% off',1,'2022-01-04 21:11:32','2022-01-04 21:11:32'),(10,4,'Tech Trending','sliders/4-2.png','/products','Save more with coupons & up to 20% off',2,'2022-01-04 21:11:32','2022-01-04 21:11:32'),(11,4,'Big Deals From','sliders/4-3.png','/products','Headphone, Gaming Laptop, PC and more...',3,'2022-01-04 21:11:32','2022-01-04 21:11:32'),(12,5,'Giảm giá đặc biệt','sliders/1-1.png','/products','Tiết kiệm hơn với mã giảm giá 70%',1,'2022-01-04 21:11:32','2022-01-04 21:11:32'),(13,5,'Công nghệ nổi bật','sliders/1-2.png','/products','Tiết kiệm hơn với mã giảm giá 20%',2,'2022-01-04 21:11:32','2022-01-04 21:11:32'),(14,5,'Giảm giá lớn nhất từ','sliders/1-3.png','/products','Tai nghe, Máy tính chơi game, PC và hơn nữa...',3,'2022-01-04 21:11:32','2022-01-04 21:11:32'),(15,6,'Giảm giá đặc biệt','sliders/2-1.png','/products','Tiết kiệm hơn với mã giảm giá 70%',1,'2022-01-04 21:11:32','2022-01-04 21:11:32'),(16,6,'Công nghệ nổi bật','sliders/2-2.png','/products','Tiết kiệm hơn với mã giảm giá 20%',2,'2022-01-04 21:11:32','2022-01-04 21:11:32'),(17,6,'Giảm giá lớn nhất từ','sliders/2-3.png','/products','Tai nghe, Máy tính chơi game, PC và hơn nữa...',3,'2022-01-04 21:11:32','2022-01-04 21:11:32'),(18,7,'Giảm giá đặc biệt','sliders/3-1.png','/products','Tiết kiệm hơn với mã giảm giá 70%',1,'2022-01-04 21:11:32','2022-01-04 21:11:32'),(19,7,'Công nghệ nổi bật','sliders/3-2.png','/products','Tiết kiệm hơn với mã giảm giá 20%',2,'2022-01-04 21:11:32','2022-01-04 21:11:32'),(20,8,'Giảm giá đặc biệt','sliders/4-1.png','/products','Tiết kiệm hơn với mã giảm giá 70%',1,'2022-01-04 21:11:32','2022-01-04 21:11:32'),(21,8,'Công nghệ nổi bật','sliders/4-2.png','/products','Tiết kiệm hơn với mã giảm giá 20%',2,'2022-01-04 21:11:33','2022-01-04 21:11:33'),(22,8,'Giảm giá lớn nhất từ','sliders/4-3.png','/products','Tai nghe, Máy tính chơi game, PC và hơn nữa...',3,'2022-01-04 21:11:33','2022-01-04 21:11:33');
/*!40000 ALTER TABLE `simple_slider_items` ENABLE KEYS */;
UNLOCK TABLES;

--
-- Table structure for table `simple_sliders`
--

DROP TABLE IF EXISTS `simple_sliders`;
/*!40101 SET @saved_cs_client     = @@character_set_client */;
/*!40101 SET character_set_client = utf8 */;
CREATE TABLE `simple_sliders` (
  `id` bigint(20) unsigned NOT NULL AUTO_INCREMENT,
  `name` varchar(120) COLLATE utf8mb4_unicode_ci NOT NULL,
  `key` varchar(120) COLLATE utf8mb4_unicode_ci NOT NULL,
  `description` varchar(255) COLLATE utf8mb4_unicode_ci DEFAULT NULL,
  `status` varchar(60) COLLATE utf8mb4_unicode_ci NOT NULL DEFAULT 'published',
  `created_at` timestamp NULL DEFAULT NULL,
  `updated_at` timestamp NULL DEFAULT NULL,
  PRIMARY KEY (`id`)
) ENGINE=InnoDB AUTO_INCREMENT=9 DEFAULT CHARSET=utf8mb4 COLLATE=utf8mb4_unicode_ci;
/*!40101 SET character_set_client = @saved_cs_client */;

--
-- Dumping data for table `simple_sliders`
--

LOCK TABLES `simple_sliders` WRITE;
/*!40000 ALTER TABLE `simple_sliders` DISABLE KEYS */;
INSERT INTO `simple_sliders` VALUES (1,'Home slider 1','home-slider-1',NULL,'published','2022-01-04 21:11:32','2022-01-04 21:11:32'),(2,'Home slider 2','home-slider-2',NULL,'published','2022-01-04 21:11:32','2022-01-04 21:11:32'),(3,'Home slider 3','home-slider-3',NULL,'published','2022-01-04 21:11:32','2022-01-04 21:11:32'),(4,'Home slider 4','home-slider-4',NULL,'published','2022-01-04 21:11:32','2022-01-04 21:11:32'),(5,'Slider trang chủ 1','slider-trang-chu-1',NULL,'published','2022-01-04 21:11:32','2022-01-04 21:11:32'),(6,'Slider trang chủ 2','slider-trang-chu-2',NULL,'published','2022-01-04 21:11:32','2022-01-04 21:11:32'),(7,'Slider trang chủ 3','slider-trang-chu-3',NULL,'published','2022-01-04 21:11:32','2022-01-04 21:11:32'),(8,'Slider trang chủ 4','slider-trang-chu-4',NULL,'published','2022-01-04 21:11:32','2022-01-04 21:11:32');
/*!40000 ALTER TABLE `simple_sliders` ENABLE KEYS */;
UNLOCK TABLES;

--
-- Table structure for table `slugs`
--

DROP TABLE IF EXISTS `slugs`;
/*!40101 SET @saved_cs_client     = @@character_set_client */;
/*!40101 SET character_set_client = utf8 */;
CREATE TABLE `slugs` (
  `id` bigint(20) unsigned NOT NULL AUTO_INCREMENT,
  `key` varchar(255) COLLATE utf8mb4_unicode_ci NOT NULL,
  `reference_id` int(10) unsigned NOT NULL,
  `reference_type` varchar(255) COLLATE utf8mb4_unicode_ci NOT NULL,
  `prefix` varchar(120) COLLATE utf8mb4_unicode_ci DEFAULT '',
  `created_at` timestamp NULL DEFAULT NULL,
  `updated_at` timestamp NULL DEFAULT NULL,
  PRIMARY KEY (`id`)
) ENGINE=InnoDB AUTO_INCREMENT=101 DEFAULT CHARSET=utf8mb4 COLLATE=utf8mb4_unicode_ci;
/*!40101 SET character_set_client = @saved_cs_client */;

--
-- Dumping data for table `slugs`
--

LOCK TABLES `slugs` WRITE;
/*!40000 ALTER TABLE `slugs` DISABLE KEYS */;
INSERT INTO `slugs` VALUES (1,'perxsion',1,'Botble\\Ecommerce\\Models\\Brand','brands','2022-01-04 21:10:45','2022-01-04 21:10:45'),(2,'hiching',2,'Botble\\Ecommerce\\Models\\Brand','brands','2022-01-04 21:10:45','2022-01-04 21:10:45'),(3,'kepslo',3,'Botble\\Ecommerce\\Models\\Brand','brands','2022-01-04 21:10:45','2022-01-04 21:10:45'),(4,'groneba',4,'Botble\\Ecommerce\\Models\\Brand','brands','2022-01-04 21:10:45','2022-01-04 21:10:45'),(5,'babian',5,'Botble\\Ecommerce\\Models\\Brand','brands','2022-01-04 21:10:45','2022-01-04 21:10:45'),(6,'valorant',6,'Botble\\Ecommerce\\Models\\Brand','brands','2022-01-04 21:10:45','2022-01-04 21:10:45'),(7,'pure',7,'Botble\\Ecommerce\\Models\\Brand','brands','2022-01-04 21:10:45','2022-01-04 21:10:45'),(8,'hot-promotions',1,'Botble\\Ecommerce\\Models\\ProductCategory','product-categories','2022-01-04 21:10:47','2022-01-04 21:10:47'),(9,'electronics',2,'Botble\\Ecommerce\\Models\\ProductCategory','product-categories','2022-01-04 21:10:47','2022-01-04 21:10:47'),(10,'home-audio-theaters',3,'Botble\\Ecommerce\\Models\\ProductCategory','product-categories','2022-01-04 21:10:47','2022-01-04 21:10:47'),(11,'tv-videos',4,'Botble\\Ecommerce\\Models\\ProductCategory','product-categories','2022-01-04 21:10:47','2022-01-04 21:10:47'),(12,'camera-photos-videos',5,'Botble\\Ecommerce\\Models\\ProductCategory','product-categories','2022-01-04 21:10:47','2022-01-04 21:10:47'),(13,'cellphones-accessories',6,'Botble\\Ecommerce\\Models\\ProductCategory','product-categories','2022-01-04 21:10:47','2022-01-04 21:10:47'),(14,'headphones',7,'Botble\\Ecommerce\\Models\\ProductCategory','product-categories','2022-01-04 21:10:47','2022-01-04 21:10:47'),(15,'videos-games',8,'Botble\\Ecommerce\\Models\\ProductCategory','product-categories','2022-01-04 21:10:47','2022-01-04 21:10:47'),(16,'wireless-speakers',9,'Botble\\Ecommerce\\Models\\ProductCategory','product-categories','2022-01-04 21:10:47','2022-01-04 21:10:47'),(17,'office-electronic',10,'Botble\\Ecommerce\\Models\\ProductCategory','product-categories','2022-01-04 21:10:47','2022-01-04 21:10:47'),(18,'clothing',11,'Botble\\Ecommerce\\Models\\ProductCategory','product-categories','2022-01-04 21:10:47','2022-01-04 21:10:47'),(19,'computers',12,'Botble\\Ecommerce\\Models\\ProductCategory','product-categories','2022-01-04 21:10:47','2022-01-04 21:10:47'),(20,'computer-tablets',13,'Botble\\Ecommerce\\Models\\ProductCategory','product-categories','2022-01-04 21:10:47','2022-01-04 21:10:47'),(21,'laptop',14,'Botble\\Ecommerce\\Models\\ProductCategory','product-categories','2022-01-04 21:10:47','2022-01-04 21:10:47'),(22,'monitors',15,'Botble\\Ecommerce\\Models\\ProductCategory','product-categories','2022-01-04 21:10:47','2022-01-04 21:10:47'),(23,'computer-components',16,'Botble\\Ecommerce\\Models\\ProductCategory','product-categories','2022-01-04 21:10:47','2022-01-04 21:10:47'),(24,'home-kitchen',17,'Botble\\Ecommerce\\Models\\ProductCategory','product-categories','2022-01-04 21:10:47','2022-01-04 21:10:47'),(25,'health-beauty',18,'Botble\\Ecommerce\\Models\\ProductCategory','product-categories','2022-01-04 21:10:47','2022-01-04 21:10:47'),(26,'jewelry-watch',19,'Botble\\Ecommerce\\Models\\ProductCategory','product-categories','2022-01-04 21:10:47','2022-01-04 21:10:47'),(27,'technology-toys',20,'Botble\\Ecommerce\\Models\\ProductCategory','product-categories','2022-01-04 21:10:47','2022-01-04 21:10:47'),(28,'drive-storages',21,'Botble\\Ecommerce\\Models\\ProductCategory','product-categories','2022-01-04 21:10:47','2022-01-04 21:10:47'),(29,'gaming-laptop',22,'Botble\\Ecommerce\\Models\\ProductCategory','product-categories','2022-01-04 21:10:47','2022-01-04 21:10:47'),(30,'security-protection',23,'Botble\\Ecommerce\\Models\\ProductCategory','product-categories','2022-01-04 21:10:47','2022-01-04 21:10:47'),(31,'accessories',24,'Botble\\Ecommerce\\Models\\ProductCategory','product-categories','2022-01-04 21:10:47','2022-01-04 21:10:47'),(32,'phones',25,'Botble\\Ecommerce\\Models\\ProductCategory','product-categories','2022-01-04 21:10:47','2022-01-04 21:10:47'),(33,'babies-moms',26,'Botble\\Ecommerce\\Models\\ProductCategory','product-categories','2022-01-04 21:10:47','2022-01-04 21:10:47'),(34,'sport-outdoor',27,'Botble\\Ecommerce\\Models\\ProductCategory','product-categories','2022-01-04 21:10:47','2022-01-04 21:10:47'),(35,'books-office',28,'Botble\\Ecommerce\\Models\\ProductCategory','product-categories','2022-01-04 21:10:47','2022-01-04 21:10:47'),(36,'cars-motorcycles',29,'Botble\\Ecommerce\\Models\\ProductCategory','product-categories','2022-01-04 21:10:47','2022-01-04 21:10:47'),(37,'home-improvements',30,'Botble\\Ecommerce\\Models\\ProductCategory','product-categories','2022-01-04 21:10:47','2022-01-04 21:10:47'),(38,'wallet',1,'Botble\\Ecommerce\\Models\\ProductTag','product-tags','2022-01-04 21:10:47','2022-01-04 21:10:47'),(39,'bags',2,'Botble\\Ecommerce\\Models\\ProductTag','product-tags','2022-01-04 21:10:47','2022-01-04 21:10:47'),(40,'shoes',3,'Botble\\Ecommerce\\Models\\ProductTag','product-tags','2022-01-04 21:10:47','2022-01-04 21:10:47'),(41,'clothes',4,'Botble\\Ecommerce\\Models\\ProductTag','product-tags','2022-01-04 21:10:47','2022-01-04 21:10:47'),(42,'hand-bag',5,'Botble\\Ecommerce\\Models\\ProductTag','product-tags','2022-01-04 21:10:47','2022-01-04 21:10:47'),(43,'smart-home-speaker',1,'Botble\\Ecommerce\\Models\\Product','products','2022-01-04 21:11:18','2022-01-04 21:11:18'),(44,'headphone-ultra-bass',2,'Botble\\Ecommerce\\Models\\Product','products','2022-01-04 21:11:18','2022-01-04 21:11:18'),(45,'boxed-bluetooth-headphone',3,'Botble\\Ecommerce\\Models\\Product','products','2022-01-04 21:11:18','2022-01-04 21:11:18'),(46,'chikie-bluetooth-speaker',4,'Botble\\Ecommerce\\Models\\Product','products','2022-01-04 21:11:18','2022-01-04 21:11:18'),(47,'camera-hikvision-hk-35vs8',5,'Botble\\Ecommerce\\Models\\Product','products','2022-01-04 21:11:18','2022-01-04 21:11:18'),(48,'camera-samsung-ss-24',6,'Botble\\Ecommerce\\Models\\Product','products','2022-01-04 21:11:18','2022-01-04 21:11:18'),(49,'leather-watch-band',7,'Botble\\Ecommerce\\Models\\Product','products','2022-01-04 21:11:18','2022-01-04 21:11:18'),(50,'apple-iphone-13-plus',8,'Botble\\Ecommerce\\Models\\Product','products','2022-01-04 21:11:18','2022-01-04 21:11:18'),(51,'macbook-pro-2015',9,'Botble\\Ecommerce\\Models\\Product','products','2022-01-04 21:11:18','2022-01-04 21:11:18'),(52,'macbook-air-12-inch',10,'Botble\\Ecommerce\\Models\\Product','products','2022-01-04 21:11:18','2022-01-04 21:11:18'),(53,'apple-watch-serial-7',11,'Botble\\Ecommerce\\Models\\Product','products','2022-01-04 21:11:18','2022-01-04 21:11:18'),(54,'macbook-pro-13-inch',12,'Botble\\Ecommerce\\Models\\Product','products','2022-01-04 21:11:18','2022-01-04 21:11:18'),(55,'apple-keyboard',13,'Botble\\Ecommerce\\Models\\Product','products','2022-01-04 21:11:18','2022-01-04 21:11:18'),(56,'macsafe-80w',14,'Botble\\Ecommerce\\Models\\Product','products','2022-01-04 21:11:18','2022-01-04 21:11:18'),(57,'hand-playstation',15,'Botble\\Ecommerce\\Models\\Product','products','2022-01-04 21:11:18','2022-01-04 21:11:18'),(58,'apple-airpods-serial-3',16,'Botble\\Ecommerce\\Models\\Product','products','2022-01-04 21:11:18','2022-01-04 21:11:18'),(59,'cool-smart-watches',17,'Botble\\Ecommerce\\Models\\Product','products','2022-01-04 21:11:18','2022-01-04 21:11:18'),(60,'black-smart-watches',18,'Botble\\Ecommerce\\Models\\Product','products','2022-01-04 21:11:18','2022-01-04 21:11:18'),(61,'leather-watch-band-serial-3',19,'Botble\\Ecommerce\\Models\\Product','products','2022-01-04 21:11:18','2022-01-04 21:11:18'),(62,'macbook-pro-2015-13-inch',20,'Botble\\Ecommerce\\Models\\Product','products','2022-01-04 21:11:18','2022-01-04 21:11:18'),(63,'historic-alarm-clock',21,'Botble\\Ecommerce\\Models\\Product','products','2022-01-04 21:11:18','2022-01-04 21:11:18'),(64,'black-glasses',22,'Botble\\Ecommerce\\Models\\Product','products','2022-01-04 21:11:18','2022-01-04 21:11:18'),(65,'phillips-mouse',23,'Botble\\Ecommerce\\Models\\Product','products','2022-01-04 21:11:18','2022-01-04 21:11:18'),(66,'gaming-keyboard',24,'Botble\\Ecommerce\\Models\\Product','products','2022-01-04 21:11:18','2022-01-04 21:11:18'),(67,'ecommerce',1,'Botble\\Blog\\Models\\Category','blog','2022-01-04 21:11:38','2022-01-04 21:11:38'),(68,'fashion',2,'Botble\\Blog\\Models\\Category','blog','2022-01-04 21:11:38','2022-01-04 21:11:38'),(69,'electronic',3,'Botble\\Blog\\Models\\Category','blog','2022-01-04 21:11:38','2022-01-04 21:11:38'),(70,'commercial',4,'Botble\\Blog\\Models\\Category','blog','2022-01-04 21:11:38','2022-01-04 21:11:38'),(71,'general',1,'Botble\\Blog\\Models\\Tag','tag','2022-01-04 21:11:38','2022-01-04 21:11:38'),(72,'design',2,'Botble\\Blog\\Models\\Tag','tag','2022-01-04 21:11:38','2022-01-04 21:11:38'),(73,'fashion',3,'Botble\\Blog\\Models\\Tag','tag','2022-01-04 21:11:38','2022-01-04 21:11:38'),(74,'branding',4,'Botble\\Blog\\Models\\Tag','tag','2022-01-04 21:11:38','2022-01-04 21:11:38'),(75,'modern',5,'Botble\\Blog\\Models\\Tag','tag','2022-01-04 21:11:38','2022-01-04 21:11:38'),(76,'4-expert-tips-on-how-to-choose-the-right-mens-wallet',1,'Botble\\Blog\\Models\\Post','blog','2022-01-04 21:11:38','2022-01-04 21:11:38'),(77,'sexy-clutches-how-to-buy-wear-a-designer-clutch-bag',2,'Botble\\Blog\\Models\\Post','blog','2022-01-04 21:11:38','2022-01-04 21:11:38'),(78,'the-top-2020-handbag-trends-to-know',3,'Botble\\Blog\\Models\\Post','blog','2022-01-04 21:11:38','2022-01-04 21:11:38'),(79,'how-to-match-the-color-of-your-handbag-with-an-outfit',4,'Botble\\Blog\\Models\\Post','blog','2022-01-04 21:11:38','2022-01-04 21:11:38'),(80,'how-to-care-for-leather-bags',5,'Botble\\Blog\\Models\\Post','blog','2022-01-04 21:11:38','2022-01-04 21:11:38'),(81,'were-crushing-hard-on-summers-10-biggest-bag-trends',6,'Botble\\Blog\\Models\\Post','blog','2022-01-04 21:11:38','2022-01-04 21:11:38'),(82,'essential-qualities-of-highly-successful-music',7,'Botble\\Blog\\Models\\Post','blog','2022-01-04 21:11:38','2022-01-04 21:11:38'),(83,'9-things-i-love-about-shaving-my-head',8,'Botble\\Blog\\Models\\Post','blog','2022-01-04 21:11:38','2022-01-04 21:11:38'),(84,'why-teamwork-really-makes-the-dream-work',9,'Botble\\Blog\\Models\\Post','blog','2022-01-04 21:11:38','2022-01-04 21:11:38'),(85,'the-world-caters-to-average-people',10,'Botble\\Blog\\Models\\Post','blog','2022-01-04 21:11:38','2022-01-04 21:11:38'),(86,'the-litigants-on-the-screen-are-not-actors',11,'Botble\\Blog\\Models\\Post','blog','2022-01-04 21:11:38','2022-01-04 21:11:38'),(87,'homepage',1,'Botble\\Page\\Models\\Page','','2022-01-04 21:11:38','2022-01-04 21:11:38'),(88,'homepage-2',2,'Botble\\Page\\Models\\Page','','2022-01-04 21:11:38','2022-01-04 21:11:38'),(89,'homepage-3',3,'Botble\\Page\\Models\\Page','','2022-01-04 21:11:38','2022-01-04 21:11:38'),(90,'homepage-4',4,'Botble\\Page\\Models\\Page','','2022-01-04 21:11:38','2022-01-04 21:11:38'),(91,'blog',5,'Botble\\Page\\Models\\Page','','2022-01-04 21:11:38','2022-01-04 21:11:38'),(92,'contact',6,'Botble\\Page\\Models\\Page','','2022-01-04 21:11:38','2022-01-04 21:11:38'),(93,'about-us',7,'Botble\\Page\\Models\\Page','','2022-01-04 21:11:38','2022-01-04 21:11:38'),(94,'cookie-policy',8,'Botble\\Page\\Models\\Page','','2022-01-04 21:11:38','2022-01-04 21:11:38'),(95,'terms-conditions',9,'Botble\\Page\\Models\\Page','','2022-01-04 21:11:38','2022-01-04 21:11:38'),(96,'returns-exchanges',10,'Botble\\Page\\Models\\Page','','2022-01-04 21:11:38','2022-01-04 21:11:38'),(97,'shipping-delivery',11,'Botble\\Page\\Models\\Page','','2022-01-04 21:11:38','2022-01-04 21:11:38'),(98,'privacy-policy',12,'Botble\\Page\\Models\\Page','','2022-01-04 21:11:38','2022-01-04 21:11:38'),(99,'blog-left-sidebar',13,'Botble\\Page\\Models\\Page','','2022-01-04 21:11:38','2022-01-04 21:11:38'),(100,'faq',14,'Botble\\Page\\Models\\Page','','2022-01-04 21:11:38','2022-01-04 21:11:38');
/*!40000 ALTER TABLE `slugs` ENABLE KEYS */;
UNLOCK TABLES;

--
-- Table structure for table `tags`
--

DROP TABLE IF EXISTS `tags`;
/*!40101 SET @saved_cs_client     = @@character_set_client */;
/*!40101 SET character_set_client = utf8 */;
CREATE TABLE `tags` (
  `id` bigint(20) unsigned NOT NULL AUTO_INCREMENT,
  `name` varchar(120) COLLATE utf8mb4_unicode_ci NOT NULL,
  `author_id` int(11) NOT NULL,
  `author_type` varchar(255) COLLATE utf8mb4_unicode_ci NOT NULL DEFAULT 'Botble\\ACL\\Models\\User',
  `description` varchar(400) COLLATE utf8mb4_unicode_ci DEFAULT '',
  `status` varchar(60) COLLATE utf8mb4_unicode_ci NOT NULL DEFAULT 'published',
  `created_at` timestamp NULL DEFAULT NULL,
  `updated_at` timestamp NULL DEFAULT NULL,
  PRIMARY KEY (`id`)
) ENGINE=InnoDB AUTO_INCREMENT=6 DEFAULT CHARSET=utf8mb4 COLLATE=utf8mb4_unicode_ci;
/*!40101 SET character_set_client = @saved_cs_client */;

--
-- Dumping data for table `tags`
--

LOCK TABLES `tags` WRITE;
/*!40000 ALTER TABLE `tags` DISABLE KEYS */;
INSERT INTO `tags` VALUES (1,'General',1,'Botble\\ACL\\Models\\User','','published','2022-01-04 21:11:38','2022-01-04 21:11:38'),(2,'Design',1,'Botble\\ACL\\Models\\User','','published','2022-01-04 21:11:38','2022-01-04 21:11:38'),(3,'Fashion',1,'Botble\\ACL\\Models\\User','','published','2022-01-04 21:11:38','2022-01-04 21:11:38'),(4,'Branding',1,'Botble\\ACL\\Models\\User','','published','2022-01-04 21:11:38','2022-01-04 21:11:38'),(5,'Modern',1,'Botble\\ACL\\Models\\User','','published','2022-01-04 21:11:38','2022-01-04 21:11:38');
/*!40000 ALTER TABLE `tags` ENABLE KEYS */;
UNLOCK TABLES;

--
-- Table structure for table `tags_translations`
--

DROP TABLE IF EXISTS `tags_translations`;
/*!40101 SET @saved_cs_client     = @@character_set_client */;
/*!40101 SET character_set_client = utf8 */;
CREATE TABLE `tags_translations` (
  `lang_code` varchar(191) COLLATE utf8mb4_unicode_ci NOT NULL,
  `tags_id` int(11) NOT NULL,
  `name` varchar(255) COLLATE utf8mb4_unicode_ci DEFAULT NULL,
  `description` varchar(400) COLLATE utf8mb4_unicode_ci DEFAULT NULL,
  PRIMARY KEY (`lang_code`,`tags_id`)
) ENGINE=InnoDB DEFAULT CHARSET=utf8mb4 COLLATE=utf8mb4_unicode_ci;
/*!40101 SET character_set_client = @saved_cs_client */;

--
-- Dumping data for table `tags_translations`
--

LOCK TABLES `tags_translations` WRITE;
/*!40000 ALTER TABLE `tags_translations` DISABLE KEYS */;
INSERT INTO `tags_translations` VALUES ('vi',1,'Chung',NULL),('vi',2,'Thiết kế',NULL),('vi',3,'Thời trang',NULL),('vi',4,'Thương hiệu',NULL),('vi',5,'Hiện đại',NULL);
/*!40000 ALTER TABLE `tags_translations` ENABLE KEYS */;
UNLOCK TABLES;

--
-- Table structure for table `translations`
--

DROP TABLE IF EXISTS `translations`;
/*!40101 SET @saved_cs_client     = @@character_set_client */;
/*!40101 SET character_set_client = utf8 */;
CREATE TABLE `translations` (
  `id` bigint(20) unsigned NOT NULL AUTO_INCREMENT,
  `status` int(11) NOT NULL DEFAULT 0,
  `locale` varchar(191) COLLATE utf8mb4_unicode_ci NOT NULL,
  `group` varchar(191) COLLATE utf8mb4_unicode_ci NOT NULL,
  `key` varchar(191) COLLATE utf8mb4_unicode_ci NOT NULL,
  `value` text COLLATE utf8mb4_unicode_ci DEFAULT NULL,
  `created_at` timestamp NULL DEFAULT NULL,
  `updated_at` timestamp NULL DEFAULT NULL,
  PRIMARY KEY (`id`)
) ENGINE=InnoDB AUTO_INCREMENT=4107 DEFAULT CHARSET=utf8mb4 COLLATE=utf8mb4_unicode_ci;
/*!40101 SET character_set_client = @saved_cs_client */;

--
-- Dumping data for table `translations`
--

LOCK TABLES `translations` WRITE;
/*!40000 ALTER TABLE `translations` DISABLE KEYS */;
INSERT INTO `translations` VALUES (1,1,'en','auth','failed','These credentials do not match our records.','2022-01-04 21:11:47','2022-01-04 21:11:47'),(2,1,'en','auth','password','The provided password is incorrect.','2022-01-04 21:11:47','2022-01-04 21:11:47'),(3,1,'en','auth','throttle','Too many login attempts. Please try again in :seconds seconds.','2022-01-04 21:11:47','2022-01-04 21:11:47'),(4,1,'en','pagination','previous','&laquo; Previous','2022-01-04 21:11:47','2022-01-04 21:11:47'),(5,1,'en','pagination','next','Next &raquo;','2022-01-04 21:11:47','2022-01-04 21:11:47'),(6,1,'en','passwords','reset','Your password has been reset!','2022-01-04 21:11:47','2022-01-04 21:11:47'),(7,1,'en','passwords','sent','We have emailed your password reset link!','2022-01-04 21:11:47','2022-01-04 21:11:47'),(8,1,'en','passwords','throttled','Please wait before retrying.','2022-01-04 21:11:47','2022-01-04 21:11:47'),(9,1,'en','passwords','token','This password reset token is invalid.','2022-01-04 21:11:47','2022-01-04 21:11:47'),(10,1,'en','passwords','user','We can\'t find a user with that email address.','2022-01-04 21:11:47','2022-01-04 21:11:47'),(11,1,'en','validation','accepted','The :attribute must be accepted.','2022-01-04 21:11:47','2022-01-04 21:11:47'),(12,1,'en','validation','accepted_if','The :attribute must be accepted when :other is :value.','2022-01-04 21:11:47','2022-01-04 21:11:47'),(13,1,'en','validation','active_url','The :attribute is not a valid URL.','2022-01-04 21:11:47','2022-01-04 21:11:47'),(14,1,'en','validation','after','The :attribute must be a date after :date.','2022-01-04 21:11:47','2022-01-04 21:11:47'),(15,1,'en','validation','after_or_equal','The :attribute must be a date after or equal to :date.','2022-01-04 21:11:47','2022-01-04 21:11:47'),(16,1,'en','validation','alpha','The :attribute must only contain letters.','2022-01-04 21:11:47','2022-01-04 21:11:47'),(17,1,'en','validation','alpha_dash','The :attribute must only contain letters, numbers, dashes and underscores.','2022-01-04 21:11:47','2022-01-04 21:11:47'),(18,1,'en','validation','alpha_num','The :attribute must only contain letters and numbers.','2022-01-04 21:11:47','2022-01-04 21:11:47'),(19,1,'en','validation','array','The :attribute must be an array.','2022-01-04 21:11:47','2022-01-04 21:11:47'),(20,1,'en','validation','before','The :attribute must be a date before :date.','2022-01-04 21:11:47','2022-01-04 21:11:47'),(21,1,'en','validation','before_or_equal','The :attribute must be a date before or equal to :date.','2022-01-04 21:11:47','2022-01-04 21:11:47'),(22,1,'en','validation','between.numeric','The :attribute must be between :min and :max.','2022-01-04 21:11:47','2022-01-04 21:11:47'),(23,1,'en','validation','between.file','The :attribute must be between :min and :max kilobytes.','2022-01-04 21:11:47','2022-01-04 21:11:47'),(24,1,'en','validation','between.string','The :attribute must be between :min and :max characters.','2022-01-04 21:11:47','2022-01-04 21:11:47'),(25,1,'en','validation','between.array','The :attribute must have between :min and :max items.','2022-01-04 21:11:47','2022-01-04 21:11:47'),(26,1,'en','validation','boolean','The :attribute field must be true or false.','2022-01-04 21:11:47','2022-01-04 21:11:47'),(27,1,'en','validation','confirmed','The :attribute confirmation does not match.','2022-01-04 21:11:47','2022-01-04 21:11:47'),(28,1,'en','validation','current_password','The password is incorrect.','2022-01-04 21:11:47','2022-01-04 21:11:47'),(29,1,'en','validation','date','The :attribute is not a valid date.','2022-01-04 21:11:47','2022-01-04 21:11:47'),(30,1,'en','validation','date_equals','The :attribute must be a date equal to :date.','2022-01-04 21:11:47','2022-01-04 21:11:47'),(31,1,'en','validation','date_format','The :attribute does not match the format :format.','2022-01-04 21:11:47','2022-01-04 21:11:47'),(32,1,'en','validation','declined','The :attribute must be declined.','2022-01-04 21:11:47','2022-01-04 21:11:47'),(33,1,'en','validation','declined_if','The :attribute must be declined when :other is :value.','2022-01-04 21:11:47','2022-01-04 21:11:47'),(34,1,'en','validation','different','The :attribute and :other must be different.','2022-01-04 21:11:47','2022-01-04 21:11:47'),(35,1,'en','validation','digits','The :attribute must be :digits digits.','2022-01-04 21:11:47','2022-01-04 21:11:47'),(36,1,'en','validation','digits_between','The :attribute must be between :min and :max digits.','2022-01-04 21:11:47','2022-01-04 21:11:47'),(37,1,'en','validation','dimensions','The :attribute has invalid image dimensions.','2022-01-04 21:11:47','2022-01-04 21:11:47'),(38,1,'en','validation','distinct','The :attribute field has a duplicate value.','2022-01-04 21:11:47','2022-01-04 21:11:47'),(39,1,'en','validation','email','The :attribute must be a valid email address.','2022-01-04 21:11:47','2022-01-04 21:11:47'),(40,1,'en','validation','ends_with','The :attribute must end with one of the following: :values.','2022-01-04 21:11:47','2022-01-04 21:11:47'),(41,1,'en','validation','enum','The selected :attribute is invalid.','2022-01-04 21:11:47','2022-01-04 21:11:47'),(42,1,'en','validation','exists','The selected :attribute is invalid.','2022-01-04 21:11:47','2022-01-04 21:11:47'),(43,1,'en','validation','file','The :attribute must be a file.','2022-01-04 21:11:47','2022-01-04 21:11:47'),(44,1,'en','validation','filled','The :attribute field must have a value.','2022-01-04 21:11:47','2022-01-04 21:11:47'),(45,1,'en','validation','gt.numeric','The :attribute must be greater than :value.','2022-01-04 21:11:47','2022-01-04 21:11:47'),(46,1,'en','validation','gt.file','The :attribute must be greater than :value kilobytes.','2022-01-04 21:11:47','2022-01-04 21:11:47'),(47,1,'en','validation','gt.string','The :attribute must be greater than :value characters.','2022-01-04 21:11:47','2022-01-04 21:11:47'),(48,1,'en','validation','gt.array','The :attribute must have more than :value items.','2022-01-04 21:11:47','2022-01-04 21:11:47'),(49,1,'en','validation','gte.numeric','The :attribute must be greater than or equal to :value.','2022-01-04 21:11:47','2022-01-04 21:11:47'),(50,1,'en','validation','gte.file','The :attribute must be greater than or equal to :value kilobytes.','2022-01-04 21:11:47','2022-01-04 21:11:47'),(51,1,'en','validation','gte.string','The :attribute must be greater than or equal to :value characters.','2022-01-04 21:11:47','2022-01-04 21:11:47'),(52,1,'en','validation','gte.array','The :attribute must have :value items or more.','2022-01-04 21:11:47','2022-01-04 21:11:47'),(53,1,'en','validation','image','The :attribute must be an image.','2022-01-04 21:11:47','2022-01-04 21:11:47'),(54,1,'en','validation','in','The selected :attribute is invalid.','2022-01-04 21:11:47','2022-01-04 21:11:47'),(55,1,'en','validation','in_array','The :attribute field does not exist in :other.','2022-01-04 21:11:47','2022-01-04 21:11:47'),(56,1,'en','validation','integer','The :attribute must be an integer.','2022-01-04 21:11:47','2022-01-04 21:11:47'),(57,1,'en','validation','ip','The :attribute must be a valid IP address.','2022-01-04 21:11:47','2022-01-04 21:11:47'),(58,1,'en','validation','ipv4','The :attribute must be a valid IPv4 address.','2022-01-04 21:11:47','2022-01-04 21:11:47'),(59,1,'en','validation','ipv6','The :attribute must be a valid IPv6 address.','2022-01-04 21:11:47','2022-01-04 21:11:47'),(60,1,'en','validation','mac_address','The :attribute must be a valid MAC address.','2022-01-04 21:11:47','2022-01-04 21:11:47'),(61,1,'en','validation','json','The :attribute must be a valid JSON string.','2022-01-04 21:11:47','2022-01-04 21:11:47'),(62,1,'en','validation','lt.numeric','The :attribute must be less than :value.','2022-01-04 21:11:47','2022-01-04 21:11:47'),(63,1,'en','validation','lt.file','The :attribute must be less than :value kilobytes.','2022-01-04 21:11:47','2022-01-04 21:11:47'),(64,1,'en','validation','lt.string','The :attribute must be less than :value characters.','2022-01-04 21:11:47','2022-01-04 21:11:47'),(65,1,'en','validation','lt.array','The :attribute must have less than :value items.','2022-01-04 21:11:47','2022-01-04 21:11:47'),(66,1,'en','validation','lte.numeric','The :attribute must be less than or equal to :value.','2022-01-04 21:11:47','2022-01-04 21:11:47'),(67,1,'en','validation','lte.file','The :attribute must be less than or equal to :value kilobytes.','2022-01-04 21:11:47','2022-01-04 21:11:47'),(68,1,'en','validation','lte.string','The :attribute must be less than or equal to :value characters.','2022-01-04 21:11:47','2022-01-04 21:11:47'),(69,1,'en','validation','lte.array','The :attribute must not have more than :value items.','2022-01-04 21:11:47','2022-01-04 21:11:47'),(70,1,'en','validation','max.numeric','The :attribute must not be greater than :max.','2022-01-04 21:11:47','2022-01-04 21:11:47'),(71,1,'en','validation','max.file','The :attribute must not be greater than :max kilobytes.','2022-01-04 21:11:47','2022-01-04 21:11:47'),(72,1,'en','validation','max.string','The :attribute must not be greater than :max characters.','2022-01-04 21:11:47','2022-01-04 21:11:47'),(73,1,'en','validation','max.array','The :attribute must not have more than :max items.','2022-01-04 21:11:47','2022-01-04 21:11:47'),(74,1,'en','validation','mimes','The :attribute must be a file of type: :values.','2022-01-04 21:11:47','2022-01-04 21:11:47'),(75,1,'en','validation','mimetypes','The :attribute must be a file of type: :values.','2022-01-04 21:11:47','2022-01-04 21:11:47'),(76,1,'en','validation','min.numeric','The :attribute must be at least :min.','2022-01-04 21:11:47','2022-01-04 21:11:47'),(77,1,'en','validation','min.file','The :attribute must be at least :min kilobytes.','2022-01-04 21:11:47','2022-01-04 21:11:47'),(78,1,'en','validation','min.string','The :attribute must be at least :min characters.','2022-01-04 21:11:47','2022-01-04 21:11:47'),(79,1,'en','validation','min.array','The :attribute must have at least :min items.','2022-01-04 21:11:47','2022-01-04 21:11:47'),(80,1,'en','validation','multiple_of','The :attribute must be a multiple of :value.','2022-01-04 21:11:47','2022-01-04 21:11:47'),(81,1,'en','validation','not_in','The selected :attribute is invalid.','2022-01-04 21:11:47','2022-01-04 21:11:47'),(82,1,'en','validation','not_regex','The :attribute format is invalid.','2022-01-04 21:11:47','2022-01-04 21:11:47'),(83,1,'en','validation','numeric','The :attribute must be a number.','2022-01-04 21:11:47','2022-01-04 21:11:47'),(84,1,'en','validation','password','The password is incorrect.','2022-01-04 21:11:47','2022-01-04 21:11:47'),(85,1,'en','validation','present','The :attribute field must be present.','2022-01-04 21:11:47','2022-01-04 21:11:47'),(86,1,'en','validation','prohibited','The :attribute field is prohibited.','2022-01-04 21:11:47','2022-01-04 21:11:47'),(87,1,'en','validation','prohibited_if','The :attribute field is prohibited when :other is :value.','2022-01-04 21:11:47','2022-01-04 21:11:47'),(88,1,'en','validation','prohibited_unless','The :attribute field is prohibited unless :other is in :values.','2022-01-04 21:11:47','2022-01-04 21:11:47'),(89,1,'en','validation','prohibits','The :attribute field prohibits :other from being present.','2022-01-04 21:11:47','2022-01-04 21:11:47'),(90,1,'en','validation','regex','The :attribute format is invalid.','2022-01-04 21:11:47','2022-01-04 21:11:47'),(91,1,'en','validation','required','The :attribute field is required.','2022-01-04 21:11:47','2022-01-04 21:11:47'),(92,1,'en','validation','required_if','The :attribute field is required when :other is :value.','2022-01-04 21:11:47','2022-01-04 21:11:47'),(93,1,'en','validation','required_unless','The :attribute field is required unless :other is in :values.','2022-01-04 21:11:47','2022-01-04 21:11:47'),(94,1,'en','validation','required_with','The :attribute field is required when :values is present.','2022-01-04 21:11:47','2022-01-04 21:11:47'),(95,1,'en','validation','required_with_all','The :attribute field is required when :values are present.','2022-01-04 21:11:47','2022-01-04 21:11:47'),(96,1,'en','validation','required_without','The :attribute field is required when :values is not present.','2022-01-04 21:11:47','2022-01-04 21:11:47'),(97,1,'en','validation','required_without_all','The :attribute field is required when none of :values are present.','2022-01-04 21:11:47','2022-01-04 21:11:47'),(98,1,'en','validation','same','The :attribute and :other must match.','2022-01-04 21:11:47','2022-01-04 21:11:47'),(99,1,'en','validation','size.numeric','The :attribute must be :size.','2022-01-04 21:11:47','2022-01-04 21:11:47'),(100,1,'en','validation','size.file','The :attribute must be :size kilobytes.','2022-01-04 21:11:47','2022-01-04 21:11:47'),(101,1,'en','validation','size.string','The :attribute must be :size characters.','2022-01-04 21:11:47','2022-01-04 21:11:47'),(102,1,'en','validation','size.array','The :attribute must contain :size items.','2022-01-04 21:11:47','2022-01-04 21:11:47'),(103,1,'en','validation','starts_with','The :attribute must start with one of the following: :values.','2022-01-04 21:11:47','2022-01-04 21:11:47'),(104,1,'en','validation','string','The :attribute must be a string.','2022-01-04 21:11:47','2022-01-04 21:11:47'),(105,1,'en','validation','timezone','The :attribute must be a valid timezone.','2022-01-04 21:11:47','2022-01-04 21:11:47'),(106,1,'en','validation','unique','The :attribute has already been taken.','2022-01-04 21:11:47','2022-01-04 21:11:47'),(107,1,'en','validation','uploaded','The :attribute failed to upload.','2022-01-04 21:11:47','2022-01-04 21:11:47'),(108,1,'en','validation','url','The :attribute must be a valid URL.','2022-01-04 21:11:47','2022-01-04 21:11:47'),(109,1,'en','validation','uuid','The :attribute must be a valid UUID.','2022-01-04 21:11:47','2022-01-04 21:11:47'),(110,1,'en','validation','custom.attribute-name.rule-name','custom-message','2022-01-04 21:11:47','2022-01-04 21:11:47'),(111,1,'en','core/acl/api','api_clients','API Clients','2022-01-04 21:11:47','2022-01-04 21:11:47'),(112,1,'en','core/acl/api','create_new_client','Create new client','2022-01-04 21:11:47','2022-01-04 21:11:47'),(113,1,'en','core/acl/api','create_new_client_success','Create new client successfully!','2022-01-04 21:11:47','2022-01-04 21:11:47'),(114,1,'en','core/acl/api','edit_client','Edit client \":name\"','2022-01-04 21:11:47','2022-01-04 21:11:47'),(115,1,'en','core/acl/api','edit_client_success','Updated client successfully!','2022-01-04 21:11:47','2022-01-04 21:11:47'),(116,1,'en','core/acl/api','delete_success','Deleted client successfully!','2022-01-04 21:11:47','2022-01-04 21:11:47'),(117,1,'en','core/acl/api','confirm_delete_title','Confirm delete client \":name\"','2022-01-04 21:11:47','2022-01-04 21:11:47'),(118,1,'en','core/acl/api','confirm_delete_description','Do you really want to delete client \":name\"?','2022-01-04 21:11:47','2022-01-04 21:11:47'),(119,1,'en','core/acl/api','cancel_delete','No','2022-01-04 21:11:47','2022-01-04 21:11:47'),(120,1,'en','core/acl/api','continue_delete','Yes, let\'s delete it!','2022-01-04 21:11:47','2022-01-04 21:11:47'),(121,1,'en','core/acl/api','name','Name','2022-01-04 21:11:47','2022-01-04 21:11:47'),(122,1,'en','core/acl/api','cancel','Cancel','2022-01-04 21:11:47','2022-01-04 21:11:47'),(123,1,'en','core/acl/api','save','Save','2022-01-04 21:11:47','2022-01-04 21:11:47'),(124,1,'en','core/acl/api','edit','Edit','2022-01-04 21:11:47','2022-01-04 21:11:47'),(125,1,'en','core/acl/api','delete','Delete','2022-01-04 21:11:47','2022-01-04 21:11:47'),(126,1,'en','core/acl/api','client_id','Client ID','2022-01-04 21:11:47','2022-01-04 21:11:47'),(127,1,'en','core/acl/api','secret','Secret','2022-01-04 21:11:47','2022-01-04 21:11:47'),(128,1,'en','core/acl/auth','login.username','Email/Username','2022-01-04 21:11:47','2022-01-04 21:11:47'),(129,1,'en','core/acl/auth','login.email','Email','2022-01-04 21:11:47','2022-01-04 21:11:47'),(130,1,'en','core/acl/auth','login.password','Password','2022-01-04 21:11:47','2022-01-04 21:11:47'),(131,1,'en','core/acl/auth','login.title','User Login','2022-01-04 21:11:47','2022-01-04 21:11:47'),(132,1,'en','core/acl/auth','login.remember','Remember me?','2022-01-04 21:11:47','2022-01-04 21:11:47'),(133,1,'en','core/acl/auth','login.login','Sign in','2022-01-04 21:11:47','2022-01-04 21:11:47'),(134,1,'en','core/acl/auth','login.placeholder.username','Please enter your username','2022-01-04 21:11:47','2022-01-04 21:11:47'),(135,1,'en','core/acl/auth','login.placeholder.email','Please enter your email','2022-01-04 21:11:47','2022-01-04 21:11:47'),(136,1,'en','core/acl/auth','login.success','Login successfully!','2022-01-04 21:11:47','2022-01-04 21:11:47'),(137,1,'en','core/acl/auth','login.fail','Wrong username or password.','2022-01-04 21:11:47','2022-01-04 21:11:47'),(138,1,'en','core/acl/auth','login.not_active','Your account has not been activated yet!','2022-01-04 21:11:47','2022-01-04 21:11:47'),(139,1,'en','core/acl/auth','login.banned','This account is banned.','2022-01-04 21:11:47','2022-01-04 21:11:47'),(140,1,'en','core/acl/auth','login.logout_success','Logout successfully!','2022-01-04 21:11:47','2022-01-04 21:11:47'),(141,1,'en','core/acl/auth','login.dont_have_account','You don\'t have account on this system, please contact administrator for more information!','2022-01-04 21:11:47','2022-01-04 21:11:47'),(142,1,'en','core/acl/auth','forgot_password.title','Forgot Password','2022-01-04 21:11:47','2022-01-04 21:11:47'),(143,1,'en','core/acl/auth','forgot_password.message','<p>Have you forgotten your password?</p><p>Please enter your email account. System will send a email with active link to reset your password.</p>','2022-01-04 21:11:47','2022-01-04 21:11:47'),(144,1,'en','core/acl/auth','forgot_password.submit','Submit','2022-01-04 21:11:47','2022-01-04 21:11:47'),(145,1,'en','core/acl/auth','reset.new_password','New password','2022-01-04 21:11:47','2022-01-04 21:11:47'),(146,1,'en','core/acl/auth','reset.password_confirmation','Confirm new password','2022-01-04 21:11:47','2022-01-04 21:11:47'),(147,1,'en','core/acl/auth','reset.email','Email','2022-01-04 21:11:47','2022-01-04 21:11:47'),(148,1,'en','core/acl/auth','reset.title','Reset your password','2022-01-04 21:11:47','2022-01-04 21:11:47'),(149,1,'en','core/acl/auth','reset.update','Update','2022-01-04 21:11:47','2022-01-04 21:11:47'),(150,1,'en','core/acl/auth','reset.wrong_token','This link is invalid or expired. Please try using reset form again.','2022-01-04 21:11:47','2022-01-04 21:11:47'),(151,1,'en','core/acl/auth','reset.user_not_found','This username is not exist.','2022-01-04 21:11:47','2022-01-04 21:11:47'),(152,1,'en','core/acl/auth','reset.success','Reset password successfully!','2022-01-04 21:11:47','2022-01-04 21:11:47'),(153,1,'en','core/acl/auth','reset.fail','Token is invalid, the reset password link has been expired!','2022-01-04 21:11:47','2022-01-04 21:11:47'),(154,1,'en','core/acl/auth','reset.reset.title','Email reset password','2022-01-04 21:11:47','2022-01-04 21:11:47'),(155,1,'en','core/acl/auth','reset.send.success','A email was sent to your email account. Please check and complete this action.','2022-01-04 21:11:47','2022-01-04 21:11:47'),(156,1,'en','core/acl/auth','reset.send.fail','Can not send email in this time. Please try again later.','2022-01-04 21:11:47','2022-01-04 21:11:47'),(157,1,'en','core/acl/auth','reset.new-password','New password','2022-01-04 21:11:47','2022-01-04 21:11:47'),(158,1,'en','core/acl/auth','email.reminder.title','Email reset password','2022-01-04 21:11:47','2022-01-04 21:11:47'),(159,1,'en','core/acl/auth','password_confirmation','Password confirm','2022-01-04 21:11:47','2022-01-04 21:11:47'),(160,1,'en','core/acl/auth','failed','Failed','2022-01-04 21:11:47','2022-01-04 21:11:47'),(161,1,'en','core/acl/auth','throttle','Throttle','2022-01-04 21:11:47','2022-01-04 21:11:47'),(162,1,'en','core/acl/auth','not_member','Not a member yet?','2022-01-04 21:11:47','2022-01-04 21:11:47'),(163,1,'en','core/acl/auth','register_now','Register now','2022-01-04 21:11:47','2022-01-04 21:11:47'),(164,1,'en','core/acl/auth','lost_your_password','Lost your password?','2022-01-04 21:11:47','2022-01-04 21:11:47'),(165,1,'en','core/acl/auth','login_title','Admin','2022-01-04 21:11:47','2022-01-04 21:11:47'),(166,1,'en','core/acl/auth','login_via_social','Login with social networks','2022-01-04 21:11:47','2022-01-04 21:11:47'),(167,1,'en','core/acl/auth','back_to_login','Back to login page','2022-01-04 21:11:47','2022-01-04 21:11:47'),(168,1,'en','core/acl/auth','sign_in_below','Sign In Below','2022-01-04 21:11:47','2022-01-04 21:11:47'),(169,1,'en','core/acl/auth','languages','Languages','2022-01-04 21:11:47','2022-01-04 21:11:47'),(170,1,'en','core/acl/auth','reset_password','Reset Password','2022-01-04 21:11:47','2022-01-04 21:11:47'),(171,1,'en','core/acl/auth','settings.email.title','ACL','2022-01-04 21:11:47','2022-01-04 21:11:47'),(172,1,'en','core/acl/auth','settings.email.description','ACL email configuration','2022-01-04 21:11:47','2022-01-04 21:11:47'),(173,1,'en','core/acl/permissions','notices.role_in_use','Cannot delete this role, it is still in use!','2022-01-04 21:11:47','2022-01-04 21:11:47'),(174,1,'en','core/acl/permissions','notices.role_delete_belong_user','You are not able to delete this role; it belongs to someone else!','2022-01-04 21:11:47','2022-01-04 21:11:47'),(175,1,'en','core/acl/permissions','notices.role_edit_belong_user','You are not able to edit this role; it belongs to someone else!','2022-01-04 21:11:47','2022-01-04 21:11:47'),(176,1,'en','core/acl/permissions','notices.delete_global_role','You are not allowed to delete global roles!','2022-01-04 21:11:47','2022-01-04 21:11:47'),(177,1,'en','core/acl/permissions','notices.delete_success','The selected role was deleted successfully!','2022-01-04 21:11:47','2022-01-04 21:11:47'),(178,1,'en','core/acl/permissions','notices.modified_success','The selected role was modified successfully!','2022-01-04 21:11:47','2022-01-04 21:11:47'),(179,1,'en','core/acl/permissions','notices.create_success','The new role was successfully created','2022-01-04 21:11:47','2022-01-04 21:11:47'),(180,1,'en','core/acl/permissions','notices.duplicated_success','The selected role was duplicated successfully','2022-01-04 21:11:47','2022-01-04 21:11:47'),(181,1,'en','core/acl/permissions','notices.no_select','Please select at least one record to take this action!','2022-01-04 21:11:47','2022-01-04 21:11:47'),(182,1,'en','core/acl/permissions','notices.not_found','Role not found','2022-01-04 21:11:47','2022-01-04 21:11:47'),(183,1,'en','core/acl/permissions','name','Name','2022-01-04 21:11:47','2022-01-04 21:11:47'),(184,1,'en','core/acl/permissions','current_role','Current Role','2022-01-04 21:11:47','2022-01-04 21:11:47'),(185,1,'en','core/acl/permissions','no_role_assigned','No role assigned','2022-01-04 21:11:47','2022-01-04 21:11:47'),(186,1,'en','core/acl/permissions','role_assigned','Assigned Role','2022-01-04 21:11:47','2022-01-04 21:11:47'),(187,1,'en','core/acl/permissions','create_role','Create New Role','2022-01-04 21:11:47','2022-01-04 21:11:47'),(188,1,'en','core/acl/permissions','role_name','Name','2022-01-04 21:11:47','2022-01-04 21:11:47'),(189,1,'en','core/acl/permissions','role_description','Description','2022-01-04 21:11:47','2022-01-04 21:11:47'),(190,1,'en','core/acl/permissions','permission_flags','Permission Flags','2022-01-04 21:11:47','2022-01-04 21:11:47'),(191,1,'en','core/acl/permissions','cancel','Cancel','2022-01-04 21:11:47','2022-01-04 21:11:47'),(192,1,'en','core/acl/permissions','reset','Reset','2022-01-04 21:11:47','2022-01-04 21:11:47'),(193,1,'en','core/acl/permissions','save','Save','2022-01-04 21:11:47','2022-01-04 21:11:47'),(194,1,'en','core/acl/permissions','global_role_msg','This is a global role and cannot be modified.  You can use the Duplicate button to make a copy of this role that you can then modify.','2022-01-04 21:11:48','2022-01-04 21:11:48'),(195,1,'en','core/acl/permissions','details','Details','2022-01-04 21:11:48','2022-01-04 21:11:48'),(196,1,'en','core/acl/permissions','duplicate','Duplicate','2022-01-04 21:11:48','2022-01-04 21:11:48'),(197,1,'en','core/acl/permissions','all','All Permissions','2022-01-04 21:11:48','2022-01-04 21:11:48'),(198,1,'en','core/acl/permissions','list_role','List Roles','2022-01-04 21:11:48','2022-01-04 21:11:48'),(199,1,'en','core/acl/permissions','created_on','Created On','2022-01-04 21:11:48','2022-01-04 21:11:48'),(200,1,'en','core/acl/permissions','created_by','Created By','2022-01-04 21:11:48','2022-01-04 21:11:48'),(201,1,'en','core/acl/permissions','actions','Actions','2022-01-04 21:11:48','2022-01-04 21:11:48'),(202,1,'en','core/acl/permissions','role_in_use','Cannot delete this role, it is still in use!','2022-01-04 21:11:48','2022-01-04 21:11:48'),(203,1,'en','core/acl/permissions','role_delete_belong_user','You are not able to delete this role; it belongs to someone else!','2022-01-04 21:11:48','2022-01-04 21:11:48'),(204,1,'en','core/acl/permissions','delete_global_role','Can not delete global role','2022-01-04 21:11:48','2022-01-04 21:11:48'),(205,1,'en','core/acl/permissions','delete_success','Delete role successfully','2022-01-04 21:11:48','2022-01-04 21:11:48'),(206,1,'en','core/acl/permissions','no_select','Please select at least one role to take this action!','2022-01-04 21:11:48','2022-01-04 21:11:48'),(207,1,'en','core/acl/permissions','not_found','No role found!','2022-01-04 21:11:48','2022-01-04 21:11:48'),(208,1,'en','core/acl/permissions','role_edit_belong_user','You are not able to edit this role; it belongs to someone else!','2022-01-04 21:11:48','2022-01-04 21:11:48'),(209,1,'en','core/acl/permissions','modified_success','Modified successfully','2022-01-04 21:11:48','2022-01-04 21:11:48'),(210,1,'en','core/acl/permissions','create_success','Create successfully','2022-01-04 21:11:48','2022-01-04 21:11:48'),(211,1,'en','core/acl/permissions','duplicated_success','Duplicated successfully','2022-01-04 21:11:48','2022-01-04 21:11:48'),(212,1,'en','core/acl/permissions','options','Options','2022-01-04 21:11:48','2022-01-04 21:11:48'),(213,1,'en','core/acl/permissions','access_denied_message','You are not allowed to do this action','2022-01-04 21:11:48','2022-01-04 21:11:48'),(214,1,'en','core/acl/permissions','roles','Roles','2022-01-04 21:11:48','2022-01-04 21:11:48'),(215,1,'en','core/acl/permissions','role_permission','Roles and Permissions','2022-01-04 21:11:48','2022-01-04 21:11:48'),(216,1,'en','core/acl/permissions','user_management','User Management','2022-01-04 21:11:48','2022-01-04 21:11:48'),(217,1,'en','core/acl/permissions','super_user_management','Super User Management','2022-01-04 21:11:48','2022-01-04 21:11:48'),(218,1,'en','core/acl/permissions','action_unauthorized','This action is unauthorized.','2022-01-04 21:11:48','2022-01-04 21:11:48'),(219,1,'en','core/acl/reminders','password','Passwords must be at least six characters and match the confirmation.','2022-01-04 21:11:48','2022-01-04 21:11:48'),(220,1,'en','core/acl/reminders','user','We can\'t find a user with that e-mail address.','2022-01-04 21:11:48','2022-01-04 21:11:48'),(221,1,'en','core/acl/reminders','token','This password reset token is invalid.','2022-01-04 21:11:48','2022-01-04 21:11:48'),(222,1,'en','core/acl/reminders','sent','Password reminder sent!','2022-01-04 21:11:48','2022-01-04 21:11:48'),(223,1,'en','core/acl/reminders','reset','Password has been reset!','2022-01-04 21:11:48','2022-01-04 21:11:48'),(224,1,'en','core/acl/users','delete_user_logged_in','Can\'t delete this user. This user is logged on!','2022-01-04 21:11:48','2022-01-04 21:11:48'),(225,1,'en','core/acl/users','no_select','Please select at least one record to take this action!','2022-01-04 21:11:48','2022-01-04 21:11:48'),(226,1,'en','core/acl/users','lock_user_logged_in','Can\'t lock this user. This user is logged on!','2022-01-04 21:11:48','2022-01-04 21:11:48'),(227,1,'en','core/acl/users','update_success','Update status successfully!','2022-01-04 21:11:48','2022-01-04 21:11:48'),(228,1,'en','core/acl/users','save_setting_failed','Something went wrong when save your setting','2022-01-04 21:11:48','2022-01-04 21:11:48'),(229,1,'en','core/acl/users','not_found','User not found','2022-01-04 21:11:48','2022-01-04 21:11:48'),(230,1,'en','core/acl/users','email_exist','That email address already belongs to an existing account','2022-01-04 21:11:48','2022-01-04 21:11:48'),(231,1,'en','core/acl/users','username_exist','That username address already belongs to an existing account','2022-01-04 21:11:48','2022-01-04 21:11:48'),(232,1,'en','core/acl/users','update_profile_success','Your profile changes were successfully saved','2022-01-04 21:11:48','2022-01-04 21:11:48'),(233,1,'en','core/acl/users','password_update_success','Password successfully changed','2022-01-04 21:11:48','2022-01-04 21:11:48'),(234,1,'en','core/acl/users','current_password_not_valid','Current password is not valid','2022-01-04 21:11:48','2022-01-04 21:11:48'),(235,1,'en','core/acl/users','user_exist_in','User is already a member','2022-01-04 21:11:48','2022-01-04 21:11:48'),(236,1,'en','core/acl/users','email','Email','2022-01-04 21:11:48','2022-01-04 21:11:48'),(237,1,'en','core/acl/users','role','Role','2022-01-04 21:11:48','2022-01-04 21:11:48'),(238,1,'en','core/acl/users','username','Username','2022-01-04 21:11:48','2022-01-04 21:11:48'),(239,1,'en','core/acl/users','last_name','Last Name','2022-01-04 21:11:48','2022-01-04 21:11:48'),(240,1,'en','core/acl/users','first_name','First Name','2022-01-04 21:11:48','2022-01-04 21:11:48'),(241,1,'en','core/acl/users','message','Message','2022-01-04 21:11:48','2022-01-04 21:11:48'),(242,1,'en','core/acl/users','cancel_btn','Cancel','2022-01-04 21:11:48','2022-01-04 21:11:48'),(243,1,'en','core/acl/users','change_password','Change password','2022-01-04 21:11:48','2022-01-04 21:11:48'),(244,1,'en','core/acl/users','current_password','Current password','2022-01-04 21:11:48','2022-01-04 21:11:48'),(245,1,'en','core/acl/users','new_password','New Password','2022-01-04 21:11:48','2022-01-04 21:11:48'),(246,1,'en','core/acl/users','confirm_new_password','Confirm New Password','2022-01-04 21:11:48','2022-01-04 21:11:48'),(247,1,'en','core/acl/users','password','Password','2022-01-04 21:11:48','2022-01-04 21:11:48'),(248,1,'en','core/acl/users','save','Save','2022-01-04 21:11:48','2022-01-04 21:11:48'),(249,1,'en','core/acl/users','cannot_delete','User could not be deleted','2022-01-04 21:11:48','2022-01-04 21:11:48'),(250,1,'en','core/acl/users','deleted','User deleted','2022-01-04 21:11:48','2022-01-04 21:11:48'),(251,1,'en','core/acl/users','last_login','Last Login','2022-01-04 21:11:48','2022-01-04 21:11:48'),(252,1,'en','core/acl/users','error_update_profile_image','Error when update profile image','2022-01-04 21:11:48','2022-01-04 21:11:48'),(253,1,'en','core/acl/users','email_reminder_template','<h3>Hello :name</h3><p>The system has received a request to restore the password for your account, to complete this task please click the link below.</p><p><a href=\":link\">Reset password now</a></p><p>If not you ask recover password, please ignore this email.</p><p>This email is valid for 60 minutes after receiving the email.</p>','2022-01-04 21:11:48','2022-01-04 21:11:48'),(254,1,'en','core/acl/users','change_profile_image','Change Profile Image','2022-01-04 21:11:48','2022-01-04 21:11:48'),(255,1,'en','core/acl/users','new_image','New Image','2022-01-04 21:11:48','2022-01-04 21:11:48'),(256,1,'en','core/acl/users','loading','Loading','2022-01-04 21:11:48','2022-01-04 21:11:48'),(257,1,'en','core/acl/users','close','Close','2022-01-04 21:11:48','2022-01-04 21:11:48'),(258,1,'en','core/acl/users','update','Update','2022-01-04 21:11:48','2022-01-04 21:11:48'),(259,1,'en','core/acl/users','read_image_failed','Failed to read the image file','2022-01-04 21:11:48','2022-01-04 21:11:48'),(260,1,'en','core/acl/users','users','Users','2022-01-04 21:11:48','2022-01-04 21:11:48'),(261,1,'en','core/acl/users','update_avatar_success','Update profile image successfully!','2022-01-04 21:11:48','2022-01-04 21:11:48'),(262,1,'en','core/acl/users','info.title','User profile','2022-01-04 21:11:48','2022-01-04 21:11:48'),(263,1,'en','core/acl/users','info.first_name','First Name','2022-01-04 21:11:48','2022-01-04 21:11:48'),(264,1,'en','core/acl/users','info.last_name','Last Name','2022-01-04 21:11:48','2022-01-04 21:11:48'),(265,1,'en','core/acl/users','info.email','Email','2022-01-04 21:11:48','2022-01-04 21:11:48'),(266,1,'en','core/acl/users','info.second_email','Secondary Email','2022-01-04 21:11:48','2022-01-04 21:11:48'),(267,1,'en','core/acl/users','info.address','Address','2022-01-04 21:11:48','2022-01-04 21:11:48'),(268,1,'en','core/acl/users','info.second_address','Secondary Address','2022-01-04 21:11:48','2022-01-04 21:11:48'),(269,1,'en','core/acl/users','info.birth_day','Date of birth','2022-01-04 21:11:48','2022-01-04 21:11:48'),(270,1,'en','core/acl/users','info.job','Job Position','2022-01-04 21:11:48','2022-01-04 21:11:48'),(271,1,'en','core/acl/users','info.mobile_number','Mobile Number','2022-01-04 21:11:48','2022-01-04 21:11:48'),(272,1,'en','core/acl/users','info.second_mobile_number','Secondary Phone','2022-01-04 21:11:48','2022-01-04 21:11:48'),(273,1,'en','core/acl/users','info.interes','Interests','2022-01-04 21:11:48','2022-01-04 21:11:48'),(274,1,'en','core/acl/users','info.about','About','2022-01-04 21:11:48','2022-01-04 21:11:48'),(275,1,'en','core/acl/users','gender.title','Gender','2022-01-04 21:11:48','2022-01-04 21:11:48'),(276,1,'en','core/acl/users','gender.male','Male','2022-01-04 21:11:48','2022-01-04 21:11:48'),(277,1,'en','core/acl/users','gender.female','Female','2022-01-04 21:11:48','2022-01-04 21:11:48'),(278,1,'en','core/acl/users','total_users','Total users','2022-01-04 21:11:48','2022-01-04 21:11:48'),(279,1,'en','core/acl/users','statuses.activated','Activated','2022-01-04 21:11:48','2022-01-04 21:11:48'),(280,1,'en','core/acl/users','statuses.deactivated','Deactivated','2022-01-04 21:11:48','2022-01-04 21:11:48'),(281,1,'en','core/acl/users','make_super','Make super','2022-01-04 21:11:48','2022-01-04 21:11:48'),(282,1,'en','core/acl/users','remove_super','Remove super','2022-01-04 21:11:48','2022-01-04 21:11:48'),(283,1,'en','core/acl/users','is_super','Is super?','2022-01-04 21:11:48','2022-01-04 21:11:48'),(284,1,'en','core/acl/users','email_placeholder','Ex: example@gmail.com','2022-01-04 21:11:48','2022-01-04 21:11:48'),(285,1,'en','core/acl/users','password_confirmation','Re-type password','2022-01-04 21:11:48','2022-01-04 21:11:48'),(286,1,'en','core/acl/users','select_role','Select role','2022-01-04 21:11:48','2022-01-04 21:11:48'),(287,1,'en','core/acl/users','create_new_user','Create a new user','2022-01-04 21:11:48','2022-01-04 21:11:48'),(288,1,'en','core/acl/users','cannot_delete_super_user','Permission denied. Cannot delete a super user!','2022-01-04 21:11:48','2022-01-04 21:11:48'),(289,1,'en','core/acl/users','assigned_role','Assigned Role','2022-01-04 21:11:48','2022-01-04 21:11:48'),(290,1,'en','core/acl/users','no_role_assigned','No role assigned','2022-01-04 21:11:48','2022-01-04 21:11:48'),(291,1,'en','core/acl/users','view_user_profile','View user\'s profile','2022-01-04 21:11:48','2022-01-04 21:11:48'),(292,1,'vi','core/acl/auth','login.username','Tên truy cập','2022-01-04 21:11:48','2022-01-04 21:11:48'),(293,1,'vi','core/acl/auth','login.password','Mật khẩu','2022-01-04 21:11:48','2022-01-04 21:11:48'),(294,1,'vi','core/acl/auth','login.title','Đăng nhập vào quản trị','2022-01-04 21:11:48','2022-01-04 21:11:48'),(295,1,'vi','core/acl/auth','login.remember','Nhớ mật khẩu?','2022-01-04 21:11:48','2022-01-04 21:11:48'),(296,1,'vi','core/acl/auth','login.login','Đăng nhập','2022-01-04 21:11:48','2022-01-04 21:11:48'),(297,1,'vi','core/acl/auth','login.placeholder.username','Vui lòng nhập tên truy cập','2022-01-04 21:11:48','2022-01-04 21:11:48'),(298,1,'vi','core/acl/auth','login.placeholder.email','Vui lòng nhập email','2022-01-04 21:11:48','2022-01-04 21:11:48'),(299,1,'vi','core/acl/auth','login.success','Đăng nhập thành công!','2022-01-04 21:11:48','2022-01-04 21:11:48'),(300,1,'vi','core/acl/auth','login.fail','Sai tên truy cập hoặc mật khẩu.','2022-01-04 21:11:48','2022-01-04 21:11:48'),(301,1,'vi','core/acl/auth','login.not_active','Tài khoản của bạn chưa được kích hoạt!','2022-01-04 21:11:48','2022-01-04 21:11:48'),(302,1,'vi','core/acl/auth','login.banned','Tài khoản này đã bị khóa.','2022-01-04 21:11:48','2022-01-04 21:11:48'),(303,1,'vi','core/acl/auth','login.logout_success','Đăng xuất thành công!','2022-01-04 21:11:48','2022-01-04 21:11:48'),(304,1,'vi','core/acl/auth','login.dont_have_account','Bạn không có tài khoản trong hệ thống, vui lòng liên hệ quản trị viên!','2022-01-04 21:11:48','2022-01-04 21:11:48'),(305,1,'vi','core/acl/auth','login.email','Email','2022-01-04 21:11:48','2022-01-04 21:11:48'),(306,1,'vi','core/acl/auth','forgot_password.title','Quên mật khẩu','2022-01-04 21:11:48','2022-01-04 21:11:48'),(307,1,'vi','core/acl/auth','forgot_password.message','<p>Quên mật khẩu?</p><p>Vui lòng nhập email đăng nhập tài khoản của bạn để hệ thống gửi liên kết khôi phục mật khẩu.</p>','2022-01-04 21:11:48','2022-01-04 21:11:48'),(308,1,'vi','core/acl/auth','forgot_password.submit','Hoàn tất','2022-01-04 21:11:48','2022-01-04 21:11:48'),(309,1,'vi','core/acl/auth','reset.new_password','Mật khẩu mới','2022-01-04 21:11:48','2022-01-04 21:11:48'),(310,1,'vi','core/acl/auth','reset.title','Khôi phục mật khẩu','2022-01-04 21:11:48','2022-01-04 21:11:48'),(311,1,'vi','core/acl/auth','reset.update','Cập nhật','2022-01-04 21:11:48','2022-01-04 21:11:48'),(312,1,'vi','core/acl/auth','reset.wrong_token','Liên kết này không chính xác hoặc đã hết hiệu lực, vui lòng yêu cầu khôi phục mật khẩu lại!','2022-01-04 21:11:48','2022-01-04 21:11:48'),(313,1,'vi','core/acl/auth','reset.user_not_found','Tên đăng nhập không tồn tại.','2022-01-04 21:11:48','2022-01-04 21:11:48'),(314,1,'vi','core/acl/auth','reset.success','Khôi phục mật khẩu thành công!','2022-01-04 21:11:48','2022-01-04 21:11:48'),(315,1,'vi','core/acl/auth','reset.fail','Token không hợp lệ hoặc liên kết khôi phục mật khẩu đã hết thời gian hiệu lực!','2022-01-04 21:11:48','2022-01-04 21:11:48'),(316,1,'vi','core/acl/auth','reset.reset.title','Email khôi phục mật khẩu','2022-01-04 21:11:48','2022-01-04 21:11:48'),(317,1,'vi','core/acl/auth','reset.send.success','Một email khôi phục mật khẩu đã được gửi tới email của bạn, vui lòng kiểm tra và hoàn tất yêu cầu.','2022-01-04 21:11:48','2022-01-04 21:11:48'),(318,1,'vi','core/acl/auth','reset.send.fail','Không thể gửi email trong lúc này. Vui lòng thực hiện lại sau.','2022-01-04 21:11:48','2022-01-04 21:11:48'),(319,1,'vi','core/acl/auth','reset.new-password','Mật khẩu mới','2022-01-04 21:11:48','2022-01-04 21:11:48'),(320,1,'vi','core/acl/auth','reset.email','Email','2022-01-04 21:11:48','2022-01-04 21:11:48'),(321,1,'vi','core/acl/auth','email.reminder.title','Email khôi phục mật khẩu','2022-01-04 21:11:48','2022-01-04 21:11:48'),(322,1,'vi','core/acl/auth','failed','Không thành công','2022-01-04 21:11:48','2022-01-04 21:11:48'),(323,1,'vi','core/acl/auth','throttle','Throttle','2022-01-04 21:11:48','2022-01-04 21:11:48'),(324,1,'vi','core/acl/auth','back_to_login','Quay lại trang đăng nhập','2022-01-04 21:11:48','2022-01-04 21:11:48'),(325,1,'vi','core/acl/auth','login_title','Đăng nhập vào quản trị','2022-01-04 21:11:48','2022-01-04 21:11:48'),(326,1,'vi','core/acl/auth','login_via_social','Đăng nhập thông qua mạng xã hội','2022-01-04 21:11:48','2022-01-04 21:11:48'),(327,1,'vi','core/acl/auth','lost_your_password','Quên mật khẩu?','2022-01-04 21:11:48','2022-01-04 21:11:48'),(328,1,'vi','core/acl/auth','not_member','Chưa là thành viên?','2022-01-04 21:11:48','2022-01-04 21:11:48'),(329,1,'vi','core/acl/auth','register_now','Đăng ký ngay','2022-01-04 21:11:48','2022-01-04 21:11:48'),(330,1,'vi','core/acl/permissions','notices.role_in_use','Không thể xóa quyền người dùng này vì nó đang được sử dụng!','2022-01-04 21:11:48','2022-01-04 21:11:48'),(331,1,'vi','core/acl/permissions','notices.role_delete_belong_user','Không thể xóa quyền hạn này vì nó thuộc về người khác!','2022-01-04 21:11:48','2022-01-04 21:11:48'),(332,1,'vi','core/acl/permissions','notices.role_edit_belong_user','Bạn không được phép sửa quyền này vì nó thuộc về người khác','2022-01-04 21:11:48','2022-01-04 21:11:48'),(333,1,'vi','core/acl/permissions','notices.delete_global_role','Bạn không thể xóa quyền người dùng hệ thống!','2022-01-04 21:11:48','2022-01-04 21:11:48'),(334,1,'vi','core/acl/permissions','notices.delete_success','Quyền người dùng đã được xóa!','2022-01-04 21:11:48','2022-01-04 21:11:48'),(335,1,'vi','core/acl/permissions','notices.modified_success','Quyền người dùng đã được cập nhật thành công!','2022-01-04 21:11:48','2022-01-04 21:11:48'),(336,1,'vi','core/acl/permissions','notices.create_success','Quyền người dùng mới đã được tạo thành công!','2022-01-04 21:11:48','2022-01-04 21:11:48'),(337,1,'vi','core/acl/permissions','notices.duplicated_success','Quyền người dùng đã được sao chép thành công!','2022-01-04 21:11:48','2022-01-04 21:11:48'),(338,1,'vi','core/acl/permissions','notices.no_select','Hãy chọn ít nhất một quyền người dùng để thực hiện hành động này!','2022-01-04 21:11:48','2022-01-04 21:11:48'),(339,1,'vi','core/acl/permissions','notices.not_found','Không tìm thấy quyền người dùng này','2022-01-04 21:11:48','2022-01-04 21:11:48'),(340,1,'vi','core/acl/permissions','name','Tên','2022-01-04 21:11:48','2022-01-04 21:11:48'),(341,1,'vi','core/acl/permissions','current_role','Quyền hiện tại','2022-01-04 21:11:48','2022-01-04 21:11:48'),(342,1,'vi','core/acl/permissions','no_role_assigned','Không có quyền hạn nào','2022-01-04 21:11:48','2022-01-04 21:11:48'),(343,1,'vi','core/acl/permissions','role_assigned','Quyền đã được gán','2022-01-04 21:11:48','2022-01-04 21:11:48'),(344,1,'vi','core/acl/permissions','create_role','Tạo quyền mới','2022-01-04 21:11:48','2022-01-04 21:11:48'),(345,1,'vi','core/acl/permissions','role_name','Tên','2022-01-04 21:11:48','2022-01-04 21:11:48'),(346,1,'vi','core/acl/permissions','role_description','Mô tả','2022-01-04 21:11:48','2022-01-04 21:11:48'),(347,1,'vi','core/acl/permissions','permission_flags','Cờ đánh dấu quyền hạn','2022-01-04 21:11:48','2022-01-04 21:11:48'),(348,1,'vi','core/acl/permissions','cancel','Hủy bỏ','2022-01-04 21:11:48','2022-01-04 21:11:48'),(349,1,'vi','core/acl/permissions','reset','Làm lại','2022-01-04 21:11:48','2022-01-04 21:11:48'),(350,1,'vi','core/acl/permissions','save','Lưu','2022-01-04 21:11:48','2022-01-04 21:11:48'),(351,1,'vi','core/acl/permissions','global_role_msg','Đây là một phân quyền toàn cục và không thể thay đổi.  Bạn có thể sử dụng nút \"Nhân bản\" để tạo một bản sao chép cho phân quyền này và chỉnh sửa.','2022-01-04 21:11:48','2022-01-04 21:11:48'),(352,1,'vi','core/acl/permissions','details','Chi tiết','2022-01-04 21:11:48','2022-01-04 21:11:48'),(353,1,'vi','core/acl/permissions','duplicate','Nhân bản','2022-01-04 21:11:48','2022-01-04 21:11:48'),(354,1,'vi','core/acl/permissions','all','Tất cả phân quyền','2022-01-04 21:11:48','2022-01-04 21:11:48'),(355,1,'vi','core/acl/permissions','list_role','Danh sách quyền','2022-01-04 21:11:48','2022-01-04 21:11:48'),(356,1,'vi','core/acl/permissions','created_on','Ngày tạo','2022-01-04 21:11:48','2022-01-04 21:11:48'),(357,1,'vi','core/acl/permissions','created_by','Được tạo bởi','2022-01-04 21:11:48','2022-01-04 21:11:48'),(358,1,'vi','core/acl/permissions','actions','Tác vụ','2022-01-04 21:11:48','2022-01-04 21:11:48'),(359,1,'vi','core/acl/permissions','create_success','Tạo thành công!','2022-01-04 21:11:48','2022-01-04 21:11:48'),(360,1,'vi','core/acl/permissions','delete_global_role','Không thể xóa quyền hệ thống','2022-01-04 21:11:48','2022-01-04 21:11:48'),(361,1,'vi','core/acl/permissions','delete_success','Xóa quyền thành công','2022-01-04 21:11:48','2022-01-04 21:11:48'),(362,1,'vi','core/acl/permissions','duplicated_success','Nhân bản thành công','2022-01-04 21:11:48','2022-01-04 21:11:48'),(363,1,'vi','core/acl/permissions','modified_success','Sửa thành công','2022-01-04 21:11:48','2022-01-04 21:11:48'),(364,1,'vi','core/acl/permissions','no_select','Hãy chọn ít nhất một quyền để thực hiện hành động này!','2022-01-04 21:11:48','2022-01-04 21:11:48'),(365,1,'vi','core/acl/permissions','not_found','Không tìm thấy quyền thành viên nào!','2022-01-04 21:11:48','2022-01-04 21:11:48'),(366,1,'vi','core/acl/permissions','options','Tùy chọn','2022-01-04 21:11:48','2022-01-04 21:11:48'),(367,1,'vi','core/acl/permissions','role_delete_belong_user','Không thể xóa quyền hạn này vì nó thuộc về người khác!','2022-01-04 21:11:48','2022-01-04 21:11:48'),(368,1,'vi','core/acl/permissions','role_edit_belong_user','Bạn không được phép sửa quyền này vì nó thuộc về người khác','2022-01-04 21:11:48','2022-01-04 21:11:48'),(369,1,'vi','core/acl/permissions','role_in_use','Không thể xóa quyền người dùng này vì nó đang được sử dụng!','2022-01-04 21:11:48','2022-01-04 21:11:48'),(370,1,'vi','core/acl/permissions','access_denied_message','Bạn không có quyền sử dụng chức năng này!','2022-01-04 21:11:48','2022-01-04 21:11:48'),(371,1,'vi','core/acl/permissions','roles','Quyền','2022-01-04 21:11:48','2022-01-04 21:11:48'),(372,1,'vi','core/acl/permissions','role_permission','Nhóm và phân quyền','2022-01-04 21:11:48','2022-01-04 21:11:48'),(373,1,'vi','core/acl/permissions','user_management','Quản lý người dùng hệ thống','2022-01-04 21:11:48','2022-01-04 21:11:48'),(374,1,'vi','core/acl/permissions','super_user_management','Quản lý người dùng cấp cao','2022-01-04 21:11:48','2022-01-04 21:11:48'),(375,1,'vi','core/acl/reminders','password','Mật khẩu phải ít nhất 6 kí tự và trùng khớp với mật khẩu xác nhận.','2022-01-04 21:11:48','2022-01-04 21:11:48'),(376,1,'vi','core/acl/reminders','user','Hệ thống không thể tìm thấy tài khoản với email này.','2022-01-04 21:11:48','2022-01-04 21:11:48'),(377,1,'vi','core/acl/reminders','token','Mã khôi phục mật khẩu này không hợp lệ.','2022-01-04 21:11:48','2022-01-04 21:11:48'),(378,1,'vi','core/acl/reminders','sent','Liên kết khôi phục mật khẩu đã được gửi!','2022-01-04 21:11:48','2022-01-04 21:11:48'),(379,1,'vi','core/acl/reminders','reset','Mật khẩu đã được thay đổi!','2022-01-04 21:11:48','2022-01-04 21:11:48'),(380,1,'vi','core/acl/users','delete_user_logged_in','Không thể xóa người dùng đang đăng nhập hệ thống!','2022-01-04 21:11:48','2022-01-04 21:11:48'),(381,1,'vi','core/acl/users','no_select','Hãy chọn ít nhất một trường để thực hiện hành động này!','2022-01-04 21:11:48','2022-01-04 21:11:48'),(382,1,'vi','core/acl/users','lock_user_logged_in','Không thể khóa người dùng đang đăng nhập hệ thống!','2022-01-04 21:11:48','2022-01-04 21:11:48'),(383,1,'vi','core/acl/users','update_success','Cập nhật trạng thái thành công!','2022-01-04 21:11:48','2022-01-04 21:11:48'),(384,1,'vi','core/acl/users','save_setting_failed','Có lỗi xảy ra trong quá trình lưu cài đặt của người dùng','2022-01-04 21:11:48','2022-01-04 21:11:48'),(385,1,'vi','core/acl/users','not_found','Không tìm thấy người dùng','2022-01-04 21:11:48','2022-01-04 21:11:48'),(386,1,'vi','core/acl/users','email_exist','Email này đã được sử dụng bởi người dùng khác trong hệ thống','2022-01-04 21:11:48','2022-01-04 21:11:48'),(387,1,'vi','core/acl/users','username_exist','Tên đăng nhập này đã được sử dụng bởi người dùng khác trong hệ thống','2022-01-04 21:11:48','2022-01-04 21:11:48'),(388,1,'vi','core/acl/users','update_profile_success','Thông tin tài khoản của bạn đã được cập nhật thành công','2022-01-04 21:11:48','2022-01-04 21:11:48'),(389,1,'vi','core/acl/users','password_update_success','Cập nhật mật khẩu thành công','2022-01-04 21:11:48','2022-01-04 21:11:48'),(390,1,'vi','core/acl/users','current_password_not_valid','Mật khẩu hiện tại không chính xác','2022-01-04 21:11:48','2022-01-04 21:11:48'),(391,1,'vi','core/acl/users','user_exist_in','Người dùng đã là thành viên','2022-01-04 21:11:48','2022-01-04 21:11:48'),(392,1,'vi','core/acl/users','email','Email','2022-01-04 21:11:48','2022-01-04 21:11:48'),(393,1,'vi','core/acl/users','username','Tên đăng nhập','2022-01-04 21:11:48','2022-01-04 21:11:48'),(394,1,'vi','core/acl/users','role','Phân quyền','2022-01-04 21:11:48','2022-01-04 21:11:48'),(395,1,'vi','core/acl/users','first_name','Họ','2022-01-04 21:11:48','2022-01-04 21:11:48'),(396,1,'vi','core/acl/users','last_name','Tên','2022-01-04 21:11:48','2022-01-04 21:11:48'),(397,1,'vi','core/acl/users','message','Thông điệp','2022-01-04 21:11:48','2022-01-04 21:11:48'),(398,1,'vi','core/acl/users','cancel_btn','Hủy bỏ','2022-01-04 21:11:48','2022-01-04 21:11:48'),(399,1,'vi','core/acl/users','password','Mật khẩu','2022-01-04 21:11:48','2022-01-04 21:11:48'),(400,1,'vi','core/acl/users','new_password','Mật khẩu mới','2022-01-04 21:11:48','2022-01-04 21:11:48'),(401,1,'vi','core/acl/users','save','Lưu','2022-01-04 21:11:48','2022-01-04 21:11:48'),(402,1,'vi','core/acl/users','confirm_new_password','Xác nhận mật khẩu mới','2022-01-04 21:11:48','2022-01-04 21:11:48'),(403,1,'vi','core/acl/users','deleted','Xóa thành viên thành công','2022-01-04 21:11:48','2022-01-04 21:11:48'),(404,1,'vi','core/acl/users','cannot_delete','Không thể xóa thành viên','2022-01-04 21:11:48','2022-01-04 21:11:48'),(405,1,'vi','core/acl/users','last_login','Lần cuối đăng nhập','2022-01-04 21:11:48','2022-01-04 21:11:48'),(406,1,'vi','core/acl/users','error_update_profile_image','Có lỗi trong quá trình đổi ảnh đại diện','2022-01-04 21:11:48','2022-01-04 21:11:48'),(407,1,'vi','core/acl/users','email_reminder_template','<h3>Xin chào :name</h3><p>Hệ thống vừa nhận được yêu cầu khôi phục mật khẩu cho tài khoản của bạn, để hoàn tất tác vụ này vui lòng click vào đường link bên dưới.</p><p><a href=\":link\">Khôi phục mật khẩu</a></p><p>Nếu không phải bạn yêu cầu khôi phục mật khẩu, vui lòng bỏ qua email này.</p><p>Email này có giá trị trong vòng 60 phút kể từ lúc nhận được email.</p>','2022-01-04 21:11:48','2022-01-04 21:11:48'),(408,1,'vi','core/acl/users','change_profile_image','Thay đổi ảnh đại diện','2022-01-04 21:11:48','2022-01-04 21:11:48'),(409,1,'vi','core/acl/users','new_image','Ảnh mới','2022-01-04 21:11:48','2022-01-04 21:11:48'),(410,1,'vi','core/acl/users','loading','Đang tải','2022-01-04 21:11:48','2022-01-04 21:11:48'),(411,1,'vi','core/acl/users','close','Đóng','2022-01-04 21:11:48','2022-01-04 21:11:48'),(412,1,'vi','core/acl/users','update','Cập nhật','2022-01-04 21:11:48','2022-01-04 21:11:48'),(413,1,'vi','core/acl/users','read_image_failed','Không đọc được nội dung của hình ảnh','2022-01-04 21:11:48','2022-01-04 21:11:48'),(414,1,'vi','core/acl/users','update_avatar_success','Cập nhật ảnh đại diện thành công!','2022-01-04 21:11:48','2022-01-04 21:11:48'),(415,1,'vi','core/acl/users','users','Quản trị viên','2022-01-04 21:11:48','2022-01-04 21:11:48'),(416,1,'vi','core/acl/users','info.title','Thông tin người dùng','2022-01-04 21:11:48','2022-01-04 21:11:48'),(417,1,'vi','core/acl/users','info.first_name','Họ','2022-01-04 21:11:48','2022-01-04 21:11:48'),(418,1,'vi','core/acl/users','info.last_name','Tên','2022-01-04 21:11:48','2022-01-04 21:11:48'),(419,1,'vi','core/acl/users','info.email','Email','2022-01-04 21:11:48','2022-01-04 21:11:48'),(420,1,'vi','core/acl/users','info.second_email','Email dự phòng','2022-01-04 21:11:48','2022-01-04 21:11:48'),(421,1,'vi','core/acl/users','info.address','Địa chỉ','2022-01-04 21:11:48','2022-01-04 21:11:48'),(422,1,'vi','core/acl/users','info.second_address','Địa chỉ dự phòng','2022-01-04 21:11:48','2022-01-04 21:11:48'),(423,1,'vi','core/acl/users','info.birth_day','Ngày sinh','2022-01-04 21:11:48','2022-01-04 21:11:48'),(424,1,'vi','core/acl/users','info.job','Nghề nghiệp','2022-01-04 21:11:48','2022-01-04 21:11:48'),(425,1,'vi','core/acl/users','info.mobile_number','Số điện thoại di động','2022-01-04 21:11:48','2022-01-04 21:11:48'),(426,1,'vi','core/acl/users','info.second_mobile_number','Số điện thoại dự phòng','2022-01-04 21:11:48','2022-01-04 21:11:48'),(427,1,'vi','core/acl/users','info.interes','Sở thích','2022-01-04 21:11:48','2022-01-04 21:11:48'),(428,1,'vi','core/acl/users','info.about','Giới thiệu','2022-01-04 21:11:48','2022-01-04 21:11:48'),(429,1,'vi','core/acl/users','gender.title','Giới tính','2022-01-04 21:11:48','2022-01-04 21:11:48'),(430,1,'vi','core/acl/users','gender.male','nam','2022-01-04 21:11:48','2022-01-04 21:11:48'),(431,1,'vi','core/acl/users','gender.female','nữ','2022-01-04 21:11:48','2022-01-04 21:11:48'),(432,1,'vi','core/acl/users','change_password','Thay đổi mật khẩu','2022-01-04 21:11:48','2022-01-04 21:11:48'),(433,1,'vi','core/acl/users','current_password','Mật khẩu hiện tại','2022-01-04 21:11:48','2022-01-04 21:11:48'),(434,1,'en','core/base/base','yes','Yes','2022-01-04 21:11:48','2022-01-04 21:11:48'),(435,1,'en','core/base/base','no','No','2022-01-04 21:11:48','2022-01-04 21:11:48'),(436,1,'en','core/base/base','is_default','Is default?','2022-01-04 21:11:48','2022-01-04 21:11:48'),(437,1,'en','core/base/base','proc_close_disabled_error','Function proc_close() is disabled. Please contact your hosting provider to enable\n    it. Or you can add to .env: CAN_EXECUTE_COMMAND=false to disable this feature.','2022-01-04 21:11:48','2022-01-04 21:11:48'),(438,1,'en','core/base/base','email_template.header','Email template header','2022-01-04 21:11:48','2022-01-04 21:11:48'),(439,1,'en','core/base/base','email_template.footer','Email template footer','2022-01-04 21:11:48','2022-01-04 21:11:48'),(440,1,'en','core/base/base','email_template.site_title','Site title','2022-01-04 21:11:48','2022-01-04 21:11:48'),(441,1,'en','core/base/base','email_template.site_url','Site URL','2022-01-04 21:11:48','2022-01-04 21:11:48'),(442,1,'en','core/base/base','email_template.site_logo','Site Logo','2022-01-04 21:11:48','2022-01-04 21:11:48'),(443,1,'en','core/base/base','email_template.date_time','Current date time','2022-01-04 21:11:48','2022-01-04 21:11:48'),(444,1,'en','core/base/base','email_template.date_year','Current year','2022-01-04 21:11:48','2022-01-04 21:11:48'),(445,1,'en','core/base/base','email_template.site_admin_email','Site admin email','2022-01-04 21:11:48','2022-01-04 21:11:48'),(446,1,'en','core/base/base','change_image','Change image','2022-01-04 21:11:48','2022-01-04 21:11:48'),(447,1,'en','core/base/base','delete_image','Delete image','2022-01-04 21:11:48','2022-01-04 21:11:48'),(448,1,'en','core/base/base','preview_image','Preview image','2022-01-04 21:11:48','2022-01-04 21:11:48'),(449,1,'en','core/base/base','image','Image','2022-01-04 21:11:48','2022-01-04 21:11:48'),(450,1,'en','core/base/base','using_button','Using button','2022-01-04 21:11:48','2022-01-04 21:11:48'),(451,1,'en','core/base/base','select_image','Select image','2022-01-04 21:11:48','2022-01-04 21:11:48'),(452,1,'en','core/base/base','to_add_more_image','to add more images','2022-01-04 21:11:48','2022-01-04 21:11:48'),(453,1,'en','core/base/base','add_image','Add image','2022-01-04 21:11:48','2022-01-04 21:11:48'),(454,1,'en','core/base/base','tools','Tools','2022-01-04 21:11:48','2022-01-04 21:11:48'),(455,1,'en','core/base/cache','cache_management','Cache management','2022-01-04 21:11:48','2022-01-04 21:11:48'),(456,1,'en','core/base/cache','cache_commands','Clear cache commands','2022-01-04 21:11:48','2022-01-04 21:11:48'),(457,1,'en','core/base/cache','commands.clear_cms_cache.title','Clear all CMS cache','2022-01-04 21:11:48','2022-01-04 21:11:48'),(458,1,'en','core/base/cache','commands.clear_cms_cache.description','Clear CMS caching: database caching, static blocks... Run this command when you don\'t see the changes after updating data.','2022-01-04 21:11:48','2022-01-04 21:11:48'),(459,1,'en','core/base/cache','commands.clear_cms_cache.success_msg','Cache cleaned','2022-01-04 21:11:48','2022-01-04 21:11:48'),(460,1,'en','core/base/cache','commands.refresh_compiled_views.title','Refresh compiled views','2022-01-04 21:11:48','2022-01-04 21:11:48'),(461,1,'en','core/base/cache','commands.refresh_compiled_views.description','Clear compiled views to make views up to date.','2022-01-04 21:11:48','2022-01-04 21:11:48'),(462,1,'en','core/base/cache','commands.refresh_compiled_views.success_msg','Cache view refreshed','2022-01-04 21:11:48','2022-01-04 21:11:48'),(463,1,'en','core/base/cache','commands.clear_config_cache.title','Clear config cache','2022-01-04 21:11:48','2022-01-04 21:11:48'),(464,1,'en','core/base/cache','commands.clear_config_cache.description','You might need to refresh the config caching when you change something on production environment.','2022-01-04 21:11:48','2022-01-04 21:11:48'),(465,1,'en','core/base/cache','commands.clear_config_cache.success_msg','Config cache cleaned','2022-01-04 21:11:48','2022-01-04 21:11:48'),(466,1,'en','core/base/cache','commands.clear_route_cache.title','Clear route cache','2022-01-04 21:11:48','2022-01-04 21:11:48'),(467,1,'en','core/base/cache','commands.clear_route_cache.description','Clear cache routing.','2022-01-04 21:11:48','2022-01-04 21:11:48'),(468,1,'en','core/base/cache','commands.clear_route_cache.success_msg','The route cache has been cleaned','2022-01-04 21:11:48','2022-01-04 21:11:48'),(469,1,'en','core/base/cache','commands.clear_log.title','Clear log','2022-01-04 21:11:48','2022-01-04 21:11:48'),(470,1,'en','core/base/cache','commands.clear_log.description','Clear system log files','2022-01-04 21:11:48','2022-01-04 21:11:48'),(471,1,'en','core/base/cache','commands.clear_log.success_msg','The system log has been cleaned','2022-01-04 21:11:48','2022-01-04 21:11:48'),(472,1,'en','core/base/enums','statuses.draft','Draft','2022-01-04 21:11:48','2022-01-04 21:11:48'),(473,1,'en','core/base/enums','statuses.pending','Pending','2022-01-04 21:11:48','2022-01-04 21:11:48'),(474,1,'en','core/base/enums','statuses.published','Published','2022-01-04 21:11:48','2022-01-04 21:11:48'),(475,1,'en','core/base/errors','401_title','Permission Denied','2022-01-04 21:11:48','2022-01-04 21:11:48'),(476,1,'en','core/base/errors','401_msg','<li>You have not been granted access to the section by the administrator.</li>\n	                <li>You may have the wrong account type.</li>\n	                <li>You are not authorized to view the requested resource.</li>\n	                <li>Your subscription may have expired.</li>','2022-01-04 21:11:49','2022-01-04 21:11:49'),(477,1,'en','core/base/errors','404_title','Page could not be found','2022-01-04 21:11:49','2022-01-04 21:11:49'),(478,1,'en','core/base/errors','404_msg','<li>The page you requested does not exist.</li>\n	                <li>The link you clicked is no longer.</li>\n	                <li>The page may have moved to a new location.</li>\n	                <li>An error may have occurred.</li>\n	                <li>You are not authorized to view the requested resource.</li>','2022-01-04 21:11:49','2022-01-04 21:11:49'),(479,1,'en','core/base/errors','500_title','Page could not be loaded','2022-01-04 21:11:49','2022-01-04 21:11:49'),(480,1,'en','core/base/errors','500_msg','<li>The page you requested does not exist.</li>\n	                <li>The link you clicked is no longer.</li>\n	                <li>The page may have moved to a new location.</li>\n	                <li>An error may have occurred.</li>\n	                <li>You are not authorized to view the requested resource.</li>','2022-01-04 21:11:49','2022-01-04 21:11:49'),(481,1,'en','core/base/errors','reasons','This may have occurred because of several reasons','2022-01-04 21:11:49','2022-01-04 21:11:49'),(482,1,'en','core/base/errors','try_again','Please try again in a few minutes, or alternatively return to the homepage by <a href=\"http://wowy.test/admin\">clicking here</a>.','2022-01-04 21:11:49','2022-01-04 21:11:49'),(483,1,'en','core/base/errors','not_found','Not Found','2022-01-04 21:11:49','2022-01-04 21:11:49'),(484,1,'en','core/base/forms','choose_image','Choose image','2022-01-04 21:11:49','2022-01-04 21:11:49'),(485,1,'en','core/base/forms','actions','Actions','2022-01-04 21:11:49','2022-01-04 21:11:49'),(486,1,'en','core/base/forms','save','Save','2022-01-04 21:11:49','2022-01-04 21:11:49'),(487,1,'en','core/base/forms','save_and_continue','Save & Edit','2022-01-04 21:11:49','2022-01-04 21:11:49'),(488,1,'en','core/base/forms','image','Image','2022-01-04 21:11:49','2022-01-04 21:11:49'),(489,1,'en','core/base/forms','image_placeholder','Insert path of image or click upload button','2022-01-04 21:11:49','2022-01-04 21:11:49'),(490,1,'en','core/base/forms','create','Create','2022-01-04 21:11:49','2022-01-04 21:11:49'),(491,1,'en','core/base/forms','edit','Edit','2022-01-04 21:11:49','2022-01-04 21:11:49'),(492,1,'en','core/base/forms','permalink','Permalink','2022-01-04 21:11:49','2022-01-04 21:11:49'),(493,1,'en','core/base/forms','ok','OK','2022-01-04 21:11:49','2022-01-04 21:11:49'),(494,1,'en','core/base/forms','cancel','Cancel','2022-01-04 21:11:49','2022-01-04 21:11:49'),(495,1,'en','core/base/forms','character_remain','character(s) remain','2022-01-04 21:11:49','2022-01-04 21:11:49'),(496,1,'en','core/base/forms','template','Template','2022-01-04 21:11:49','2022-01-04 21:11:49'),(497,1,'en','core/base/forms','choose_file','Choose file','2022-01-04 21:11:49','2022-01-04 21:11:49'),(498,1,'en','core/base/forms','file','File','2022-01-04 21:11:49','2022-01-04 21:11:49'),(499,1,'en','core/base/forms','content','Content','2022-01-04 21:11:49','2022-01-04 21:11:49'),(500,1,'en','core/base/forms','description','Description','2022-01-04 21:11:49','2022-01-04 21:11:49'),(501,1,'en','core/base/forms','name','Name','2022-01-04 21:11:49','2022-01-04 21:11:49'),(502,1,'en','core/base/forms','slug','Slug','2022-01-04 21:11:49','2022-01-04 21:11:49'),(503,1,'en','core/base/forms','title','Title','2022-01-04 21:11:49','2022-01-04 21:11:49'),(504,1,'en','core/base/forms','value','Value','2022-01-04 21:11:49','2022-01-04 21:11:49'),(505,1,'en','core/base/forms','name_placeholder','Name','2022-01-04 21:11:49','2022-01-04 21:11:49'),(506,1,'en','core/base/forms','alias_placeholder','Alias','2022-01-04 21:11:49','2022-01-04 21:11:49'),(507,1,'en','core/base/forms','description_placeholder','Short description','2022-01-04 21:11:49','2022-01-04 21:11:49'),(508,1,'en','core/base/forms','parent','Parent','2022-01-04 21:11:49','2022-01-04 21:11:49'),(509,1,'en','core/base/forms','icon','Icon','2022-01-04 21:11:49','2022-01-04 21:11:49'),(510,1,'en','core/base/forms','icon_placeholder','Ex: fa fa-home','2022-01-04 21:11:49','2022-01-04 21:11:49'),(511,1,'en','core/base/forms','order_by','Order by','2022-01-04 21:11:49','2022-01-04 21:11:49'),(512,1,'en','core/base/forms','order_by_placeholder','Order by','2022-01-04 21:11:49','2022-01-04 21:11:49'),(513,1,'en','core/base/forms','is_featured','Is featured?','2022-01-04 21:11:49','2022-01-04 21:11:49'),(514,1,'en','core/base/forms','is_default','Is default?','2022-01-04 21:11:49','2022-01-04 21:11:49'),(515,1,'en','core/base/forms','update','Update','2022-01-04 21:11:49','2022-01-04 21:11:49'),(516,1,'en','core/base/forms','publish','Publish','2022-01-04 21:11:49','2022-01-04 21:11:49'),(517,1,'en','core/base/forms','remove_image','Remove image','2022-01-04 21:11:49','2022-01-04 21:11:49'),(518,1,'en','core/base/forms','remove_file','Remove file','2022-01-04 21:11:49','2022-01-04 21:11:49'),(519,1,'en','core/base/forms','order','Order','2022-01-04 21:11:49','2022-01-04 21:11:49'),(520,1,'en','core/base/forms','alias','Alias','2022-01-04 21:11:49','2022-01-04 21:11:49'),(521,1,'en','core/base/forms','basic_information','Basic information','2022-01-04 21:11:49','2022-01-04 21:11:49'),(522,1,'en','core/base/forms','short_code','Shortcode','2022-01-04 21:11:49','2022-01-04 21:11:49'),(523,1,'en','core/base/forms','add_short_code','Add a shortcode','2022-01-04 21:11:49','2022-01-04 21:11:49'),(524,1,'en','core/base/forms','add','Add','2022-01-04 21:11:49','2022-01-04 21:11:49'),(525,1,'en','core/base/forms','link','Link','2022-01-04 21:11:49','2022-01-04 21:11:49'),(526,1,'en','core/base/forms','show_hide_editor','Show/Hide Editor','2022-01-04 21:11:49','2022-01-04 21:11:49'),(527,1,'en','core/base/forms','basic_info_title','Basic information','2022-01-04 21:11:49','2022-01-04 21:11:49'),(528,1,'en','core/base/forms','expand_all','Expand all','2022-01-04 21:11:49','2022-01-04 21:11:49'),(529,1,'en','core/base/forms','collapse_all','Collapse all','2022-01-04 21:11:49','2022-01-04 21:11:49'),(530,1,'en','core/base/forms','view_new_tab','Open in new tab','2022-01-04 21:11:49','2022-01-04 21:11:49'),(531,1,'en','core/base/layouts','platform_admin','Platform Administration','2022-01-04 21:11:49','2022-01-04 21:11:49'),(532,1,'en','core/base/layouts','dashboard','Dashboard','2022-01-04 21:11:49','2022-01-04 21:11:49'),(533,1,'en','core/base/layouts','widgets','Widgets','2022-01-04 21:11:49','2022-01-04 21:11:49'),(534,1,'en','core/base/layouts','plugins','Plugins','2022-01-04 21:11:49','2022-01-04 21:11:49'),(535,1,'en','core/base/layouts','settings','Settings','2022-01-04 21:11:49','2022-01-04 21:11:49'),(536,1,'en','core/base/layouts','setting_general','General','2022-01-04 21:11:49','2022-01-04 21:11:49'),(537,1,'en','core/base/layouts','setting_email','Email','2022-01-04 21:11:49','2022-01-04 21:11:49'),(538,1,'en','core/base/layouts','system_information','System information','2022-01-04 21:11:49','2022-01-04 21:11:49'),(539,1,'en','core/base/layouts','theme','Theme','2022-01-04 21:11:49','2022-01-04 21:11:49'),(540,1,'en','core/base/layouts','copyright','Copyright :year &copy; :company. Version: <span>:version</span>','2022-01-04 21:11:49','2022-01-04 21:11:49'),(541,1,'en','core/base/layouts','profile','Profile','2022-01-04 21:11:49','2022-01-04 21:11:49'),(542,1,'en','core/base/layouts','logout','Logout','2022-01-04 21:11:49','2022-01-04 21:11:49'),(543,1,'en','core/base/layouts','no_search_result','No results found, please try with different keywords.','2022-01-04 21:11:49','2022-01-04 21:11:49'),(544,1,'en','core/base/layouts','home','Home','2022-01-04 21:11:49','2022-01-04 21:11:49'),(545,1,'en','core/base/layouts','search','Search','2022-01-04 21:11:49','2022-01-04 21:11:49'),(546,1,'en','core/base/layouts','add_new','Add new','2022-01-04 21:11:49','2022-01-04 21:11:49'),(547,1,'en','core/base/layouts','n_a','N/A','2022-01-04 21:11:49','2022-01-04 21:11:49'),(548,1,'en','core/base/layouts','page_loaded_time','Page loaded in','2022-01-04 21:11:49','2022-01-04 21:11:49'),(549,1,'en','core/base/layouts','view_website','View website','2022-01-04 21:11:49','2022-01-04 21:11:49'),(550,1,'en','core/base/mail','send-fail','Send email failed','2022-01-04 21:11:49','2022-01-04 21:11:49'),(551,1,'en','core/base/notices','create_success_message','Created successfully','2022-01-04 21:11:49','2022-01-04 21:11:49'),(552,1,'en','core/base/notices','update_success_message','Updated successfully','2022-01-04 21:11:49','2022-01-04 21:11:49'),(553,1,'en','core/base/notices','delete_success_message','Deleted successfully','2022-01-04 21:11:49','2022-01-04 21:11:49'),(554,1,'en','core/base/notices','success_header','Success!','2022-01-04 21:11:49','2022-01-04 21:11:49'),(555,1,'en','core/base/notices','error_header','Error!','2022-01-04 21:11:49','2022-01-04 21:11:49'),(556,1,'en','core/base/notices','no_select','Please select at least one record to perform this action!','2022-01-04 21:11:49','2022-01-04 21:11:49'),(557,1,'en','core/base/notices','processing_request','We are processing your request.','2022-01-04 21:11:49','2022-01-04 21:11:49'),(558,1,'en','core/base/notices','error','Error!','2022-01-04 21:11:49','2022-01-04 21:11:49'),(559,1,'en','core/base/notices','success','Success!','2022-01-04 21:11:49','2022-01-04 21:11:49'),(560,1,'en','core/base/notices','info','Info!','2022-01-04 21:11:49','2022-01-04 21:11:49'),(561,1,'en','core/base/notices','enum.validate_message','The :attribute value you have entered is invalid.','2022-01-04 21:11:49','2022-01-04 21:11:49'),(562,1,'en','core/base/system','no_select','Please select at least one record to take this action!','2022-01-04 21:11:49','2022-01-04 21:11:49'),(563,1,'en','core/base/system','cannot_find_user','Unable to find specified user','2022-01-04 21:11:49','2022-01-04 21:11:49'),(564,1,'en','core/base/system','supper_revoked','Super user access revoked','2022-01-04 21:11:49','2022-01-04 21:11:49'),(565,1,'en','core/base/system','cannot_revoke_yourself','Can not revoke supper user access permission yourself!','2022-01-04 21:11:49','2022-01-04 21:11:49'),(566,1,'en','core/base/system','cant_remove_supper','You don\'t has permission to remove this super user','2022-01-04 21:11:49','2022-01-04 21:11:49'),(567,1,'en','core/base/system','cant_find_user_with_email','Unable to find user with specified email address','2022-01-04 21:11:49','2022-01-04 21:11:49'),(568,1,'en','core/base/system','supper_granted','Super user access granted','2022-01-04 21:11:49','2022-01-04 21:11:49'),(569,1,'en','core/base/system','delete_log_success','Delete log file successfully!','2022-01-04 21:11:49','2022-01-04 21:11:49'),(570,1,'en','core/base/system','get_member_success','Member list retrieved successfully','2022-01-04 21:11:49','2022-01-04 21:11:49'),(571,1,'en','core/base/system','error_occur','The following errors occurred','2022-01-04 21:11:49','2022-01-04 21:11:49'),(572,1,'en','core/base/system','user_management','User Management','2022-01-04 21:11:49','2022-01-04 21:11:49'),(573,1,'en','core/base/system','user_management_description','Manage users.','2022-01-04 21:11:49','2022-01-04 21:11:49'),(574,1,'en','core/base/system','role_and_permission','Roles and Permissions','2022-01-04 21:11:49','2022-01-04 21:11:49'),(575,1,'en','core/base/system','role_and_permission_description','Manage the available roles.','2022-01-04 21:11:49','2022-01-04 21:11:49'),(576,1,'en','core/base/system','user.list_super','List Super Users','2022-01-04 21:11:49','2022-01-04 21:11:49'),(577,1,'en','core/base/system','user.email','Email','2022-01-04 21:11:49','2022-01-04 21:11:49'),(578,1,'en','core/base/system','user.last_login','Last Login','2022-01-04 21:11:49','2022-01-04 21:11:49'),(579,1,'en','core/base/system','user.username','Username','2022-01-04 21:11:49','2022-01-04 21:11:49'),(580,1,'en','core/base/system','user.add_user','Add Super User','2022-01-04 21:11:49','2022-01-04 21:11:49'),(581,1,'en','core/base/system','user.cancel','Cancel','2022-01-04 21:11:49','2022-01-04 21:11:49'),(582,1,'en','core/base/system','user.create','Create','2022-01-04 21:11:49','2022-01-04 21:11:49'),(583,1,'en','core/base/system','options.features','Feature Access Control','2022-01-04 21:11:49','2022-01-04 21:11:49'),(584,1,'en','core/base/system','options.feature_description','Manage the available.','2022-01-04 21:11:49','2022-01-04 21:11:49'),(585,1,'en','core/base/system','options.manage_super','Super User Management','2022-01-04 21:11:49','2022-01-04 21:11:49'),(586,1,'en','core/base/system','options.manage_super_description','Add/remove super users.','2022-01-04 21:11:49','2022-01-04 21:11:49'),(587,1,'en','core/base/system','options.info','System information','2022-01-04 21:11:49','2022-01-04 21:11:49'),(588,1,'en','core/base/system','options.info_description','All information about current system configuration.','2022-01-04 21:11:49','2022-01-04 21:11:49'),(589,1,'en','core/base/system','info.title','System information','2022-01-04 21:11:49','2022-01-04 21:11:49'),(590,1,'en','core/base/system','info.cache','Cache','2022-01-04 21:11:49','2022-01-04 21:11:49'),(591,1,'en','core/base/system','info.locale','Active locale','2022-01-04 21:11:49','2022-01-04 21:11:49'),(592,1,'en','core/base/system','info.environment','Environment','2022-01-04 21:11:49','2022-01-04 21:11:49'),(593,1,'en','core/base/system','disabled_in_demo_mode','You cannot do it in demo mode!','2022-01-04 21:11:49','2022-01-04 21:11:49'),(594,1,'en','core/base/system','report_description','Please share this information for troubleshooting','2022-01-04 21:11:49','2022-01-04 21:11:49'),(595,1,'en','core/base/system','get_system_report','Get System Report','2022-01-04 21:11:49','2022-01-04 21:11:49'),(596,1,'en','core/base/system','system_environment','System Environment','2022-01-04 21:11:49','2022-01-04 21:11:49'),(597,1,'en','core/base/system','framework_version','Framework Version','2022-01-04 21:11:49','2022-01-04 21:11:49'),(598,1,'en','core/base/system','timezone','Timezone','2022-01-04 21:11:49','2022-01-04 21:11:49'),(599,1,'en','core/base/system','debug_mode','Debug Mode','2022-01-04 21:11:49','2022-01-04 21:11:49'),(600,1,'en','core/base/system','storage_dir_writable','Storage Dir Writable','2022-01-04 21:11:49','2022-01-04 21:11:49'),(601,1,'en','core/base/system','cache_dir_writable','Cache Dir Writable','2022-01-04 21:11:49','2022-01-04 21:11:49'),(602,1,'en','core/base/system','app_size','App Size','2022-01-04 21:11:49','2022-01-04 21:11:49'),(603,1,'en','core/base/system','server_environment','Server Environment','2022-01-04 21:11:49','2022-01-04 21:11:49'),(604,1,'en','core/base/system','php_version','PHP Version','2022-01-04 21:11:49','2022-01-04 21:11:49'),(605,1,'en','core/base/system','php_version_error','PHP must be >= :version','2022-01-04 21:11:49','2022-01-04 21:11:49'),(606,1,'en','core/base/system','server_software','Server Software','2022-01-04 21:11:49','2022-01-04 21:11:49'),(607,1,'en','core/base/system','server_os','Server OS','2022-01-04 21:11:49','2022-01-04 21:11:49'),(608,1,'en','core/base/system','database','Database','2022-01-04 21:11:49','2022-01-04 21:11:49'),(609,1,'en','core/base/system','ssl_installed','SSL Installed','2022-01-04 21:11:49','2022-01-04 21:11:49'),(610,1,'en','core/base/system','cache_driver','Cache Driver','2022-01-04 21:11:49','2022-01-04 21:11:49'),(611,1,'en','core/base/system','session_driver','Session Driver','2022-01-04 21:11:49','2022-01-04 21:11:49'),(612,1,'en','core/base/system','queue_connection','Queue Connection','2022-01-04 21:11:49','2022-01-04 21:11:49'),(613,1,'en','core/base/system','mbstring_ext','Mbstring Ext','2022-01-04 21:11:49','2022-01-04 21:11:49'),(614,1,'en','core/base/system','openssl_ext','OpenSSL Ext','2022-01-04 21:11:49','2022-01-04 21:11:49'),(615,1,'en','core/base/system','pdo_ext','PDO Ext','2022-01-04 21:11:49','2022-01-04 21:11:49'),(616,1,'en','core/base/system','curl_ext','CURL Ext','2022-01-04 21:11:49','2022-01-04 21:11:49'),(617,1,'en','core/base/system','exif_ext','Exif Ext','2022-01-04 21:11:49','2022-01-04 21:11:49'),(618,1,'en','core/base/system','file_info_ext','File info Ext','2022-01-04 21:11:49','2022-01-04 21:11:49'),(619,1,'en','core/base/system','tokenizer_ext','Tokenizer Ext','2022-01-04 21:11:49','2022-01-04 21:11:49'),(620,1,'en','core/base/system','extra_stats','Extra Stats','2022-01-04 21:11:49','2022-01-04 21:11:49'),(621,1,'en','core/base/system','installed_packages','Installed packages and their version numbers','2022-01-04 21:11:49','2022-01-04 21:11:49'),(622,1,'en','core/base/system','extra_information','Extra Information','2022-01-04 21:11:49','2022-01-04 21:11:49'),(623,1,'en','core/base/system','copy_report','Copy Report','2022-01-04 21:11:49','2022-01-04 21:11:49'),(624,1,'en','core/base/system','package_name','Package Name','2022-01-04 21:11:49','2022-01-04 21:11:49'),(625,1,'en','core/base/system','dependency_name','Dependency Name','2022-01-04 21:11:49','2022-01-04 21:11:49'),(626,1,'en','core/base/system','version','Version','2022-01-04 21:11:49','2022-01-04 21:11:49'),(627,1,'en','core/base/system','cms_version','CMS Version','2022-01-04 21:11:49','2022-01-04 21:11:49'),(628,1,'en','core/base/system','imagick_or_gd_ext','Imagick/GD Ext','2022-01-04 21:11:49','2022-01-04 21:11:49'),(629,1,'en','core/base/system','updater','System Updater','2022-01-04 21:11:49','2022-01-04 21:11:49'),(630,1,'en','core/base/system','zip','Zip Ext','2022-01-04 21:11:49','2022-01-04 21:11:49'),(631,1,'en','core/base/tables','id','ID','2022-01-04 21:11:49','2022-01-04 21:11:49'),(632,1,'en','core/base/tables','name','Name','2022-01-04 21:11:49','2022-01-04 21:11:49'),(633,1,'en','core/base/tables','slug','Slug','2022-01-04 21:11:49','2022-01-04 21:11:49'),(634,1,'en','core/base/tables','title','Title','2022-01-04 21:11:49','2022-01-04 21:11:49'),(635,1,'en','core/base/tables','order_by','Order By','2022-01-04 21:11:49','2022-01-04 21:11:49'),(636,1,'en','core/base/tables','order','Order','2022-01-04 21:11:49','2022-01-04 21:11:49'),(637,1,'en','core/base/tables','status','Status','2022-01-04 21:11:49','2022-01-04 21:11:49'),(638,1,'en','core/base/tables','created_at','Created At','2022-01-04 21:11:49','2022-01-04 21:11:49'),(639,1,'en','core/base/tables','updated_at','Updated At','2022-01-04 21:11:49','2022-01-04 21:11:49'),(640,1,'en','core/base/tables','description','Description','2022-01-04 21:11:49','2022-01-04 21:11:49'),(641,1,'en','core/base/tables','operations','Operations','2022-01-04 21:11:49','2022-01-04 21:11:49'),(642,1,'en','core/base/tables','url','URL','2022-01-04 21:11:49','2022-01-04 21:11:49'),(643,1,'en','core/base/tables','author','Author','2022-01-04 21:11:49','2022-01-04 21:11:49'),(644,1,'en','core/base/tables','notes','Notes','2022-01-04 21:11:49','2022-01-04 21:11:49'),(645,1,'en','core/base/tables','column','Column','2022-01-04 21:11:49','2022-01-04 21:11:49'),(646,1,'en','core/base/tables','origin','Origin','2022-01-04 21:11:49','2022-01-04 21:11:49'),(647,1,'en','core/base/tables','after_change','After changes','2022-01-04 21:11:49','2022-01-04 21:11:49'),(648,1,'en','core/base/tables','views','Views','2022-01-04 21:11:49','2022-01-04 21:11:49'),(649,1,'en','core/base/tables','browser','Browser','2022-01-04 21:11:49','2022-01-04 21:11:49'),(650,1,'en','core/base/tables','session','Session','2022-01-04 21:11:49','2022-01-04 21:11:49'),(651,1,'en','core/base/tables','activated','activated','2022-01-04 21:11:49','2022-01-04 21:11:49'),(652,1,'en','core/base/tables','deactivated','deactivated','2022-01-04 21:11:49','2022-01-04 21:11:49'),(653,1,'en','core/base/tables','is_featured','Is featured','2022-01-04 21:11:49','2022-01-04 21:11:49'),(654,1,'en','core/base/tables','edit','Edit','2022-01-04 21:11:49','2022-01-04 21:11:49'),(655,1,'en','core/base/tables','delete','Delete','2022-01-04 21:11:49','2022-01-04 21:11:49'),(656,1,'en','core/base/tables','restore','Restore','2022-01-04 21:11:49','2022-01-04 21:11:49'),(657,1,'en','core/base/tables','activate','Activate','2022-01-04 21:11:49','2022-01-04 21:11:49'),(658,1,'en','core/base/tables','deactivate','Deactivate','2022-01-04 21:11:49','2022-01-04 21:11:49'),(659,1,'en','core/base/tables','excel','Excel','2022-01-04 21:11:49','2022-01-04 21:11:49'),(660,1,'en','core/base/tables','export','Export','2022-01-04 21:11:49','2022-01-04 21:11:49'),(661,1,'en','core/base/tables','csv','CSV','2022-01-04 21:11:49','2022-01-04 21:11:49'),(662,1,'en','core/base/tables','pdf','PDF','2022-01-04 21:11:49','2022-01-04 21:11:49'),(663,1,'en','core/base/tables','print','Print','2022-01-04 21:11:49','2022-01-04 21:11:49'),(664,1,'en','core/base/tables','reset','Reset','2022-01-04 21:11:49','2022-01-04 21:11:49'),(665,1,'en','core/base/tables','reload','Reload','2022-01-04 21:11:49','2022-01-04 21:11:49'),(666,1,'en','core/base/tables','display','Display','2022-01-04 21:11:49','2022-01-04 21:11:49'),(667,1,'en','core/base/tables','all','All','2022-01-04 21:11:49','2022-01-04 21:11:49'),(668,1,'en','core/base/tables','add_new','Add New','2022-01-04 21:11:49','2022-01-04 21:11:49'),(669,1,'en','core/base/tables','action','Actions','2022-01-04 21:11:49','2022-01-04 21:11:49'),(670,1,'en','core/base/tables','delete_entry','Delete','2022-01-04 21:11:49','2022-01-04 21:11:49'),(671,1,'en','core/base/tables','view','View Detail','2022-01-04 21:11:49','2022-01-04 21:11:49'),(672,1,'en','core/base/tables','save','Save','2022-01-04 21:11:49','2022-01-04 21:11:49'),(673,1,'en','core/base/tables','show_from','Show from','2022-01-04 21:11:49','2022-01-04 21:11:49'),(674,1,'en','core/base/tables','to','to','2022-01-04 21:11:49','2022-01-04 21:11:49'),(675,1,'en','core/base/tables','in','in','2022-01-04 21:11:49','2022-01-04 21:11:49'),(676,1,'en','core/base/tables','records','records','2022-01-04 21:11:49','2022-01-04 21:11:49'),(677,1,'en','core/base/tables','no_data','No data to display','2022-01-04 21:11:49','2022-01-04 21:11:49'),(678,1,'en','core/base/tables','no_record','No record','2022-01-04 21:11:49','2022-01-04 21:11:49'),(679,1,'en','core/base/tables','confirm_delete','Confirm delete','2022-01-04 21:11:49','2022-01-04 21:11:49'),(680,1,'en','core/base/tables','confirm_delete_msg','Do you really want to delete this record?','2022-01-04 21:11:49','2022-01-04 21:11:49'),(681,1,'en','core/base/tables','confirm_delete_many_msg','Do you really want to delete selected record(s)?','2022-01-04 21:11:49','2022-01-04 21:11:49'),(682,1,'en','core/base/tables','cancel','Cancel','2022-01-04 21:11:49','2022-01-04 21:11:49'),(683,1,'en','core/base/tables','template','Template','2022-01-04 21:11:49','2022-01-04 21:11:49'),(684,1,'en','core/base/tables','email','Email','2022-01-04 21:11:49','2022-01-04 21:11:49'),(685,1,'en','core/base/tables','last_login','Last login','2022-01-04 21:11:49','2022-01-04 21:11:49'),(686,1,'en','core/base/tables','shortcode','Shortcode','2022-01-04 21:11:49','2022-01-04 21:11:49'),(687,1,'en','core/base/tables','image','Image','2022-01-04 21:11:49','2022-01-04 21:11:49'),(688,1,'en','core/base/tables','bulk_changes','Bulk changes','2022-01-04 21:11:49','2022-01-04 21:11:49'),(689,1,'en','core/base/tables','submit','Submit','2022-01-04 21:11:49','2022-01-04 21:11:49'),(690,1,'en','core/base/tables','please_select_record','Please select at least one record to perform this action!','2022-01-04 21:11:49','2022-01-04 21:11:49'),(691,1,'en','core/base/tabs','detail','Detail','2022-01-04 21:11:49','2022-01-04 21:11:49'),(692,1,'en','core/base/tabs','file','Files','2022-01-04 21:11:49','2022-01-04 21:11:49'),(693,1,'en','core/base/tabs','record_note','Record Note','2022-01-04 21:11:49','2022-01-04 21:11:49'),(694,1,'en','core/base/tabs','revision','Revision History','2022-01-04 21:11:49','2022-01-04 21:11:49'),(695,1,'vi','core/base/cache','cache_management','Quản lý bộ nhớ đệm','2022-01-04 21:11:49','2022-01-04 21:11:49'),(696,1,'vi','core/base/cache','cache_commands','Các lệnh xoá bộ nhớ đệm cơ bản','2022-01-04 21:11:49','2022-01-04 21:11:49'),(697,1,'vi','core/base/cache','commands.clear_cms_cache.title','Xóa tất cả bộ đệm hiện có của ứng dụng','2022-01-04 21:11:49','2022-01-04 21:11:49'),(698,1,'vi','core/base/cache','commands.clear_cms_cache.description','Xóa các bộ nhớ đệm của ứng dụng: cơ sở dữ liệu, nội dung tĩnh... Chạy lệnh này khi bạn thử cập nhật dữ liệu nhưng giao diện không thay đổi','2022-01-04 21:11:49','2022-01-04 21:11:49'),(699,1,'vi','core/base/cache','commands.clear_cms_cache.success_msg','Bộ đệm đã được xóa','2022-01-04 21:11:49','2022-01-04 21:11:49'),(700,1,'vi','core/base/cache','commands.refresh_compiled_views.title','Làm mới bộ đệm giao diện','2022-01-04 21:11:49','2022-01-04 21:11:49'),(701,1,'vi','core/base/cache','commands.refresh_compiled_views.description','Làm mới bộ đệm giao diện giúp phần giao diện luôn mới nhất','2022-01-04 21:11:49','2022-01-04 21:11:49'),(702,1,'vi','core/base/cache','commands.refresh_compiled_views.success_msg','Bộ đệm giao diện đã được làm mới','2022-01-04 21:11:49','2022-01-04 21:11:49'),(703,1,'vi','core/base/cache','commands.clear_config_cache.title','Xóa bộ nhớ đệm của phần cấu hình','2022-01-04 21:11:49','2022-01-04 21:11:49'),(704,1,'vi','core/base/cache','commands.clear_config_cache.description','Bạn cần làm mới bộ đệm cấu hình khi bạn tạo ra sự thay đổi nào đó ở môi trường thành phẩm.','2022-01-04 21:11:49','2022-01-04 21:11:49'),(705,1,'vi','core/base/cache','commands.clear_config_cache.success_msg','Bộ đệm cấu hình đã được xóa','2022-01-04 21:11:49','2022-01-04 21:11:49'),(706,1,'vi','core/base/cache','commands.clear_route_cache.title','Xoá cache đường dẫn','2022-01-04 21:11:49','2022-01-04 21:11:49'),(707,1,'vi','core/base/cache','commands.clear_route_cache.description','Cần thực hiện thao tác này khi thấy không xuất hiện đường dẫn mới.','2022-01-04 21:11:49','2022-01-04 21:11:49'),(708,1,'vi','core/base/cache','commands.clear_route_cache.success_msg','Bộ đệm điều hướng đã bị xóa','2022-01-04 21:11:49','2022-01-04 21:11:49'),(709,1,'vi','core/base/cache','commands.clear_log.description','Xoá lịch sử lỗi','2022-01-04 21:11:49','2022-01-04 21:11:49'),(710,1,'vi','core/base/cache','commands.clear_log.success_msg','Lịch sử lỗi đã được làm sạch','2022-01-04 21:11:49','2022-01-04 21:11:49'),(711,1,'vi','core/base/cache','commands.clear_log.title','Xoá lịch sử lỗi','2022-01-04 21:11:49','2022-01-04 21:11:49'),(712,1,'vi','core/base/enums','statuses.draft','Bản nháp','2022-01-04 21:11:49','2022-01-04 21:11:49'),(713,1,'vi','core/base/enums','statuses.pending','Đang chờ xử lý','2022-01-04 21:11:49','2022-01-04 21:11:49'),(714,1,'vi','core/base/errors','401_title','Bạn không có quyền truy cập trang này','2022-01-04 21:11:49','2022-01-04 21:11:49'),(715,1,'vi','core/base/errors','401_msg','<li>Bạn không được cấp quyền truy cập bởi quản trị viên.</li>\n	                <li>Bạn sử dụng sai loại tài khoản.</li>\n	                <li>Bạn không được cấp quyền để có thể truy cập trang này</li>','2022-01-04 21:11:49','2022-01-04 21:11:49'),(716,1,'vi','core/base/errors','404_title','Không tìm thấy trang yêu cầu','2022-01-04 21:11:49','2022-01-04 21:11:49'),(717,1,'vi','core/base/errors','404_msg','<li>Trang bạn yêu cầu không tồn tại.</li>\n	                <li>Liên kết bạn vừa nhấn không còn được sử dụng.</li>\n	                <li>Trang này có thể đã được chuyển sang vị trí khác.</li>\n	                <li>Có thể có lỗi xảy ra.</li>\n	                <li>Bạn không được cấp quyền để có thể truy cập trang này</li>','2022-01-04 21:11:49','2022-01-04 21:11:49'),(718,1,'vi','core/base/errors','500_title','Không thể tải trang','2022-01-04 21:11:49','2022-01-04 21:11:49'),(719,1,'vi','core/base/errors','500_msg','<li>Trang bạn yêu cầu không tồn tại.</li>\n	                <li>Liên kết bạn vừa nhấn không còn được sử dụng.</li>\n	                <li>Trang này có thể đã được chuyển sang vị trí khác.</li>\n	                <li>Có thể có lỗi xảy ra.</li>\n	                <li>Bạn không được cấp quyền để có thể truy cập trang này</li>','2022-01-04 21:11:49','2022-01-04 21:11:49'),(720,1,'vi','core/base/errors','reasons','Điều này có thể xảy ra vì nhiều lý do.','2022-01-04 21:11:49','2022-01-04 21:11:49'),(721,1,'vi','core/base/errors','try_again','Vui lòng thử lại trong vài phút, hoặc quay trở lại trang chủ bằng cách <a href=\"http://cms.local/admin\"> nhấn vào đây </a>.','2022-01-04 21:11:49','2022-01-04 21:11:49'),(722,1,'vi','core/base/forms','choose_image','Chọn ảnh','2022-01-04 21:11:49','2022-01-04 21:11:49'),(723,1,'vi','core/base/forms','actions','Tác vụ','2022-01-04 21:11:49','2022-01-04 21:11:49'),(724,1,'vi','core/base/forms','save','Lưu','2022-01-04 21:11:49','2022-01-04 21:11:49'),(725,1,'vi','core/base/forms','save_and_continue','Lưu & chỉnh sửa','2022-01-04 21:11:49','2022-01-04 21:11:49'),(726,1,'vi','core/base/forms','image','Hình ảnh','2022-01-04 21:11:49','2022-01-04 21:11:49'),(727,1,'vi','core/base/forms','image_placeholder','Chèn đường dẫn hình ảnh hoặc nhấn nút để chọn hình','2022-01-04 21:11:49','2022-01-04 21:11:49'),(728,1,'vi','core/base/forms','create','Tạo mới','2022-01-04 21:11:49','2022-01-04 21:11:49'),(729,1,'vi','core/base/forms','edit','Sửa','2022-01-04 21:11:49','2022-01-04 21:11:49'),(730,1,'vi','core/base/forms','permalink','Đường dẫn','2022-01-04 21:11:49','2022-01-04 21:11:49'),(731,1,'vi','core/base/forms','ok','OK','2022-01-04 21:11:49','2022-01-04 21:11:49'),(732,1,'vi','core/base/forms','cancel','Hủy bỏ','2022-01-04 21:11:49','2022-01-04 21:11:49'),(733,1,'vi','core/base/forms','character_remain','kí tự còn lại','2022-01-04 21:11:49','2022-01-04 21:11:49'),(734,1,'vi','core/base/forms','template','Template','2022-01-04 21:11:49','2022-01-04 21:11:49'),(735,1,'vi','core/base/forms','choose_file','Chọn tập tin','2022-01-04 21:11:49','2022-01-04 21:11:49'),(736,1,'vi','core/base/forms','file','Tập tin','2022-01-04 21:11:49','2022-01-04 21:11:49'),(737,1,'vi','core/base/forms','content','Nội dung','2022-01-04 21:11:49','2022-01-04 21:11:49'),(738,1,'vi','core/base/forms','description','Mô tả','2022-01-04 21:11:49','2022-01-04 21:11:49'),(739,1,'vi','core/base/forms','name','Tên','2022-01-04 21:11:49','2022-01-04 21:11:49'),(740,1,'vi','core/base/forms','name_placeholder','Nhập tên','2022-01-04 21:11:49','2022-01-04 21:11:49'),(741,1,'vi','core/base/forms','description_placeholder','Mô tả ngắn','2022-01-04 21:11:49','2022-01-04 21:11:49'),(742,1,'vi','core/base/forms','parent','Cha','2022-01-04 21:11:49','2022-01-04 21:11:49'),(743,1,'vi','core/base/forms','icon','Biểu tượng','2022-01-04 21:11:49','2022-01-04 21:11:49'),(744,1,'vi','core/base/forms','order_by','Sắp xếp','2022-01-04 21:11:49','2022-01-04 21:11:49'),(745,1,'vi','core/base/forms','order_by_placeholder','Sắp xếp','2022-01-04 21:11:49','2022-01-04 21:11:49'),(746,1,'vi','core/base/forms','slug','Slug','2022-01-04 21:11:49','2022-01-04 21:11:49'),(747,1,'vi','core/base/forms','is_featured','Nổi bật?','2022-01-04 21:11:49','2022-01-04 21:11:49'),(748,1,'vi','core/base/forms','is_default','Mặc định?','2022-01-04 21:11:49','2022-01-04 21:11:49'),(749,1,'vi','core/base/forms','icon_placeholder','Ví dụ: fa fa-home','2022-01-04 21:11:49','2022-01-04 21:11:49'),(750,1,'vi','core/base/forms','update','Cập nhật','2022-01-04 21:11:49','2022-01-04 21:11:49'),(751,1,'vi','core/base/forms','publish','Xuất bản','2022-01-04 21:11:49','2022-01-04 21:11:49'),(752,1,'vi','core/base/forms','remove_image','Xoá ảnh','2022-01-04 21:11:49','2022-01-04 21:11:49'),(753,1,'vi','core/base/forms','add','Thêm','2022-01-04 21:11:49','2022-01-04 21:11:49'),(754,1,'vi','core/base/forms','add_short_code','Thêm shortcode','2022-01-04 21:11:49','2022-01-04 21:11:49'),(755,1,'vi','core/base/forms','alias','Mã thay thế','2022-01-04 21:11:49','2022-01-04 21:11:49'),(756,1,'vi','core/base/forms','alias_placeholder','Mã thay thế','2022-01-04 21:11:49','2022-01-04 21:11:49'),(757,1,'vi','core/base/forms','basic_information','Thông tin cơ bản','2022-01-04 21:11:49','2022-01-04 21:11:49'),(758,1,'vi','core/base/forms','link','Liên kết','2022-01-04 21:11:49','2022-01-04 21:11:49'),(759,1,'vi','core/base/forms','order','Thứ tự','2022-01-04 21:11:49','2022-01-04 21:11:49'),(760,1,'vi','core/base/forms','short_code','Shortcode','2022-01-04 21:11:49','2022-01-04 21:11:49'),(761,1,'vi','core/base/forms','title','Tiêu đề','2022-01-04 21:11:49','2022-01-04 21:11:49'),(762,1,'vi','core/base/forms','value','Giá trị','2022-01-04 21:11:49','2022-01-04 21:11:49'),(763,1,'vi','core/base/forms','show_hide_editor','Ẩn/Hiện trình soạn thảo','2022-01-04 21:11:49','2022-01-04 21:11:49'),(764,1,'vi','core/base/forms','basic_info_title','Thông tin cơ bản','2022-01-04 21:11:49','2022-01-04 21:11:49'),(765,1,'vi','core/base/layouts','platform_admin','Quản trị hệ thống','2022-01-04 21:11:49','2022-01-04 21:11:49'),(766,1,'vi','core/base/layouts','dashboard','Bảng điều khiển','2022-01-04 21:11:49','2022-01-04 21:11:49'),(767,1,'vi','core/base/layouts','widgets','Tiện ích','2022-01-04 21:11:49','2022-01-04 21:11:49'),(768,1,'vi','core/base/layouts','plugins','Tiện ích mở rộng','2022-01-04 21:11:49','2022-01-04 21:11:49'),(769,1,'vi','core/base/layouts','settings','Cài đặt','2022-01-04 21:11:49','2022-01-04 21:11:49'),(770,1,'vi','core/base/layouts','setting_general','Cơ bản','2022-01-04 21:11:49','2022-01-04 21:11:49'),(771,1,'vi','core/base/layouts','system_information','Thông tin hệ thống','2022-01-04 21:11:49','2022-01-04 21:11:49'),(772,1,'vi','core/base/layouts','theme','Giao diện','2022-01-04 21:11:49','2022-01-04 21:11:49'),(773,1,'vi','core/base/layouts','copyright','Bản quyền :year &copy; :company. Phiên bản: <span>:version</span>','2022-01-04 21:11:49','2022-01-04 21:11:49'),(774,1,'vi','core/base/layouts','profile','Thông tin cá nhân','2022-01-04 21:11:49','2022-01-04 21:11:49'),(775,1,'vi','core/base/layouts','logout','Đăng xuất','2022-01-04 21:11:49','2022-01-04 21:11:49'),(776,1,'vi','core/base/layouts','no_search_result','Không có kết quả tìm kiếm, hãy thử lại với từ khóa khác.','2022-01-04 21:11:49','2022-01-04 21:11:49'),(777,1,'vi','core/base/layouts','home','Trang chủ','2022-01-04 21:11:49','2022-01-04 21:11:49'),(778,1,'vi','core/base/layouts','search','Tìm kiếm','2022-01-04 21:11:49','2022-01-04 21:11:49'),(779,1,'vi','core/base/layouts','add_new','Thêm mới','2022-01-04 21:11:49','2022-01-04 21:11:49'),(780,1,'vi','core/base/layouts','n_a','N/A','2022-01-04 21:11:49','2022-01-04 21:11:49'),(781,1,'vi','core/base/layouts','page_loaded_time','Trang tải xong trong','2022-01-04 21:11:49','2022-01-04 21:11:49'),(782,1,'vi','core/base/layouts','view_website','Xem trang ngoài','2022-01-04 21:11:49','2022-01-04 21:11:49'),(783,1,'vi','core/base/layouts','setting_email','Email','2022-01-04 21:11:49','2022-01-04 21:11:49'),(784,1,'vi','core/base/mail','send-fail','Gửi email không thành công','2022-01-04 21:11:49','2022-01-04 21:11:49'),(785,1,'vi','core/base/notices','create_success_message','Tạo thành công','2022-01-04 21:11:49','2022-01-04 21:11:49'),(786,1,'vi','core/base/notices','update_success_message','Cập nhật thành công','2022-01-04 21:11:49','2022-01-04 21:11:49'),(787,1,'vi','core/base/notices','delete_success_message','Xóa thành công','2022-01-04 21:11:49','2022-01-04 21:11:49'),(788,1,'vi','core/base/notices','success_header','Thành công!','2022-01-04 21:11:49','2022-01-04 21:11:49'),(789,1,'vi','core/base/notices','error_header','Lỗi!','2022-01-04 21:11:49','2022-01-04 21:11:49'),(790,1,'vi','core/base/notices','no_select','Chọn ít nhất 1 trường để thực hiện hành động này!','2022-01-04 21:11:49','2022-01-04 21:11:49'),(791,1,'vi','core/base/notices','processing_request','Hệ thống đang xử lý yêu cầu.','2022-01-04 21:11:49','2022-01-04 21:11:49'),(792,1,'vi','core/base/notices','error','Lỗi!','2022-01-04 21:11:49','2022-01-04 21:11:49'),(793,1,'vi','core/base/notices','success','Thành công!','2022-01-04 21:11:49','2022-01-04 21:11:49'),(794,1,'vi','core/base/notices','info','Thông tin!','2022-01-04 21:11:49','2022-01-04 21:11:49'),(795,1,'vi','core/base/system','no_select','Hãy chọn ít nhất 1 trường để thực hiện hành động này!','2022-01-04 21:11:49','2022-01-04 21:11:49'),(796,1,'vi','core/base/system','cannot_find_user','Không thể tải được thông tin người dùng','2022-01-04 21:11:49','2022-01-04 21:11:49'),(797,1,'vi','core/base/system','supper_revoked','Quyền quản trị viên cao nhất đã được gỡ bỏ','2022-01-04 21:11:49','2022-01-04 21:11:49'),(798,1,'vi','core/base/system','cannot_revoke_yourself','Không thể gỡ bỏ quyền quản trị cấp cao của chính bạn!','2022-01-04 21:11:49','2022-01-04 21:11:49'),(799,1,'vi','core/base/system','cant_remove_supper','Bạn không có quyền xóa quản trị viên cấp cao','2022-01-04 21:11:49','2022-01-04 21:11:49'),(800,1,'vi','core/base/system','cant_find_user_with_email','Không thể tìm thấy người dùng với email này','2022-01-04 21:11:49','2022-01-04 21:11:49'),(801,1,'vi','core/base/system','supper_granted','Quyền quản trị cao nhất đã được gán','2022-01-04 21:11:49','2022-01-04 21:11:49'),(802,1,'vi','core/base/system','delete_log_success','Xóa tập tin log thành công!','2022-01-04 21:11:49','2022-01-04 21:11:49'),(803,1,'vi','core/base/system','get_member_success','Hiển thị danh sách thành viên thành công','2022-01-04 21:11:49','2022-01-04 21:11:49'),(804,1,'vi','core/base/system','error_occur','Có lỗi dưới đây','2022-01-04 21:11:49','2022-01-04 21:11:49'),(805,1,'vi','core/base/system','role_and_permission','Phân quyền hệ thống','2022-01-04 21:11:49','2022-01-04 21:11:49'),(806,1,'vi','core/base/system','role_and_permission_description','Quản lý những phân quyền trong hệ thống','2022-01-04 21:11:49','2022-01-04 21:11:49'),(807,1,'vi','core/base/system','user.list_super','Danh sách quản trị viên cấp cao','2022-01-04 21:11:49','2022-01-04 21:11:49'),(808,1,'vi','core/base/system','user.username','Tên đăng nhập','2022-01-04 21:11:49','2022-01-04 21:11:49'),(809,1,'vi','core/base/system','user.email','Email','2022-01-04 21:11:49','2022-01-04 21:11:49'),(810,1,'vi','core/base/system','user.last_login','Đăng nhập lần cuối	','2022-01-04 21:11:49','2022-01-04 21:11:49'),(811,1,'vi','core/base/system','user.add_user','Thêm quản trị viên cấp cao','2022-01-04 21:11:49','2022-01-04 21:11:49'),(812,1,'vi','core/base/system','user.cancel','Hủy bỏ','2022-01-04 21:11:49','2022-01-04 21:11:49'),(813,1,'vi','core/base/system','user.create','Thêm','2022-01-04 21:11:49','2022-01-04 21:11:49'),(814,1,'vi','core/base/system','options.features','Kiểm soát truy cập các tính năng','2022-01-04 21:11:49','2022-01-04 21:11:49'),(815,1,'vi','core/base/system','options.feature_description','Bật/tắt các tính năng.','2022-01-04 21:11:49','2022-01-04 21:11:49'),(816,1,'vi','core/base/system','options.manage_super','Quản lý quản trị viên cấp cao','2022-01-04 21:11:49','2022-01-04 21:11:49'),(817,1,'vi','core/base/system','options.manage_super_description','Thêm/xóa quản trị viên cấp cao','2022-01-04 21:11:49','2022-01-04 21:11:49'),(818,1,'vi','core/base/system','options.info','Thông tin hệ thống','2022-01-04 21:11:49','2022-01-04 21:11:49'),(819,1,'vi','core/base/system','options.info_description','Những thông tin về cấu hình hiện tại của hệ thống.','2022-01-04 21:11:50','2022-01-04 21:11:50'),(820,1,'vi','core/base/system','info.title','Thông tin hệ thống','2022-01-04 21:11:50','2022-01-04 21:11:50'),(821,1,'vi','core/base/system','info.cache','Bộ nhớ đệm','2022-01-04 21:11:50','2022-01-04 21:11:50'),(822,1,'vi','core/base/system','info.environment','Môi trường','2022-01-04 21:11:50','2022-01-04 21:11:50'),(823,1,'vi','core/base/system','info.locale','Ngôn ngữ hệ thống','2022-01-04 21:11:50','2022-01-04 21:11:50'),(824,1,'vi','core/base/system','user_management','Quản lý thành viên','2022-01-04 21:11:50','2022-01-04 21:11:50'),(825,1,'vi','core/base/system','user_management_description','Quản lý người dùng trong hệ thống','2022-01-04 21:11:50','2022-01-04 21:11:50'),(826,1,'vi','core/base/system','app_size','Kích thước ứng dụng','2022-01-04 21:11:50','2022-01-04 21:11:50'),(827,1,'vi','core/base/system','cache_dir_writable','Có thể ghi bộ nhớ đệm','2022-01-04 21:11:50','2022-01-04 21:11:50'),(828,1,'vi','core/base/system','cache_driver','Loại lưu trữ bộ nhớ đệm','2022-01-04 21:11:50','2022-01-04 21:11:50'),(829,1,'vi','core/base/system','copy_report','Sao chép báo cáo','2022-01-04 21:11:50','2022-01-04 21:11:50'),(830,1,'vi','core/base/system','curl_ext','CURL Ext','2022-01-04 21:11:50','2022-01-04 21:11:50'),(831,1,'vi','core/base/system','database','Hệ thống dữ liệu','2022-01-04 21:11:50','2022-01-04 21:11:50'),(832,1,'vi','core/base/system','debug_mode','Chế độ sửa lỗi','2022-01-04 21:11:50','2022-01-04 21:11:50'),(833,1,'vi','core/base/system','dependency_name','Tên gói','2022-01-04 21:11:50','2022-01-04 21:11:50'),(834,1,'vi','core/base/system','exif_ext','Exif Ext','2022-01-04 21:11:50','2022-01-04 21:11:50'),(835,1,'vi','core/base/system','extra_information','Thông tin mở rộng','2022-01-04 21:11:50','2022-01-04 21:11:50'),(836,1,'vi','core/base/system','extra_stats','Thống kê thêm','2022-01-04 21:11:50','2022-01-04 21:11:50'),(837,1,'vi','core/base/system','file_info_ext','File info Ext','2022-01-04 21:11:50','2022-01-04 21:11:50'),(838,1,'vi','core/base/system','framework_version','Phiên bản framework','2022-01-04 21:11:50','2022-01-04 21:11:50'),(839,1,'vi','core/base/system','get_system_report','Lấy thông tin hệ thống','2022-01-04 21:11:50','2022-01-04 21:11:50'),(840,1,'vi','core/base/system','installed_packages','Các gói đã cài đặt và phiên bản','2022-01-04 21:11:50','2022-01-04 21:11:50'),(841,1,'vi','core/base/system','mbstring_ext','Mbstring Ext','2022-01-04 21:11:50','2022-01-04 21:11:50'),(842,1,'vi','core/base/system','openssl_ext','OpenSSL Ext','2022-01-04 21:11:50','2022-01-04 21:11:50'),(843,1,'vi','core/base/system','package_name','Tên gói','2022-01-04 21:11:50','2022-01-04 21:11:50'),(844,1,'vi','core/base/system','pdo_ext','PDO Ext','2022-01-04 21:11:50','2022-01-04 21:11:50'),(845,1,'vi','core/base/system','php_version','Phiên bản PHP','2022-01-04 21:11:50','2022-01-04 21:11:50'),(846,1,'vi','core/base/system','report_description','Vui lòng chia sẻ thông tin này nhằm mục đích điều tra nguyên nhân gây lỗi','2022-01-04 21:11:50','2022-01-04 21:11:50'),(847,1,'vi','core/base/system','server_environment','Môi trường máy chủ','2022-01-04 21:11:50','2022-01-04 21:11:50'),(848,1,'vi','core/base/system','server_os','Hệ điều hành của máy chủ','2022-01-04 21:11:50','2022-01-04 21:11:50'),(849,1,'vi','core/base/system','server_software','Phần mềm','2022-01-04 21:11:50','2022-01-04 21:11:50'),(850,1,'vi','core/base/system','session_driver','Loại lưu trữ phiên làm việc','2022-01-04 21:11:50','2022-01-04 21:11:50'),(851,1,'vi','core/base/system','ssl_installed','Đã cài đặt chứng chỉ SSL','2022-01-04 21:11:50','2022-01-04 21:11:50'),(852,1,'vi','core/base/system','storage_dir_writable','Có thể lưu trữ dữ liệu tạm','2022-01-04 21:11:50','2022-01-04 21:11:50'),(853,1,'vi','core/base/system','system_environment','Môi trường hệ thống','2022-01-04 21:11:50','2022-01-04 21:11:50'),(854,1,'vi','core/base/system','timezone','Múi giờ','2022-01-04 21:11:50','2022-01-04 21:11:50'),(855,1,'vi','core/base/system','tokenizer_ext','Tokenizer Ext','2022-01-04 21:11:50','2022-01-04 21:11:50'),(856,1,'vi','core/base/system','version','Phiên bản','2022-01-04 21:11:50','2022-01-04 21:11:50'),(857,1,'vi','core/base/system','cms_version','Phiên bản CMS','2022-01-04 21:11:50','2022-01-04 21:11:50'),(858,1,'vi','core/base/tables','id','ID','2022-01-04 21:11:50','2022-01-04 21:11:50'),(859,1,'vi','core/base/tables','name','Tên','2022-01-04 21:11:50','2022-01-04 21:11:50'),(860,1,'vi','core/base/tables','order_by','Thứ tự','2022-01-04 21:11:50','2022-01-04 21:11:50'),(861,1,'vi','core/base/tables','status','Trạng thái','2022-01-04 21:11:50','2022-01-04 21:11:50'),(862,1,'vi','core/base/tables','created_at','Ngày tạo','2022-01-04 21:11:50','2022-01-04 21:11:50'),(863,1,'vi','core/base/tables','updated_at','Ngày cập nhật','2022-01-04 21:11:50','2022-01-04 21:11:50'),(864,1,'vi','core/base/tables','operations','Tác vụ','2022-01-04 21:11:50','2022-01-04 21:11:50'),(865,1,'vi','core/base/tables','url','URL','2022-01-04 21:11:50','2022-01-04 21:11:50'),(866,1,'vi','core/base/tables','author','Người tạo','2022-01-04 21:11:50','2022-01-04 21:11:50'),(867,1,'vi','core/base/tables','column','Cột','2022-01-04 21:11:50','2022-01-04 21:11:50'),(868,1,'vi','core/base/tables','origin','Bản cũ','2022-01-04 21:11:50','2022-01-04 21:11:50'),(869,1,'vi','core/base/tables','after_change','Sau khi thay đổi','2022-01-04 21:11:50','2022-01-04 21:11:50'),(870,1,'vi','core/base/tables','notes','Ghi chú','2022-01-04 21:11:50','2022-01-04 21:11:50'),(871,1,'vi','core/base/tables','activated','kích hoạt','2022-01-04 21:11:50','2022-01-04 21:11:50'),(872,1,'vi','core/base/tables','browser','Trình duyệt','2022-01-04 21:11:50','2022-01-04 21:11:50'),(873,1,'vi','core/base/tables','deactivated','hủy kích hoạt','2022-01-04 21:11:50','2022-01-04 21:11:50'),(874,1,'vi','core/base/tables','description','Mô tả','2022-01-04 21:11:50','2022-01-04 21:11:50'),(875,1,'vi','core/base/tables','session','Phiên','2022-01-04 21:11:50','2022-01-04 21:11:50'),(876,1,'vi','core/base/tables','views','Lượt xem','2022-01-04 21:11:50','2022-01-04 21:11:50'),(877,1,'vi','core/base/tables','restore','Khôi phục','2022-01-04 21:11:50','2022-01-04 21:11:50'),(878,1,'vi','core/base/tables','edit','Sửa','2022-01-04 21:11:50','2022-01-04 21:11:50'),(879,1,'vi','core/base/tables','delete','Xóa','2022-01-04 21:11:50','2022-01-04 21:11:50'),(880,1,'vi','core/base/tables','action','Hành động','2022-01-04 21:11:50','2022-01-04 21:11:50'),(881,1,'vi','core/base/tables','activate','Kích hoạt','2022-01-04 21:11:50','2022-01-04 21:11:50'),(882,1,'vi','core/base/tables','add_new','Thêm mới','2022-01-04 21:11:50','2022-01-04 21:11:50'),(883,1,'vi','core/base/tables','all','Tất cả','2022-01-04 21:11:50','2022-01-04 21:11:50'),(884,1,'vi','core/base/tables','cancel','Hủy bỏ','2022-01-04 21:11:50','2022-01-04 21:11:50'),(885,1,'vi','core/base/tables','confirm_delete','Xác nhận xóa','2022-01-04 21:11:50','2022-01-04 21:11:50'),(886,1,'vi','core/base/tables','confirm_delete_msg','Bạn có chắc chắn muốn xóa bản ghi này?','2022-01-04 21:11:50','2022-01-04 21:11:50'),(887,1,'vi','core/base/tables','csv','CSV','2022-01-04 21:11:50','2022-01-04 21:11:50'),(888,1,'vi','core/base/tables','deactivate','Hủy kích hoạt','2022-01-04 21:11:50','2022-01-04 21:11:50'),(889,1,'vi','core/base/tables','delete_entry','Xóa bản ghi','2022-01-04 21:11:50','2022-01-04 21:11:50'),(890,1,'vi','core/base/tables','display','Hiển thị','2022-01-04 21:11:50','2022-01-04 21:11:50'),(891,1,'vi','core/base/tables','excel','Excel','2022-01-04 21:11:50','2022-01-04 21:11:50'),(892,1,'vi','core/base/tables','export','Xuất bản','2022-01-04 21:11:50','2022-01-04 21:11:50'),(893,1,'vi','core/base/tables','in','trong tổng số','2022-01-04 21:11:50','2022-01-04 21:11:50'),(894,1,'vi','core/base/tables','no_data','Không có dữ liệu để hiển thị','2022-01-04 21:11:50','2022-01-04 21:11:50'),(895,1,'vi','core/base/tables','no_record','Không có dữ liệu','2022-01-04 21:11:50','2022-01-04 21:11:50'),(896,1,'vi','core/base/tables','pdf','PDF','2022-01-04 21:11:50','2022-01-04 21:11:50'),(897,1,'vi','core/base/tables','print','In','2022-01-04 21:11:50','2022-01-04 21:11:50'),(898,1,'vi','core/base/tables','records','bản ghi','2022-01-04 21:11:50','2022-01-04 21:11:50'),(899,1,'vi','core/base/tables','reload','Tải lại','2022-01-04 21:11:50','2022-01-04 21:11:50'),(900,1,'vi','core/base/tables','reset','Làm mới','2022-01-04 21:11:50','2022-01-04 21:11:50'),(901,1,'vi','core/base/tables','save','Lưu','2022-01-04 21:11:50','2022-01-04 21:11:50'),(902,1,'vi','core/base/tables','show_from','Hiển thị từ','2022-01-04 21:11:50','2022-01-04 21:11:50'),(903,1,'vi','core/base/tables','template','Giao diện','2022-01-04 21:11:50','2022-01-04 21:11:50'),(904,1,'vi','core/base/tables','to','đến','2022-01-04 21:11:50','2022-01-04 21:11:50'),(905,1,'vi','core/base/tables','view','Xem chi tiết','2022-01-04 21:11:50','2022-01-04 21:11:50'),(906,1,'vi','core/base/tables','email','Email','2022-01-04 21:11:50','2022-01-04 21:11:50'),(907,1,'vi','core/base/tables','image','Hình ảnh','2022-01-04 21:11:50','2022-01-04 21:11:50'),(908,1,'vi','core/base/tables','is_featured','Nổi bật','2022-01-04 21:11:50','2022-01-04 21:11:50'),(909,1,'vi','core/base/tables','last_login','Lần cuối đăng nhập','2022-01-04 21:11:50','2022-01-04 21:11:50'),(910,1,'vi','core/base/tables','order','Thứ tự','2022-01-04 21:11:50','2022-01-04 21:11:50'),(911,1,'vi','core/base/tables','shortcode','Shortcode','2022-01-04 21:11:50','2022-01-04 21:11:50'),(912,1,'vi','core/base/tables','slug','Slug','2022-01-04 21:11:50','2022-01-04 21:11:50'),(913,1,'vi','core/base/tables','title','Tiêu đề','2022-01-04 21:11:50','2022-01-04 21:11:50'),(914,1,'vi','core/base/tabs','detail','Chi tiết','2022-01-04 21:11:50','2022-01-04 21:11:50'),(915,1,'vi','core/base/tabs','file','Tập tin','2022-01-04 21:11:50','2022-01-04 21:11:50'),(916,1,'vi','core/base/tabs','record_note','Ghi chú','2022-01-04 21:11:50','2022-01-04 21:11:50'),(917,1,'vi','core/base/tabs','revision','Lịch sử thay đổi','2022-01-04 21:11:50','2022-01-04 21:11:50'),(918,1,'en','core/dashboard/dashboard','update_position_success','Update widget position successfully!','2022-01-04 21:11:50','2022-01-04 21:11:50'),(919,1,'en','core/dashboard/dashboard','hide_success','Update widget successfully!','2022-01-04 21:11:50','2022-01-04 21:11:50'),(920,1,'en','core/dashboard/dashboard','confirm_hide','Are you sure?','2022-01-04 21:11:50','2022-01-04 21:11:50'),(921,1,'en','core/dashboard/dashboard','hide_message','Do you really want to hide this widget? It will be disappear on Dashboard!','2022-01-04 21:11:50','2022-01-04 21:11:50'),(922,1,'en','core/dashboard/dashboard','confirm_hide_btn','Yes, hide this widget','2022-01-04 21:11:50','2022-01-04 21:11:50'),(923,1,'en','core/dashboard/dashboard','cancel_hide_btn','Cancel','2022-01-04 21:11:50','2022-01-04 21:11:50'),(924,1,'en','core/dashboard/dashboard','collapse_expand','Collapse/Expand','2022-01-04 21:11:50','2022-01-04 21:11:50'),(925,1,'en','core/dashboard/dashboard','hide','Hide','2022-01-04 21:11:50','2022-01-04 21:11:50'),(926,1,'en','core/dashboard/dashboard','reload','Reload','2022-01-04 21:11:50','2022-01-04 21:11:50'),(927,1,'en','core/dashboard/dashboard','save_setting_success','Save widget settings successfully!','2022-01-04 21:11:50','2022-01-04 21:11:50'),(928,1,'en','core/dashboard/dashboard','widget_not_exists','Widget is not exits!','2022-01-04 21:11:50','2022-01-04 21:11:50'),(929,1,'en','core/dashboard/dashboard','manage_widgets','Manage Widgets','2022-01-04 21:11:50','2022-01-04 21:11:50'),(930,1,'en','core/dashboard/dashboard','fullscreen','Full screen','2022-01-04 21:11:50','2022-01-04 21:11:50'),(931,1,'en','core/dashboard/dashboard','title','Dashboard','2022-01-04 21:11:50','2022-01-04 21:11:50'),(932,1,'en','core/dashboard/dashboard','predefined_ranges.today','Today','2022-01-04 21:11:50','2022-01-04 21:11:50'),(933,1,'en','core/dashboard/dashboard','predefined_ranges.yesterday','Yesterday','2022-01-04 21:11:50','2022-01-04 21:11:50'),(934,1,'en','core/dashboard/dashboard','predefined_ranges.this_week','This Week','2022-01-04 21:11:50','2022-01-04 21:11:50'),(935,1,'en','core/dashboard/dashboard','predefined_ranges.last_7_days','Last 7 Days','2022-01-04 21:11:50','2022-01-04 21:11:50'),(936,1,'en','core/dashboard/dashboard','predefined_ranges.this_month','This Month','2022-01-04 21:11:50','2022-01-04 21:11:50'),(937,1,'en','core/dashboard/dashboard','predefined_ranges.last_30_days','Last 30 Days','2022-01-04 21:11:50','2022-01-04 21:11:50'),(938,1,'en','core/dashboard/dashboard','predefined_ranges.this_year','This Year','2022-01-04 21:11:50','2022-01-04 21:11:50'),(939,1,'vi','core/dashboard/dashboard','cancel_hide_btn','Hủy bỏ','2022-01-04 21:11:50','2022-01-04 21:11:50'),(940,1,'vi','core/dashboard/dashboard','collapse_expand','Mở rộng','2022-01-04 21:11:50','2022-01-04 21:11:50'),(941,1,'vi','core/dashboard/dashboard','confirm_hide','Bạn có chắc?','2022-01-04 21:11:50','2022-01-04 21:11:50'),(942,1,'vi','core/dashboard/dashboard','confirm_hide_btn','Vâng, ẩn tiện ích này','2022-01-04 21:11:50','2022-01-04 21:11:50'),(943,1,'vi','core/dashboard/dashboard','hide','Ẩn','2022-01-04 21:11:50','2022-01-04 21:11:50'),(944,1,'vi','core/dashboard/dashboard','hide_message','Bạn có chắc chắn muốn ẩn tiện ích này? Nó sẽ không được hiển thị trên trang chủ nữa!','2022-01-04 21:11:50','2022-01-04 21:11:50'),(945,1,'vi','core/dashboard/dashboard','hide_success','Ẩn tiện ích thành công!','2022-01-04 21:11:50','2022-01-04 21:11:50'),(946,1,'vi','core/dashboard/dashboard','manage_widgets','Quản lý tiện ích','2022-01-04 21:11:50','2022-01-04 21:11:50'),(947,1,'vi','core/dashboard/dashboard','reload','Làm mới','2022-01-04 21:11:50','2022-01-04 21:11:50'),(948,1,'vi','core/dashboard/dashboard','save_setting_success','Lưu tiện ích thành công','2022-01-04 21:11:50','2022-01-04 21:11:50'),(949,1,'vi','core/dashboard/dashboard','update_position_success','Cập nhật vị trí tiện ích thành công!','2022-01-04 21:11:50','2022-01-04 21:11:50'),(950,1,'vi','core/dashboard/dashboard','widget_not_exists','Tiện ích này không tồn tại!','2022-01-04 21:11:50','2022-01-04 21:11:50'),(951,1,'vi','core/dashboard/dashboard','fullscreen','Toàn màn hình','2022-01-04 21:11:50','2022-01-04 21:11:50'),(952,1,'vi','core/dashboard/dashboard','title','Trang quản trị','2022-01-04 21:11:50','2022-01-04 21:11:50'),(953,1,'en','core/media/media','filter','Filter','2022-01-04 21:11:50','2022-01-04 21:11:50'),(954,1,'en','core/media/media','everything','Everything','2022-01-04 21:11:50','2022-01-04 21:11:50'),(955,1,'en','core/media/media','image','Image','2022-01-04 21:11:50','2022-01-04 21:11:50'),(956,1,'en','core/media/media','video','Video','2022-01-04 21:11:50','2022-01-04 21:11:50'),(957,1,'en','core/media/media','document','Document','2022-01-04 21:11:50','2022-01-04 21:11:50'),(958,1,'en','core/media/media','view_in','View in','2022-01-04 21:11:50','2022-01-04 21:11:50'),(959,1,'en','core/media/media','all_media','All media','2022-01-04 21:11:50','2022-01-04 21:11:50'),(960,1,'en','core/media/media','trash','Trash','2022-01-04 21:11:50','2022-01-04 21:11:50'),(961,1,'en','core/media/media','recent','Recent','2022-01-04 21:11:50','2022-01-04 21:11:50'),(962,1,'en','core/media/media','favorites','Favorites','2022-01-04 21:11:50','2022-01-04 21:11:50'),(963,1,'en','core/media/media','upload','Upload','2022-01-04 21:11:50','2022-01-04 21:11:50'),(964,1,'en','core/media/media','create_folder','Create folder','2022-01-04 21:11:50','2022-01-04 21:11:50'),(965,1,'en','core/media/media','refresh','Refresh','2022-01-04 21:11:50','2022-01-04 21:11:50'),(966,1,'en','core/media/media','empty_trash','Empty trash','2022-01-04 21:11:50','2022-01-04 21:11:50'),(967,1,'en','core/media/media','search_file_and_folder','Search file and folder','2022-01-04 21:11:50','2022-01-04 21:11:50'),(968,1,'en','core/media/media','sort','Sort','2022-01-04 21:11:50','2022-01-04 21:11:50'),(969,1,'en','core/media/media','file_name_asc','File name - ASC','2022-01-04 21:11:50','2022-01-04 21:11:50'),(970,1,'en','core/media/media','file_name_desc','File name - DESC','2022-01-04 21:11:50','2022-01-04 21:11:50'),(971,1,'en','core/media/media','uploaded_date_asc','Uploaded date - ASC','2022-01-04 21:11:50','2022-01-04 21:11:50'),(972,1,'en','core/media/media','uploaded_date_desc','Uploaded date - DESC','2022-01-04 21:11:50','2022-01-04 21:11:50'),(973,1,'en','core/media/media','size_asc','Size - ASC','2022-01-04 21:11:50','2022-01-04 21:11:50'),(974,1,'en','core/media/media','size_desc','Size - DESC','2022-01-04 21:11:50','2022-01-04 21:11:50'),(975,1,'en','core/media/media','actions','Actions','2022-01-04 21:11:50','2022-01-04 21:11:50'),(976,1,'en','core/media/media','nothing_is_selected','Nothing is selected','2022-01-04 21:11:50','2022-01-04 21:11:50'),(977,1,'en','core/media/media','insert','Insert','2022-01-04 21:11:50','2022-01-04 21:11:50'),(978,1,'en','core/media/media','folder_name','Folder name','2022-01-04 21:11:50','2022-01-04 21:11:50'),(979,1,'en','core/media/media','create','Create','2022-01-04 21:11:50','2022-01-04 21:11:50'),(980,1,'en','core/media/media','rename','Rename','2022-01-04 21:11:50','2022-01-04 21:11:50'),(981,1,'en','core/media/media','close','Close','2022-01-04 21:11:50','2022-01-04 21:11:50'),(982,1,'en','core/media/media','save_changes','Save changes','2022-01-04 21:11:50','2022-01-04 21:11:50'),(983,1,'en','core/media/media','move_to_trash','Move items to trash','2022-01-04 21:11:50','2022-01-04 21:11:50'),(984,1,'en','core/media/media','confirm_trash','Are you sure you want to move these items to trash?','2022-01-04 21:11:50','2022-01-04 21:11:50'),(985,1,'en','core/media/media','confirm','Confirm','2022-01-04 21:11:50','2022-01-04 21:11:50'),(986,1,'en','core/media/media','confirm_delete','Delete item(s)','2022-01-04 21:11:50','2022-01-04 21:11:50'),(987,1,'en','core/media/media','confirm_delete_description','Your request cannot rollback. Are you sure you wanna delete these items?','2022-01-04 21:11:50','2022-01-04 21:11:50'),(988,1,'en','core/media/media','empty_trash_title','Empty trash','2022-01-04 21:11:50','2022-01-04 21:11:50'),(989,1,'en','core/media/media','empty_trash_description','Your request cannot rollback. Are you sure you wanna remove all items in trash?','2022-01-04 21:11:50','2022-01-04 21:11:50'),(990,1,'en','core/media/media','up_level','Up one level','2022-01-04 21:11:50','2022-01-04 21:11:50'),(991,1,'en','core/media/media','upload_progress','Upload progress','2022-01-04 21:11:50','2022-01-04 21:11:50'),(992,1,'en','core/media/media','folder_created','Folder is created successfully!','2022-01-04 21:11:50','2022-01-04 21:11:50'),(993,1,'en','core/media/media','gallery','Media gallery','2022-01-04 21:11:50','2022-01-04 21:11:50'),(994,1,'en','core/media/media','trash_error','Error when delete selected item(s)','2022-01-04 21:11:50','2022-01-04 21:11:50'),(995,1,'en','core/media/media','trash_success','Moved selected item(s) to trash successfully!','2022-01-04 21:11:50','2022-01-04 21:11:50'),(996,1,'en','core/media/media','restore_error','Error when restore selected item(s)','2022-01-04 21:11:50','2022-01-04 21:11:50'),(997,1,'en','core/media/media','restore_success','Restore selected item(s) successfully!','2022-01-04 21:11:50','2022-01-04 21:11:50'),(998,1,'en','core/media/media','copy_success','Copied selected item(s) successfully!','2022-01-04 21:11:50','2022-01-04 21:11:50'),(999,1,'en','core/media/media','delete_success','Deleted selected item(s) successfully!','2022-01-04 21:11:50','2022-01-04 21:11:50'),(1000,1,'en','core/media/media','favorite_success','Favorite selected item(s) successfully!','2022-01-04 21:11:50','2022-01-04 21:11:50'),(1001,1,'en','core/media/media','remove_favorite_success','Remove selected item(s) from favorites successfully!','2022-01-04 21:11:50','2022-01-04 21:11:50'),(1002,1,'en','core/media/media','rename_error','Error when rename item(s)','2022-01-04 21:11:50','2022-01-04 21:11:50'),(1003,1,'en','core/media/media','rename_success','Rename selected item(s) successfully!','2022-01-04 21:11:50','2022-01-04 21:11:50'),(1004,1,'en','core/media/media','empty_trash_success','Empty trash successfully!','2022-01-04 21:11:50','2022-01-04 21:11:50'),(1005,1,'en','core/media/media','invalid_action','Invalid action!','2022-01-04 21:11:50','2022-01-04 21:11:50'),(1006,1,'en','core/media/media','file_not_exists','File is not exists!','2022-01-04 21:11:50','2022-01-04 21:11:50'),(1007,1,'en','core/media/media','download_file_error','Error when downloading files!','2022-01-04 21:11:50','2022-01-04 21:11:50'),(1008,1,'en','core/media/media','missing_zip_archive_extension','Please enable ZipArchive extension to download file!','2022-01-04 21:11:50','2022-01-04 21:11:50'),(1009,1,'en','core/media/media','can_not_download_file','Can not download this file!','2022-01-04 21:11:50','2022-01-04 21:11:50'),(1010,1,'en','core/media/media','invalid_request','Invalid request!','2022-01-04 21:11:50','2022-01-04 21:11:50'),(1011,1,'en','core/media/media','add_success','Add item successfully!','2022-01-04 21:11:50','2022-01-04 21:11:50'),(1012,1,'en','core/media/media','file_too_big','File too big. Max file upload is :size bytes','2022-01-04 21:11:50','2022-01-04 21:11:50'),(1013,1,'en','core/media/media','can_not_detect_file_type','File type is not allowed or can not detect file type!','2022-01-04 21:11:50','2022-01-04 21:11:50'),(1014,1,'en','core/media/media','upload_failed','The file is NOT uploaded completely. The server allows max upload file size is :size . Please check your file size OR try to upload again in case of having network errors','2022-01-04 21:11:50','2022-01-04 21:11:50'),(1015,1,'en','core/media/media','menu_name','Media','2022-01-04 21:11:50','2022-01-04 21:11:50'),(1016,1,'en','core/media/media','add','Add media','2022-01-04 21:11:50','2022-01-04 21:11:50'),(1017,1,'en','core/media/media','javascript.name','Name','2022-01-04 21:11:50','2022-01-04 21:11:50'),(1018,1,'en','core/media/media','javascript.url','URL','2022-01-04 21:11:50','2022-01-04 21:11:50'),(1019,1,'en','core/media/media','javascript.full_url','Full URL','2022-01-04 21:11:50','2022-01-04 21:11:50'),(1020,1,'en','core/media/media','javascript.size','Size','2022-01-04 21:11:50','2022-01-04 21:11:50'),(1021,1,'en','core/media/media','javascript.mime_type','Type','2022-01-04 21:11:50','2022-01-04 21:11:50'),(1022,1,'en','core/media/media','javascript.created_at','Uploaded at','2022-01-04 21:11:50','2022-01-04 21:11:50'),(1023,1,'en','core/media/media','javascript.updated_at','Modified at','2022-01-04 21:11:50','2022-01-04 21:11:50'),(1024,1,'en','core/media/media','javascript.nothing_selected','Nothing is selected','2022-01-04 21:11:50','2022-01-04 21:11:50'),(1025,1,'en','core/media/media','javascript.visit_link','Open link','2022-01-04 21:11:50','2022-01-04 21:11:50'),(1026,1,'en','core/media/media','javascript.no_item.all_media.icon','fas fa-cloud-upload-alt','2022-01-04 21:11:50','2022-01-04 21:11:50'),(1027,1,'en','core/media/media','javascript.no_item.all_media.title','Drop files and folders here','2022-01-04 21:11:50','2022-01-04 21:11:50'),(1028,1,'en','core/media/media','javascript.no_item.all_media.message','Or use the upload button above','2022-01-04 21:11:50','2022-01-04 21:11:50'),(1029,1,'en','core/media/media','javascript.no_item.trash.icon','fas fa-trash-alt','2022-01-04 21:11:50','2022-01-04 21:11:50'),(1030,1,'en','core/media/media','javascript.no_item.trash.title','There is nothing in your trash currently','2022-01-04 21:11:50','2022-01-04 21:11:50'),(1031,1,'en','core/media/media','javascript.no_item.trash.message','Delete files to move them to trash automatically. Delete files from trash to remove them permanently','2022-01-04 21:11:50','2022-01-04 21:11:50'),(1032,1,'en','core/media/media','javascript.no_item.favorites.icon','fas fa-star','2022-01-04 21:11:51','2022-01-04 21:11:51'),(1033,1,'en','core/media/media','javascript.no_item.favorites.title','You have not added anything to your favorites yet','2022-01-04 21:11:51','2022-01-04 21:11:51'),(1034,1,'en','core/media/media','javascript.no_item.favorites.message','Add files to favorites to easily find them later','2022-01-04 21:11:51','2022-01-04 21:11:51'),(1035,1,'en','core/media/media','javascript.no_item.recent.icon','far fa-clock','2022-01-04 21:11:51','2022-01-04 21:11:51'),(1036,1,'en','core/media/media','javascript.no_item.recent.title','You did not opened anything yet','2022-01-04 21:11:51','2022-01-04 21:11:51'),(1037,1,'en','core/media/media','javascript.no_item.recent.message','All recent files that you opened will be appeared here','2022-01-04 21:11:51','2022-01-04 21:11:51'),(1038,1,'en','core/media/media','javascript.no_item.default.icon','fas fa-sync','2022-01-04 21:11:51','2022-01-04 21:11:51'),(1039,1,'en','core/media/media','javascript.no_item.default.title','No items','2022-01-04 21:11:51','2022-01-04 21:11:51'),(1040,1,'en','core/media/media','javascript.no_item.default.message','This directory has no item','2022-01-04 21:11:51','2022-01-04 21:11:51'),(1041,1,'en','core/media/media','javascript.clipboard.success','These file links has been copied to clipboard','2022-01-04 21:11:51','2022-01-04 21:11:51'),(1042,1,'en','core/media/media','javascript.message.error_header','Error','2022-01-04 21:11:51','2022-01-04 21:11:51'),(1043,1,'en','core/media/media','javascript.message.success_header','Success','2022-01-04 21:11:51','2022-01-04 21:11:51'),(1044,1,'en','core/media/media','javascript.download.error','No files selected or cannot download these files','2022-01-04 21:11:51','2022-01-04 21:11:51'),(1045,1,'en','core/media/media','javascript.actions_list.basic.preview','Preview','2022-01-04 21:11:51','2022-01-04 21:11:51'),(1046,1,'en','core/media/media','javascript.actions_list.file.copy_link','Copy link','2022-01-04 21:11:51','2022-01-04 21:11:51'),(1047,1,'en','core/media/media','javascript.actions_list.file.rename','Rename','2022-01-04 21:11:51','2022-01-04 21:11:51'),(1048,1,'en','core/media/media','javascript.actions_list.file.make_copy','Make a copy','2022-01-04 21:11:51','2022-01-04 21:11:51'),(1049,1,'en','core/media/media','javascript.actions_list.user.favorite','Add to favorite','2022-01-04 21:11:51','2022-01-04 21:11:51'),(1050,1,'en','core/media/media','javascript.actions_list.user.remove_favorite','Remove favorite','2022-01-04 21:11:51','2022-01-04 21:11:51'),(1051,1,'en','core/media/media','javascript.actions_list.other.download','Download','2022-01-04 21:11:51','2022-01-04 21:11:51'),(1052,1,'en','core/media/media','javascript.actions_list.other.trash','Move to trash','2022-01-04 21:11:51','2022-01-04 21:11:51'),(1053,1,'en','core/media/media','javascript.actions_list.other.delete','Delete permanently','2022-01-04 21:11:51','2022-01-04 21:11:51'),(1054,1,'en','core/media/media','javascript.actions_list.other.restore','Restore','2022-01-04 21:11:51','2022-01-04 21:11:51'),(1055,1,'en','core/media/media','name_invalid','The folder name has invalid character(s).','2022-01-04 21:11:51','2022-01-04 21:11:51'),(1056,1,'en','core/media/media','url_invalid','Please provide a valid URL','2022-01-04 21:11:51','2022-01-04 21:11:51'),(1057,1,'en','core/media/media','path_invalid','Please provide a valid path','2022-01-04 21:11:51','2022-01-04 21:11:51'),(1058,1,'en','core/media/media','download_link','Download','2022-01-04 21:11:51','2022-01-04 21:11:51'),(1059,1,'en','core/media/media','url','URL','2022-01-04 21:11:51','2022-01-04 21:11:51'),(1060,1,'en','core/media/media','download_explain','Enter one URL per line.','2022-01-04 21:11:51','2022-01-04 21:11:51'),(1061,1,'en','core/media/media','downloading','Downloading...','2022-01-04 21:11:51','2022-01-04 21:11:51'),(1062,1,'vi','core/media/media','filter','Lọc','2022-01-04 21:11:51','2022-01-04 21:11:51'),(1063,1,'vi','core/media/media','everything','Tất cả','2022-01-04 21:11:51','2022-01-04 21:11:51'),(1064,1,'vi','core/media/media','image','Hình ảnh','2022-01-04 21:11:51','2022-01-04 21:11:51'),(1065,1,'vi','core/media/media','video','Phim','2022-01-04 21:11:51','2022-01-04 21:11:51'),(1066,1,'vi','core/media/media','document','Tài liệu','2022-01-04 21:11:51','2022-01-04 21:11:51'),(1067,1,'vi','core/media/media','view_in','Chế độ xem','2022-01-04 21:11:51','2022-01-04 21:11:51'),(1068,1,'vi','core/media/media','all_media','Tất cả tập tin','2022-01-04 21:11:51','2022-01-04 21:11:51'),(1069,1,'vi','core/media/media','trash','Thùng rác','2022-01-04 21:11:51','2022-01-04 21:11:51'),(1070,1,'vi','core/media/media','recent','Gần đây','2022-01-04 21:11:51','2022-01-04 21:11:51'),(1071,1,'vi','core/media/media','favorites','Được gắn dấu sao','2022-01-04 21:11:51','2022-01-04 21:11:51'),(1072,1,'vi','core/media/media','upload','Tải lên','2022-01-04 21:11:51','2022-01-04 21:11:51'),(1073,1,'vi','core/media/media','create_folder','Tạo thư mục','2022-01-04 21:11:51','2022-01-04 21:11:51'),(1074,1,'vi','core/media/media','refresh','Làm mới','2022-01-04 21:11:51','2022-01-04 21:11:51'),(1075,1,'vi','core/media/media','empty_trash','Dọn thùng rác','2022-01-04 21:11:51','2022-01-04 21:11:51'),(1076,1,'vi','core/media/media','search_file_and_folder','Tìm kiếm tập tin và thư mục','2022-01-04 21:11:51','2022-01-04 21:11:51'),(1077,1,'vi','core/media/media','sort','Sắp xếp','2022-01-04 21:11:51','2022-01-04 21:11:51'),(1078,1,'vi','core/media/media','file_name_asc','Tên tập tin - ASC','2022-01-04 21:11:51','2022-01-04 21:11:51'),(1079,1,'vi','core/media/media','file_name_desc','Tên tập tin - DESC','2022-01-04 21:11:51','2022-01-04 21:11:51'),(1080,1,'vi','core/media/media','uploaded_date_asc','Ngày tải lên - ASC','2022-01-04 21:11:51','2022-01-04 21:11:51'),(1081,1,'vi','core/media/media','uploaded_date_desc','Ngày tải lên - DESC','2022-01-04 21:11:51','2022-01-04 21:11:51'),(1082,1,'vi','core/media/media','size_asc','Kích thước - ASC','2022-01-04 21:11:51','2022-01-04 21:11:51'),(1083,1,'vi','core/media/media','size_desc','Kích thước - DESC','2022-01-04 21:11:51','2022-01-04 21:11:51'),(1084,1,'vi','core/media/media','actions','Hành động','2022-01-04 21:11:51','2022-01-04 21:11:51'),(1085,1,'vi','core/media/media','nothing_is_selected','Không có tập tin nào được chọn','2022-01-04 21:11:51','2022-01-04 21:11:51'),(1086,1,'vi','core/media/media','insert','Chèn','2022-01-04 21:11:51','2022-01-04 21:11:51'),(1087,1,'vi','core/media/media','folder_name','Tên thư mục','2022-01-04 21:11:51','2022-01-04 21:11:51'),(1088,1,'vi','core/media/media','create','Tạo','2022-01-04 21:11:51','2022-01-04 21:11:51'),(1089,1,'vi','core/media/media','rename','Đổi tên','2022-01-04 21:11:51','2022-01-04 21:11:51'),(1090,1,'vi','core/media/media','close','Đóng','2022-01-04 21:11:51','2022-01-04 21:11:51'),(1091,1,'vi','core/media/media','save_changes','Lưu thay đổi','2022-01-04 21:11:51','2022-01-04 21:11:51'),(1092,1,'vi','core/media/media','move_to_trash','Đưa vào thùng rác','2022-01-04 21:11:51','2022-01-04 21:11:51'),(1093,1,'vi','core/media/media','confirm_trash','Bạn có chắc chắn muốn bỏ những tập tin này vào thùng rác?','2022-01-04 21:11:51','2022-01-04 21:11:51'),(1094,1,'vi','core/media/media','confirm','Xác nhận','2022-01-04 21:11:51','2022-01-04 21:11:51'),(1095,1,'vi','core/media/media','confirm_delete','Xóa tập tin','2022-01-04 21:11:51','2022-01-04 21:11:51'),(1096,1,'vi','core/media/media','confirm_delete_description','Hành động này không thể khôi phục. Bạn có chắc chắn muốn xóa các tập tin này?','2022-01-04 21:11:51','2022-01-04 21:11:51'),(1097,1,'vi','core/media/media','empty_trash_title','Dọn sạch thùng rác','2022-01-04 21:11:51','2022-01-04 21:11:51'),(1098,1,'vi','core/media/media','empty_trash_description','Hành động này không thể khôi phục. Bạn có chắc chắn muốn dọn sạch thùng rác?','2022-01-04 21:11:51','2022-01-04 21:11:51'),(1099,1,'vi','core/media/media','up_level','Quay lại một cấp','2022-01-04 21:11:51','2022-01-04 21:11:51'),(1100,1,'vi','core/media/media','upload_progress','Tiến trình tải lên','2022-01-04 21:11:51','2022-01-04 21:11:51'),(1101,1,'vi','core/media/media','folder_created','Tạo thư mục thành công!','2022-01-04 21:11:51','2022-01-04 21:11:51'),(1102,1,'vi','core/media/media','gallery','Thư viện tập tin','2022-01-04 21:11:51','2022-01-04 21:11:51'),(1103,1,'vi','core/media/media','trash_error','Có lỗi khi xóa tập tin/thư mục','2022-01-04 21:11:51','2022-01-04 21:11:51'),(1104,1,'vi','core/media/media','trash_success','Xóa tập tin/thư mục thành công!','2022-01-04 21:11:51','2022-01-04 21:11:51'),(1105,1,'vi','core/media/media','restore_error','Có lỗi trong quá trình khôi phục','2022-01-04 21:11:51','2022-01-04 21:11:51'),(1106,1,'vi','core/media/media','restore_success','Khôi phục thành công!','2022-01-04 21:11:51','2022-01-04 21:11:51'),(1107,1,'vi','core/media/media','copy_success','Sao chép thành công!','2022-01-04 21:11:51','2022-01-04 21:11:51'),(1108,1,'vi','core/media/media','delete_success','Xóa thành công!','2022-01-04 21:11:51','2022-01-04 21:11:51'),(1109,1,'vi','core/media/media','favorite_success','Thêm dấu sao thành công!','2022-01-04 21:11:51','2022-01-04 21:11:51'),(1110,1,'vi','core/media/media','remove_favorite_success','Bỏ dấu sao thành công!','2022-01-04 21:11:51','2022-01-04 21:11:51'),(1111,1,'vi','core/media/media','rename_error','Có lỗi trong quá trình đổi tên','2022-01-04 21:11:51','2022-01-04 21:11:51'),(1112,1,'vi','core/media/media','rename_success','Đổi tên thành công!','2022-01-04 21:11:51','2022-01-04 21:11:51'),(1113,1,'vi','core/media/media','invalid_action','Hành động không hợp lệ!','2022-01-04 21:11:51','2022-01-04 21:11:51'),(1114,1,'vi','core/media/media','file_not_exists','Tập tin không tồn tại!','2022-01-04 21:11:51','2022-01-04 21:11:51'),(1115,1,'vi','core/media/media','download_file_error','Có lỗi trong quá trình tải xuống tập tin!','2022-01-04 21:11:51','2022-01-04 21:11:51'),(1116,1,'vi','core/media/media','missing_zip_archive_extension','Hãy bật ZipArchive extension để tải tập tin!','2022-01-04 21:11:51','2022-01-04 21:11:51'),(1117,1,'vi','core/media/media','can_not_download_file','Không thể tải tập tin!','2022-01-04 21:11:51','2022-01-04 21:11:51'),(1118,1,'vi','core/media/media','invalid_request','Yêu cầu không hợp lệ!','2022-01-04 21:11:51','2022-01-04 21:11:51'),(1119,1,'vi','core/media/media','add_success','Thêm thành công!','2022-01-04 21:11:51','2022-01-04 21:11:51'),(1120,1,'vi','core/media/media','file_too_big','Tập tin quá lớn. Giới hạn tải lên là :size bytes','2022-01-04 21:11:51','2022-01-04 21:11:51'),(1121,1,'vi','core/media/media','can_not_detect_file_type','Loại tập tin không hợp lệ hoặc không thể xác định loại tập tin!','2022-01-04 21:11:51','2022-01-04 21:11:51'),(1122,1,'vi','core/media/media','upload_failed','The file is NOT uploaded completely. The server allows max upload file size is :size . Please check your file size OR try to upload again in case of having network errors','2022-01-04 21:11:51','2022-01-04 21:11:51'),(1123,1,'vi','core/media/media','menu_name','Quản lý tập tin','2022-01-04 21:11:51','2022-01-04 21:11:51'),(1124,1,'vi','core/media/media','add','Thêm tập tin','2022-01-04 21:11:51','2022-01-04 21:11:51'),(1125,1,'vi','core/media/media','javascript.name','Tên','2022-01-04 21:11:51','2022-01-04 21:11:51'),(1126,1,'vi','core/media/media','javascript.url','Đường dẫn','2022-01-04 21:11:51','2022-01-04 21:11:51'),(1127,1,'vi','core/media/media','javascript.full_url','Đường dẫn tuyệt đối','2022-01-04 21:11:51','2022-01-04 21:11:51'),(1128,1,'vi','core/media/media','javascript.size','Kích thước','2022-01-04 21:11:51','2022-01-04 21:11:51'),(1129,1,'vi','core/media/media','javascript.mime_type','Loại','2022-01-04 21:11:51','2022-01-04 21:11:51'),(1130,1,'vi','core/media/media','javascript.created_at','Được tải lên lúc','2022-01-04 21:11:51','2022-01-04 21:11:51'),(1131,1,'vi','core/media/media','javascript.updated_at','Được chỉnh sửa lúc','2022-01-04 21:11:51','2022-01-04 21:11:51'),(1132,1,'vi','core/media/media','javascript.nothing_selected','Bạn chưa chọn tập tin nào','2022-01-04 21:11:51','2022-01-04 21:11:51'),(1133,1,'vi','core/media/media','javascript.visit_link','Mở liên kết','2022-01-04 21:11:51','2022-01-04 21:11:51'),(1134,1,'vi','core/media/media','javascript.no_item.all_media.icon','fas fa-cloud-upload-alt','2022-01-04 21:11:51','2022-01-04 21:11:51'),(1135,1,'vi','core/media/media','javascript.no_item.all_media.title','Bạn có thể kéo thả tập tin vào đây để tải lên','2022-01-04 21:11:51','2022-01-04 21:11:51'),(1136,1,'vi','core/media/media','javascript.no_item.all_media.message','Hoặc có thể bấm nút Tải lên ở phía trên','2022-01-04 21:11:51','2022-01-04 21:11:51'),(1137,1,'vi','core/media/media','javascript.no_item.trash.icon','fas fa-trash-alt','2022-01-04 21:11:51','2022-01-04 21:11:51'),(1138,1,'vi','core/media/media','javascript.no_item.trash.title','Hiện tại không có tập tin nào trong thùng rác','2022-01-04 21:11:51','2022-01-04 21:11:51'),(1139,1,'vi','core/media/media','javascript.no_item.trash.message','Xóa tập tin sẽ đem tập tin lưu vào thùng rác. Xóa tập tin trong thùng rác sẽ xóa vĩnh viễn.','2022-01-04 21:11:51','2022-01-04 21:11:51'),(1140,1,'vi','core/media/media','javascript.no_item.favorites.icon','fas fa-star','2022-01-04 21:11:51','2022-01-04 21:11:51'),(1141,1,'vi','core/media/media','javascript.no_item.favorites.title','Bạn chưa đặt tập tin nào vào mục yêu thích','2022-01-04 21:11:51','2022-01-04 21:11:51'),(1142,1,'vi','core/media/media','javascript.no_item.favorites.message','Thêm tập tin vào mục yêu thích để tìm kiếm chúng dễ dàng sau này.','2022-01-04 21:11:51','2022-01-04 21:11:51'),(1143,1,'vi','core/media/media','javascript.no_item.recent.icon','far fa-clock','2022-01-04 21:11:51','2022-01-04 21:11:51'),(1144,1,'vi','core/media/media','javascript.no_item.recent.title','Bạn chưa mở tập tin nào.','2022-01-04 21:11:51','2022-01-04 21:11:51'),(1145,1,'vi','core/media/media','javascript.no_item.recent.message','Mục này hiển thị các tập tin bạn đã xem gần đây.','2022-01-04 21:11:51','2022-01-04 21:11:51'),(1146,1,'vi','core/media/media','javascript.no_item.default.icon','fas fa-sync','2022-01-04 21:11:51','2022-01-04 21:11:51'),(1147,1,'vi','core/media/media','javascript.no_item.default.title','Thư mục trống','2022-01-04 21:11:51','2022-01-04 21:11:51'),(1148,1,'vi','core/media/media','javascript.no_item.default.message','Thư mục này chưa có tập tin nào','2022-01-04 21:11:51','2022-01-04 21:11:51'),(1149,1,'vi','core/media/media','javascript.clipboard.success','Đường dẫn của các tập tin đã được sao chép vào clipboard','2022-01-04 21:11:51','2022-01-04 21:11:51'),(1150,1,'vi','core/media/media','javascript.message.error_header','Lỗi','2022-01-04 21:11:51','2022-01-04 21:11:51'),(1151,1,'vi','core/media/media','javascript.message.success_header','Thành công','2022-01-04 21:11:51','2022-01-04 21:11:51'),(1152,1,'vi','core/media/media','javascript.download.error','Bạn chưa chọn tập tin nào hoặc tập tin này không cho phép tải về','2022-01-04 21:11:51','2022-01-04 21:11:51'),(1153,1,'vi','core/media/media','javascript.actions_list.basic.preview','Xem trước','2022-01-04 21:11:52','2022-01-04 21:11:52'),(1154,1,'vi','core/media/media','javascript.actions_list.file.copy_link','Sao chép đường dẫn','2022-01-04 21:11:52','2022-01-04 21:11:52'),(1155,1,'vi','core/media/media','javascript.actions_list.file.rename','Đổi tên','2022-01-04 21:11:52','2022-01-04 21:11:52'),(1156,1,'vi','core/media/media','javascript.actions_list.file.make_copy','Nhân bản','2022-01-04 21:11:52','2022-01-04 21:11:52'),(1157,1,'vi','core/media/media','javascript.actions_list.user.favorite','Yêu thích','2022-01-04 21:11:52','2022-01-04 21:11:52'),(1158,1,'vi','core/media/media','javascript.actions_list.user.remove_favorite','Xóa khỏi mục yêu thích','2022-01-04 21:11:52','2022-01-04 21:11:52'),(1159,1,'vi','core/media/media','javascript.actions_list.other.download','Tải xuống','2022-01-04 21:11:52','2022-01-04 21:11:52'),(1160,1,'vi','core/media/media','javascript.actions_list.other.trash','Chuyển vào thùng rác','2022-01-04 21:11:52','2022-01-04 21:11:52'),(1161,1,'vi','core/media/media','javascript.actions_list.other.delete','Xóa hoàn toàn','2022-01-04 21:11:52','2022-01-04 21:11:52'),(1162,1,'vi','core/media/media','javascript.actions_list.other.restore','Khôi phục','2022-01-04 21:11:52','2022-01-04 21:11:52'),(1163,1,'vi','core/media/media','empty_trash_success','Dọn sạch thùng rác thành công','2022-01-04 21:11:52','2022-01-04 21:11:52'),(1164,1,'vi','core/media/media','name_invalid','Tên thư mục chứa ký tự không hợp lệ','2022-01-04 21:11:52','2022-01-04 21:11:52'),(1165,1,'en','core/setting/setting','title','Settings','2022-01-04 21:11:52','2022-01-04 21:11:52'),(1166,1,'en','core/setting/setting','email_setting_title','Email settings','2022-01-04 21:11:52','2022-01-04 21:11:52'),(1167,1,'en','core/setting/setting','general.theme','Theme','2022-01-04 21:11:52','2022-01-04 21:11:52'),(1168,1,'en','core/setting/setting','general.description','Setting site information','2022-01-04 21:11:52','2022-01-04 21:11:52'),(1169,1,'en','core/setting/setting','general.title','General','2022-01-04 21:11:52','2022-01-04 21:11:52'),(1170,1,'en','core/setting/setting','general.general_block','General Information','2022-01-04 21:11:52','2022-01-04 21:11:52'),(1171,1,'en','core/setting/setting','general.rich_editor','Rich Editor','2022-01-04 21:11:52','2022-01-04 21:11:52'),(1172,1,'en','core/setting/setting','general.site_title','Site title','2022-01-04 21:11:52','2022-01-04 21:11:52'),(1173,1,'en','core/setting/setting','general.admin_email','Admin Email','2022-01-04 21:11:52','2022-01-04 21:11:52'),(1174,1,'en','core/setting/setting','general.seo_block','SEO Configuration','2022-01-04 21:11:52','2022-01-04 21:11:52'),(1175,1,'en','core/setting/setting','general.seo_title','SEO Title','2022-01-04 21:11:52','2022-01-04 21:11:52'),(1176,1,'en','core/setting/setting','general.seo_description','SEO Description','2022-01-04 21:11:52','2022-01-04 21:11:52'),(1177,1,'en','core/setting/setting','general.webmaster_tools_block','Google Webmaster Tools','2022-01-04 21:11:52','2022-01-04 21:11:52'),(1178,1,'en','core/setting/setting','general.google_site_verification','Google site verification','2022-01-04 21:11:52','2022-01-04 21:11:52'),(1179,1,'en','core/setting/setting','general.placeholder.site_title','Site Title (maximum 120 characters)','2022-01-04 21:11:52','2022-01-04 21:11:52'),(1180,1,'en','core/setting/setting','general.placeholder.admin_email','Admin Email','2022-01-04 21:11:52','2022-01-04 21:11:52'),(1181,1,'en','core/setting/setting','general.placeholder.seo_title','SEO Title (maximum 120 characters)','2022-01-04 21:11:52','2022-01-04 21:11:52'),(1182,1,'en','core/setting/setting','general.placeholder.seo_description','SEO Description (maximum 120 characters)','2022-01-04 21:11:52','2022-01-04 21:11:52'),(1183,1,'en','core/setting/setting','general.placeholder.google_analytics','Google Analytics','2022-01-04 21:11:52','2022-01-04 21:11:52'),(1184,1,'en','core/setting/setting','general.placeholder.google_site_verification','Google Site Verification','2022-01-04 21:11:52','2022-01-04 21:11:52'),(1185,1,'en','core/setting/setting','general.cache_admin_menu','Cache admin menu?','2022-01-04 21:11:52','2022-01-04 21:11:52'),(1186,1,'en','core/setting/setting','general.enable_send_error_reporting_via_email','Enable to send error reporting via email?','2022-01-04 21:11:52','2022-01-04 21:11:52'),(1187,1,'en','core/setting/setting','general.time_zone','Timezone','2022-01-04 21:11:52','2022-01-04 21:11:52'),(1188,1,'en','core/setting/setting','general.default_admin_theme','Default admin theme','2022-01-04 21:11:52','2022-01-04 21:11:52'),(1189,1,'en','core/setting/setting','general.enable_change_admin_theme','Enable change admin theme?','2022-01-04 21:11:52','2022-01-04 21:11:52'),(1190,1,'en','core/setting/setting','general.enable','Enable','2022-01-04 21:11:52','2022-01-04 21:11:52'),(1191,1,'en','core/setting/setting','general.disable','Disable','2022-01-04 21:11:52','2022-01-04 21:11:52'),(1192,1,'en','core/setting/setting','general.enable_cache','Enable cache?','2022-01-04 21:11:52','2022-01-04 21:11:52'),(1193,1,'en','core/setting/setting','general.cache_time','Cache time (minutes)','2022-01-04 21:11:52','2022-01-04 21:11:52'),(1194,1,'en','core/setting/setting','general.cache_time_site_map','Cache Time Site map','2022-01-04 21:11:52','2022-01-04 21:11:52'),(1195,1,'en','core/setting/setting','general.admin_logo','Admin logo','2022-01-04 21:11:52','2022-01-04 21:11:52'),(1196,1,'en','core/setting/setting','general.admin_favicon','Admin favicon','2022-01-04 21:11:52','2022-01-04 21:11:52'),(1197,1,'en','core/setting/setting','general.admin_title','Admin title','2022-01-04 21:11:52','2022-01-04 21:11:52'),(1198,1,'en','core/setting/setting','general.admin_title_placeholder','Title show to tab of browser','2022-01-04 21:11:52','2022-01-04 21:11:52'),(1199,1,'en','core/setting/setting','general.cache_block','Cache','2022-01-04 21:11:52','2022-01-04 21:11:52'),(1200,1,'en','core/setting/setting','general.admin_appearance_title','Admin appearance','2022-01-04 21:11:52','2022-01-04 21:11:52'),(1201,1,'en','core/setting/setting','general.admin_appearance_description','Setting admin appearance such as editor, language...','2022-01-04 21:11:52','2022-01-04 21:11:52'),(1202,1,'en','core/setting/setting','general.seo_block_description','Setting site title, site meta description, site keyword for optimize SEO','2022-01-04 21:11:52','2022-01-04 21:11:52'),(1203,1,'en','core/setting/setting','general.webmaster_tools_description','Google Webmaster Tools (GWT) is free software that helps you manage the technical side of your website','2022-01-04 21:11:52','2022-01-04 21:11:52'),(1204,1,'en','core/setting/setting','general.cache_description','Config cache for system for optimize speed','2022-01-04 21:11:52','2022-01-04 21:11:52'),(1205,1,'en','core/setting/setting','general.yes','Yes','2022-01-04 21:11:52','2022-01-04 21:11:52'),(1206,1,'en','core/setting/setting','general.no','No','2022-01-04 21:11:52','2022-01-04 21:11:52'),(1207,1,'en','core/setting/setting','general.show_on_front','Your homepage displays','2022-01-04 21:11:52','2022-01-04 21:11:52'),(1208,1,'en','core/setting/setting','general.select','— Select —','2022-01-04 21:11:52','2022-01-04 21:11:52'),(1209,1,'en','core/setting/setting','general.show_site_name','Show site name after page title, separate with \"-\"?','2022-01-04 21:11:52','2022-01-04 21:11:52'),(1210,1,'en','core/setting/setting','general.locale','Site language','2022-01-04 21:11:52','2022-01-04 21:11:52'),(1211,1,'en','core/setting/setting','general.locale_direction','Front site language direction','2022-01-04 21:11:52','2022-01-04 21:11:52'),(1212,1,'en','core/setting/setting','general.admin_locale_direction','Admin language direction','2022-01-04 21:11:52','2022-01-04 21:11:52'),(1213,1,'en','core/setting/setting','general.admin_login_screen_backgrounds','Login screen backgrounds (~1366x768)','2022-01-04 21:11:52','2022-01-04 21:11:52'),(1214,1,'en','core/setting/setting','email.subject','Subject','2022-01-04 21:11:52','2022-01-04 21:11:52'),(1215,1,'en','core/setting/setting','email.content','Content','2022-01-04 21:11:52','2022-01-04 21:11:52'),(1216,1,'en','core/setting/setting','email.title','Setting for email template','2022-01-04 21:11:52','2022-01-04 21:11:52'),(1217,1,'en','core/setting/setting','email.description','Email template using HTML & system variables.','2022-01-04 21:11:52','2022-01-04 21:11:52'),(1218,1,'en','core/setting/setting','email.reset_to_default','Reset to default','2022-01-04 21:11:52','2022-01-04 21:11:52'),(1219,1,'en','core/setting/setting','email.back','Back to settings','2022-01-04 21:11:52','2022-01-04 21:11:52'),(1220,1,'en','core/setting/setting','email.reset_success','Reset back to default successfully','2022-01-04 21:11:52','2022-01-04 21:11:52'),(1221,1,'en','core/setting/setting','email.confirm_reset','Confirm reset email template?','2022-01-04 21:11:52','2022-01-04 21:11:52'),(1222,1,'en','core/setting/setting','email.confirm_message','Do you really want to reset this email template to default?','2022-01-04 21:11:52','2022-01-04 21:11:52'),(1223,1,'en','core/setting/setting','email.continue','Continue','2022-01-04 21:11:52','2022-01-04 21:11:52'),(1224,1,'en','core/setting/setting','email.sender_name','Sender name','2022-01-04 21:11:52','2022-01-04 21:11:52'),(1225,1,'en','core/setting/setting','email.sender_name_placeholder','Name','2022-01-04 21:11:52','2022-01-04 21:11:52'),(1226,1,'en','core/setting/setting','email.sender_email','Sender email','2022-01-04 21:11:52','2022-01-04 21:11:52'),(1227,1,'en','core/setting/setting','email.mailer','Mailer','2022-01-04 21:11:52','2022-01-04 21:11:52'),(1228,1,'en','core/setting/setting','email.port','Port','2022-01-04 21:11:52','2022-01-04 21:11:52'),(1229,1,'en','core/setting/setting','email.port_placeholder','Ex: 587','2022-01-04 21:11:52','2022-01-04 21:11:52'),(1230,1,'en','core/setting/setting','email.host','Host','2022-01-04 21:11:52','2022-01-04 21:11:52'),(1231,1,'en','core/setting/setting','email.host_placeholder','Ex: smtp.gmail.com','2022-01-04 21:11:52','2022-01-04 21:11:52'),(1232,1,'en','core/setting/setting','email.username','Username','2022-01-04 21:11:52','2022-01-04 21:11:52'),(1233,1,'en','core/setting/setting','email.username_placeholder','Username to login to mail server','2022-01-04 21:11:52','2022-01-04 21:11:52'),(1234,1,'en','core/setting/setting','email.password','Password','2022-01-04 21:11:52','2022-01-04 21:11:52'),(1235,1,'en','core/setting/setting','email.password_placeholder','Password to login to mail server','2022-01-04 21:11:52','2022-01-04 21:11:52'),(1236,1,'en','core/setting/setting','email.encryption','Encryption','2022-01-04 21:11:52','2022-01-04 21:11:52'),(1237,1,'en','core/setting/setting','email.mail_gun_domain','Domain','2022-01-04 21:11:52','2022-01-04 21:11:52'),(1238,1,'en','core/setting/setting','email.mail_gun_domain_placeholder','Domain','2022-01-04 21:11:52','2022-01-04 21:11:52'),(1239,1,'en','core/setting/setting','email.mail_gun_secret','Secret','2022-01-04 21:11:52','2022-01-04 21:11:52'),(1240,1,'en','core/setting/setting','email.mail_gun_secret_placeholder','Secret','2022-01-04 21:11:52','2022-01-04 21:11:52'),(1241,1,'en','core/setting/setting','email.mail_gun_endpoint','Endpoint','2022-01-04 21:11:52','2022-01-04 21:11:52'),(1242,1,'en','core/setting/setting','email.mail_gun_endpoint_placeholder','Endpoint','2022-01-04 21:11:52','2022-01-04 21:11:52'),(1243,1,'en','core/setting/setting','email.log_channel','Log channel','2022-01-04 21:11:52','2022-01-04 21:11:52'),(1244,1,'en','core/setting/setting','email.sendmail_path','Sendmail Path','2022-01-04 21:11:52','2022-01-04 21:11:52'),(1245,1,'en','core/setting/setting','email.encryption_placeholder','Encryption: ssl or tls','2022-01-04 21:11:52','2022-01-04 21:11:52'),(1246,1,'en','core/setting/setting','email.ses_key','Key','2022-01-04 21:11:52','2022-01-04 21:11:52'),(1247,1,'en','core/setting/setting','email.ses_key_placeholder','Key','2022-01-04 21:11:52','2022-01-04 21:11:52'),(1248,1,'en','core/setting/setting','email.ses_secret','Secret','2022-01-04 21:11:52','2022-01-04 21:11:52'),(1249,1,'en','core/setting/setting','email.ses_secret_placeholder','Secret','2022-01-04 21:11:52','2022-01-04 21:11:52'),(1250,1,'en','core/setting/setting','email.ses_region','Region','2022-01-04 21:11:52','2022-01-04 21:11:52'),(1251,1,'en','core/setting/setting','email.ses_region_placeholder','Region','2022-01-04 21:11:52','2022-01-04 21:11:52'),(1252,1,'en','core/setting/setting','email.postmark_token','Token','2022-01-04 21:11:52','2022-01-04 21:11:52'),(1253,1,'en','core/setting/setting','email.postmark_token_placeholder','Token','2022-01-04 21:11:52','2022-01-04 21:11:52'),(1254,1,'en','core/setting/setting','email.template_title','Email templates','2022-01-04 21:11:52','2022-01-04 21:11:52'),(1255,1,'en','core/setting/setting','email.template_description','Base templates for all emails','2022-01-04 21:11:52','2022-01-04 21:11:52'),(1256,1,'en','core/setting/setting','email.template_header','Email template header','2022-01-04 21:11:52','2022-01-04 21:11:52'),(1257,1,'en','core/setting/setting','email.template_header_description','Template for header of emails','2022-01-04 21:11:52','2022-01-04 21:11:52'),(1258,1,'en','core/setting/setting','email.template_footer','Email template footer','2022-01-04 21:11:52','2022-01-04 21:11:52'),(1259,1,'en','core/setting/setting','email.template_footer_description','Template for footer of emails','2022-01-04 21:11:52','2022-01-04 21:11:52'),(1260,1,'en','core/setting/setting','email.default','Default','2022-01-04 21:11:52','2022-01-04 21:11:52'),(1261,1,'en','core/setting/setting','email.using_queue_to_send_mail','Using queue job to send emails (Must to setup Queue first https://laravel.com/docs/queues#supervisor-configuration)','2022-01-04 21:11:52','2022-01-04 21:11:52'),(1262,1,'en','core/setting/setting','media.title','Media','2022-01-04 21:11:52','2022-01-04 21:11:52'),(1263,1,'en','core/setting/setting','media.driver','Driver','2022-01-04 21:11:52','2022-01-04 21:11:52'),(1264,1,'en','core/setting/setting','media.description','Settings for media','2022-01-04 21:11:52','2022-01-04 21:11:52'),(1265,1,'en','core/setting/setting','media.aws_access_key_id','AWS Access Key ID','2022-01-04 21:11:52','2022-01-04 21:11:52'),(1266,1,'en','core/setting/setting','media.aws_secret_key','AWS Secret Key','2022-01-04 21:11:52','2022-01-04 21:11:52'),(1267,1,'en','core/setting/setting','media.aws_default_region','AWS Default Region','2022-01-04 21:11:52','2022-01-04 21:11:52'),(1268,1,'en','core/setting/setting','media.aws_bucket','AWS Bucket','2022-01-04 21:11:52','2022-01-04 21:11:52'),(1269,1,'en','core/setting/setting','media.aws_url','AWS URL','2022-01-04 21:11:52','2022-01-04 21:11:52'),(1270,1,'en','core/setting/setting','media.aws_endpoint','AWS Endpoint (Optional)','2022-01-04 21:11:52','2022-01-04 21:11:52'),(1271,1,'en','core/setting/setting','media.do_spaces_access_key_id','DO Spaces Access Key ID','2022-01-04 21:11:52','2022-01-04 21:11:52'),(1272,1,'en','core/setting/setting','media.do_spaces_secret_key','DO Spaces Secret Key','2022-01-04 21:11:52','2022-01-04 21:11:52'),(1273,1,'en','core/setting/setting','media.do_spaces_default_region','DO Spaces Default Region','2022-01-04 21:11:52','2022-01-04 21:11:52'),(1274,1,'en','core/setting/setting','media.do_spaces_bucket','DO Spaces Bucket','2022-01-04 21:11:52','2022-01-04 21:11:52'),(1275,1,'en','core/setting/setting','media.do_spaces_endpoint','DO Spaces Endpoint','2022-01-04 21:11:52','2022-01-04 21:11:52'),(1276,1,'en','core/setting/setting','media.do_spaces_cdn_enabled','Is DO Spaces CDN enabled?','2022-01-04 21:11:52','2022-01-04 21:11:52'),(1277,1,'en','core/setting/setting','media.media_do_spaces_cdn_custom_domain','Do Spaces CDN custom domain','2022-01-04 21:11:52','2022-01-04 21:11:52'),(1278,1,'en','core/setting/setting','media.media_do_spaces_cdn_custom_domain_placeholder','https://your-custom-domain.com','2022-01-04 21:11:52','2022-01-04 21:11:52'),(1279,1,'en','core/setting/setting','media.wasabi_access_key_id','Wasabi Access Key ID','2022-01-04 21:11:52','2022-01-04 21:11:52'),(1280,1,'en','core/setting/setting','media.wasabi_secret_key','Wasabi Secret Key','2022-01-04 21:11:52','2022-01-04 21:11:52'),(1281,1,'en','core/setting/setting','media.wasabi_default_region','Wasabi Default Region','2022-01-04 21:11:52','2022-01-04 21:11:52'),(1282,1,'en','core/setting/setting','media.wasabi_bucket','Wasabi Bucket','2022-01-04 21:11:52','2022-01-04 21:11:52'),(1283,1,'en','core/setting/setting','media.wasabi_root','Wasabi Root','2022-01-04 21:11:52','2022-01-04 21:11:52'),(1284,1,'en','core/setting/setting','media.default_placeholder_image','Default placeholder image','2022-01-04 21:11:52','2022-01-04 21:11:52'),(1285,1,'en','core/setting/setting','media.enable_chunk','Enable chunk size upload?','2022-01-04 21:11:52','2022-01-04 21:11:52'),(1286,1,'en','core/setting/setting','media.chunk_size','Chunk size (Bytes)','2022-01-04 21:11:52','2022-01-04 21:11:52'),(1287,1,'en','core/setting/setting','media.chunk_size_placeholder','Default: 1048576 ~ 1MB','2022-01-04 21:11:52','2022-01-04 21:11:52'),(1288,1,'en','core/setting/setting','media.max_file_size','Chunk max file size (MB)','2022-01-04 21:11:52','2022-01-04 21:11:52'),(1289,1,'en','core/setting/setting','media.max_file_size_placeholder','Default: 1048576 ~ 1GB','2022-01-04 21:11:52','2022-01-04 21:11:52'),(1290,1,'en','core/setting/setting','media.enable_watermark','Enable watermark?','2022-01-04 21:11:52','2022-01-04 21:11:52'),(1291,1,'en','core/setting/setting','media.watermark_source','Watermark image','2022-01-04 21:11:52','2022-01-04 21:11:52'),(1292,1,'en','core/setting/setting','media.watermark_size','Size of watermark (%)','2022-01-04 21:11:52','2022-01-04 21:11:52'),(1293,1,'en','core/setting/setting','media.watermark_size_placeholder','Default: 10 (%)','2022-01-04 21:11:52','2022-01-04 21:11:52'),(1294,1,'en','core/setting/setting','media.watermark_opacity','Watermark Opacity (%)','2022-01-04 21:11:52','2022-01-04 21:11:52'),(1295,1,'en','core/setting/setting','media.watermark_opacity_placeholder','Default: 70 (%)','2022-01-04 21:11:52','2022-01-04 21:11:52'),(1296,1,'en','core/setting/setting','media.watermark_position','Watermark position','2022-01-04 21:11:52','2022-01-04 21:11:52'),(1297,1,'en','core/setting/setting','media.watermark_position_x','Watermark position X','2022-01-04 21:11:52','2022-01-04 21:11:52'),(1298,1,'en','core/setting/setting','media.watermark_position_y','Watermark position Y','2022-01-04 21:11:52','2022-01-04 21:11:52'),(1299,1,'en','core/setting/setting','media.watermark_position_top_left','Top left','2022-01-04 21:11:52','2022-01-04 21:11:52'),(1300,1,'en','core/setting/setting','media.watermark_position_top_right','Top right','2022-01-04 21:11:52','2022-01-04 21:11:52'),(1301,1,'en','core/setting/setting','media.watermark_position_bottom_left','Bottom left','2022-01-04 21:11:52','2022-01-04 21:11:52'),(1302,1,'en','core/setting/setting','media.watermark_position_bottom_right','Bottom right','2022-01-04 21:11:52','2022-01-04 21:11:52'),(1303,1,'en','core/setting/setting','media.watermark_position_center','Center','2022-01-04 21:11:52','2022-01-04 21:11:52'),(1304,1,'en','core/setting/setting','media.turn_off_automatic_url_translation_into_latin','Turn off automatic URL translation into Latin?','2022-01-04 21:11:52','2022-01-04 21:11:52'),(1305,1,'en','core/setting/setting','media.bunnycdn_hostname','Hostname','2022-01-04 21:11:52','2022-01-04 21:11:52'),(1306,1,'en','core/setting/setting','media.bunnycdn_zone','Zone Name (The name of your storage zone)','2022-01-04 21:11:52','2022-01-04 21:11:52'),(1307,1,'en','core/setting/setting','media.bunnycdn_key','FTP & API Access Password (The storage zone API Access Password)','2022-01-04 21:11:52','2022-01-04 21:11:52'),(1308,1,'en','core/setting/setting','media.bunnycdn_region','Region (The storage zone region)','2022-01-04 21:11:52','2022-01-04 21:11:52'),(1309,1,'en','core/setting/setting','media.optional','Optional','2022-01-04 21:11:52','2022-01-04 21:11:52'),(1310,1,'en','core/setting/setting','license.purchase_code','Purchase code','2022-01-04 21:11:52','2022-01-04 21:11:52'),(1311,1,'en','core/setting/setting','license.buyer','Buyer','2022-01-04 21:11:52','2022-01-04 21:11:52'),(1312,1,'en','core/setting/setting','field_type_not_exists','This field type does not exist','2022-01-04 21:11:52','2022-01-04 21:11:52'),(1313,1,'en','core/setting/setting','save_settings','Save settings','2022-01-04 21:11:52','2022-01-04 21:11:52'),(1314,1,'en','core/setting/setting','template','Template','2022-01-04 21:11:52','2022-01-04 21:11:52'),(1315,1,'en','core/setting/setting','description','Description','2022-01-04 21:11:52','2022-01-04 21:11:52'),(1316,1,'en','core/setting/setting','enable','Enable','2022-01-04 21:11:52','2022-01-04 21:11:52'),(1317,1,'en','core/setting/setting','send','Send','2022-01-04 21:11:52','2022-01-04 21:11:52'),(1318,1,'en','core/setting/setting','test_email_description','To send test email, please make sure you are updated configuration to send mail!','2022-01-04 21:11:52','2022-01-04 21:11:52'),(1319,1,'en','core/setting/setting','test_email_input_placeholder','Enter the email which you want to send test email.','2022-01-04 21:11:52','2022-01-04 21:11:52'),(1320,1,'en','core/setting/setting','test_email_modal_title','Send a test email','2022-01-04 21:11:52','2022-01-04 21:11:52'),(1321,1,'en','core/setting/setting','test_send_mail','Send test mail','2022-01-04 21:11:52','2022-01-04 21:11:52'),(1322,1,'en','core/setting/setting','test_email_send_success','Send email successfully!','2022-01-04 21:11:52','2022-01-04 21:11:52'),(1323,1,'en','core/setting/setting','locale_direction_ltr','Left to Right','2022-01-04 21:11:52','2022-01-04 21:11:52'),(1324,1,'en','core/setting/setting','locale_direction_rtl','Right to Left','2022-01-04 21:11:52','2022-01-04 21:11:52'),(1325,1,'en','core/setting/setting','saving','Saving...','2022-01-04 21:11:52','2022-01-04 21:11:52'),(1326,1,'en','core/setting/setting','emails_warning','You can add up to :count emails','2022-01-04 21:11:52','2022-01-04 21:11:52'),(1327,1,'en','core/setting/setting','email_add_more','Add more','2022-01-04 21:11:52','2022-01-04 21:11:52'),(1328,1,'vi','core/setting/setting','title','Cài đặt','2022-01-04 21:11:52','2022-01-04 21:11:52'),(1329,1,'vi','core/setting/setting','general.theme','Giao diện','2022-01-04 21:11:52','2022-01-04 21:11:52'),(1330,1,'vi','core/setting/setting','general.description','Cấu hình những thông tin cài đặt website.','2022-01-04 21:11:52','2022-01-04 21:11:52'),(1331,1,'vi','core/setting/setting','general.title','Thông tin chung','2022-01-04 21:11:52','2022-01-04 21:11:52'),(1332,1,'vi','core/setting/setting','general.general_block','Thông tin chung','2022-01-04 21:11:52','2022-01-04 21:11:52'),(1333,1,'vi','core/setting/setting','general.site_title','Tên trang','2022-01-04 21:11:52','2022-01-04 21:11:52'),(1334,1,'vi','core/setting/setting','general.admin_email','Email quản trị viên','2022-01-04 21:11:52','2022-01-04 21:11:52'),(1335,1,'vi','core/setting/setting','general.seo_block','Cấu hình SEO','2022-01-04 21:11:52','2022-01-04 21:11:52'),(1336,1,'vi','core/setting/setting','general.seo_title','Tiêu đề SEO','2022-01-04 21:11:52','2022-01-04 21:11:52'),(1337,1,'vi','core/setting/setting','general.seo_description','Mô tả SEO','2022-01-04 21:11:52','2022-01-04 21:11:52'),(1338,1,'vi','core/setting/setting','general.webmaster_tools_block','Google Webmaster Tools','2022-01-04 21:11:52','2022-01-04 21:11:52'),(1339,1,'vi','core/setting/setting','general.google_site_verification','Google site verification','2022-01-04 21:11:52','2022-01-04 21:11:52'),(1340,1,'vi','core/setting/setting','general.placeholder.site_title','Tên trang (tối đa 120 kí tự)','2022-01-04 21:11:52','2022-01-04 21:11:52'),(1341,1,'vi','core/setting/setting','general.placeholder.admin_email','Admin Email','2022-01-04 21:11:52','2022-01-04 21:11:52'),(1342,1,'vi','core/setting/setting','general.placeholder.google_analytics','Ví dụ: UA-42767940-2','2022-01-04 21:11:52','2022-01-04 21:11:52'),(1343,1,'vi','core/setting/setting','general.placeholder.google_site_verification','Mã xác nhận trang web dùng cho Google Webmaster Tool','2022-01-04 21:11:52','2022-01-04 21:11:52'),(1344,1,'vi','core/setting/setting','general.placeholder.seo_title','Tiêu đề SEO (tối đa 120 kí tự)','2022-01-04 21:11:52','2022-01-04 21:11:52'),(1345,1,'vi','core/setting/setting','general.placeholder.seo_description','Mô tả SEO (tối đa 120 kí tự)','2022-01-04 21:11:52','2022-01-04 21:11:52'),(1346,1,'vi','core/setting/setting','general.enable_change_admin_theme','Cho phép thay đổi giao diện quản trị?','2022-01-04 21:11:52','2022-01-04 21:11:52'),(1347,1,'vi','core/setting/setting','general.enable','Bật','2022-01-04 21:11:52','2022-01-04 21:11:52'),(1348,1,'vi','core/setting/setting','general.disable','Tắt','2022-01-04 21:11:52','2022-01-04 21:11:52'),(1349,1,'vi','core/setting/setting','general.enable_cache','Bật bộ nhớ đệm?','2022-01-04 21:11:52','2022-01-04 21:11:52'),(1350,1,'vi','core/setting/setting','general.cache_time','Thời gian lưu bộ nhớ đệm (phút)','2022-01-04 21:11:52','2022-01-04 21:11:52'),(1351,1,'vi','core/setting/setting','general.cache_time_site_map','Thời gian lưu sơ đồ trang trong bộ nhớ đệm','2022-01-04 21:11:52','2022-01-04 21:11:52'),(1352,1,'vi','core/setting/setting','general.admin_logo','Logo trang quản trị','2022-01-04 21:11:52','2022-01-04 21:11:52'),(1353,1,'vi','core/setting/setting','general.admin_title','Tiêu đề trang quản trị','2022-01-04 21:11:52','2022-01-04 21:11:52'),(1354,1,'vi','core/setting/setting','general.admin_title_placeholder','Tiêu đề hiển thị trên thẻ trình duyệt','2022-01-04 21:11:52','2022-01-04 21:11:52'),(1355,1,'vi','core/setting/setting','general.rich_editor','Bộ soạn thảo văn bản','2022-01-04 21:11:52','2022-01-04 21:11:52'),(1356,1,'vi','core/setting/setting','general.cache_block','Bộ nhớ đệm','2022-01-04 21:11:52','2022-01-04 21:11:52'),(1357,1,'vi','core/setting/setting','general.yes','Bật','2022-01-04 21:11:52','2022-01-04 21:11:52'),(1358,1,'vi','core/setting/setting','general.no','Tắt','2022-01-04 21:11:52','2022-01-04 21:11:52'),(1359,1,'vi','core/setting/setting','email.subject','Tiêu đề','2022-01-04 21:11:52','2022-01-04 21:11:52'),(1360,1,'vi','core/setting/setting','email.content','Nội dung','2022-01-04 21:11:52','2022-01-04 21:11:52'),(1361,1,'vi','core/setting/setting','email.title','Cấu hình email template','2022-01-04 21:11:52','2022-01-04 21:11:52'),(1362,1,'vi','core/setting/setting','email.description','Cấu trúc file template sử dụng HTML và các biến trong hệ thống.','2022-01-04 21:11:52','2022-01-04 21:11:52'),(1363,1,'vi','core/setting/setting','email.reset_to_default','Khôi phục về mặc định','2022-01-04 21:11:52','2022-01-04 21:11:52'),(1364,1,'vi','core/setting/setting','email.back','Trở lại trang cài đặt','2022-01-04 21:11:52','2022-01-04 21:11:52'),(1365,1,'vi','core/setting/setting','email.reset_success','Khôi phục mặc định thành công','2022-01-04 21:11:52','2022-01-04 21:11:52'),(1366,1,'vi','core/setting/setting','email.confirm_reset','Xác nhận khôi phục mặc định?','2022-01-04 21:11:52','2022-01-04 21:11:52'),(1367,1,'vi','core/setting/setting','email.confirm_message','Bạn có chắc chắn muốn khôi phục về bản mặc định?','2022-01-04 21:11:52','2022-01-04 21:11:52'),(1368,1,'vi','core/setting/setting','email.continue','Tiếp tục','2022-01-04 21:11:52','2022-01-04 21:11:52'),(1369,1,'vi','core/setting/setting','email.sender_name','Tên người gửi','2022-01-04 21:11:52','2022-01-04 21:11:52'),(1370,1,'vi','core/setting/setting','email.sender_name_placeholder','Tên','2022-01-04 21:11:52','2022-01-04 21:11:52'),(1371,1,'vi','core/setting/setting','email.sender_email','Email của người gửi','2022-01-04 21:11:52','2022-01-04 21:11:52'),(1372,1,'vi','core/setting/setting','email.port','Cổng','2022-01-04 21:11:52','2022-01-04 21:11:52'),(1373,1,'vi','core/setting/setting','email.port_placeholder','Ví dụ: 587','2022-01-04 21:11:52','2022-01-04 21:11:52'),(1374,1,'vi','core/setting/setting','email.host','Máy chủ','2022-01-04 21:11:52','2022-01-04 21:11:52'),(1375,1,'vi','core/setting/setting','email.host_placeholder','Ví dụ: smtp.gmail.com','2022-01-04 21:11:52','2022-01-04 21:11:52'),(1376,1,'vi','core/setting/setting','email.username','Tên đăng nhập','2022-01-04 21:11:52','2022-01-04 21:11:52'),(1377,1,'vi','core/setting/setting','email.username_placeholder','Tên đăng nhập vào máy chủ mail','2022-01-04 21:11:52','2022-01-04 21:11:52'),(1378,1,'vi','core/setting/setting','email.password','Mật khẩu','2022-01-04 21:11:52','2022-01-04 21:11:52'),(1379,1,'vi','core/setting/setting','email.password_placeholder','Mật khẩu đăng nhập vào máy chủ mail','2022-01-04 21:11:52','2022-01-04 21:11:52'),(1380,1,'vi','core/setting/setting','email.encryption','Mã hoá','2022-01-04 21:11:52','2022-01-04 21:11:52'),(1381,1,'vi','core/setting/setting','email.mail_gun_domain','Tên miền','2022-01-04 21:11:52','2022-01-04 21:11:52'),(1382,1,'vi','core/setting/setting','email.mail_gun_domain_placeholder','Tên miền','2022-01-04 21:11:52','2022-01-04 21:11:52'),(1383,1,'vi','core/setting/setting','email.mail_gun_secret','Chuỗi bí mật','2022-01-04 21:11:52','2022-01-04 21:11:52'),(1384,1,'vi','core/setting/setting','email.mail_gun_secret_placeholder','Chuỗi bí mật','2022-01-04 21:11:52','2022-01-04 21:11:52'),(1385,1,'vi','core/setting/setting','email.template_title','Mẫu giao diện email','2022-01-04 21:11:52','2022-01-04 21:11:52'),(1386,1,'vi','core/setting/setting','email.template_description','Giao diện mặc định cho tất cả email','2022-01-04 21:11:52','2022-01-04 21:11:52'),(1387,1,'vi','core/setting/setting','email.template_header','Mẫu cho phần trên của email','2022-01-04 21:11:52','2022-01-04 21:11:52'),(1388,1,'vi','core/setting/setting','email.template_header_description','Phần trên của tất cả email','2022-01-04 21:11:52','2022-01-04 21:11:52'),(1389,1,'vi','core/setting/setting','email.template_footer','Mẫu cho phần dưới của email','2022-01-04 21:11:52','2022-01-04 21:11:52'),(1390,1,'vi','core/setting/setting','email.template_footer_description','Phần dưới của tất cả email','2022-01-04 21:11:52','2022-01-04 21:11:52'),(1391,1,'vi','core/setting/setting','save_settings','Lưu cài đặt','2022-01-04 21:11:52','2022-01-04 21:11:52'),(1392,1,'vi','core/setting/setting','template','Mẫu','2022-01-04 21:11:52','2022-01-04 21:11:52'),(1393,1,'vi','core/setting/setting','description','Mô tả','2022-01-04 21:11:52','2022-01-04 21:11:52'),(1394,1,'vi','core/setting/setting','enable','Bật','2022-01-04 21:11:52','2022-01-04 21:11:52'),(1395,1,'vi','core/setting/setting','test_send_mail','Gửi thử nghiệm','2022-01-04 21:11:52','2022-01-04 21:11:52'),(1396,1,'en','core/table/general','operations','Operations','2022-01-04 21:11:52','2022-01-04 21:11:52'),(1397,1,'en','core/table/general','loading_data','Loading data from server','2022-01-04 21:11:52','2022-01-04 21:11:52'),(1398,1,'en','core/table/general','display','Display','2022-01-04 21:11:52','2022-01-04 21:11:52'),(1399,1,'en','core/table/general','all','All','2022-01-04 21:11:52','2022-01-04 21:11:52'),(1400,1,'en','core/table/general','edit_entry','Edit','2022-01-04 21:11:52','2022-01-04 21:11:52'),(1401,1,'en','core/table/general','delete_entry','Delete','2022-01-04 21:11:52','2022-01-04 21:11:52'),(1402,1,'en','core/table/general','show_from','Showing from','2022-01-04 21:11:52','2022-01-04 21:11:52'),(1403,1,'en','core/table/general','to','to','2022-01-04 21:11:52','2022-01-04 21:11:52'),(1404,1,'en','core/table/general','in','in','2022-01-04 21:11:52','2022-01-04 21:11:52'),(1405,1,'en','core/table/general','records','records','2022-01-04 21:11:53','2022-01-04 21:11:53'),(1406,1,'en','core/table/general','no_data','No data to display','2022-01-04 21:11:53','2022-01-04 21:11:53'),(1407,1,'en','core/table/general','no_record','No record','2022-01-04 21:11:53','2022-01-04 21:11:53'),(1408,1,'en','core/table/general','loading','Loading data from server','2022-01-04 21:11:53','2022-01-04 21:11:53'),(1409,1,'en','core/table/general','confirm_delete','Confirm delete','2022-01-04 21:11:53','2022-01-04 21:11:53'),(1410,1,'en','core/table/general','confirm_delete_msg','Do you really want to delete this record?','2022-01-04 21:11:53','2022-01-04 21:11:53'),(1411,1,'en','core/table/general','cancel','Cancel','2022-01-04 21:11:53','2022-01-04 21:11:53'),(1412,1,'en','core/table/general','delete','Delete','2022-01-04 21:11:53','2022-01-04 21:11:53'),(1413,1,'en','core/table/general','close','Close','2022-01-04 21:11:53','2022-01-04 21:11:53'),(1414,1,'en','core/table/general','contains','Contains','2022-01-04 21:11:53','2022-01-04 21:11:53'),(1415,1,'en','core/table/general','is_equal_to','Is equal to','2022-01-04 21:11:53','2022-01-04 21:11:53'),(1416,1,'en','core/table/general','greater_than','Greater than','2022-01-04 21:11:53','2022-01-04 21:11:53'),(1417,1,'en','core/table/general','less_than','Less than','2022-01-04 21:11:53','2022-01-04 21:11:53'),(1418,1,'en','core/table/general','value','Value','2022-01-04 21:11:53','2022-01-04 21:11:53'),(1419,1,'en','core/table/general','select_field','Select field','2022-01-04 21:11:53','2022-01-04 21:11:53'),(1420,1,'en','core/table/general','reset','Reset','2022-01-04 21:11:53','2022-01-04 21:11:53'),(1421,1,'en','core/table/general','add_additional_filter','Add additional filter','2022-01-04 21:11:53','2022-01-04 21:11:53'),(1422,1,'en','core/table/general','apply','Apply','2022-01-04 21:11:53','2022-01-04 21:11:53'),(1423,1,'en','core/table/general','filters','Filters','2022-01-04 21:11:53','2022-01-04 21:11:53'),(1424,1,'en','core/table/general','bulk_change','Bulk changes','2022-01-04 21:11:53','2022-01-04 21:11:53'),(1425,1,'en','core/table/general','select_option','Select option','2022-01-04 21:11:53','2022-01-04 21:11:53'),(1426,1,'en','core/table/general','bulk_actions','Bulk Actions','2022-01-04 21:11:53','2022-01-04 21:11:53'),(1427,1,'en','core/table/general','save_bulk_change_success','Update data for selected record(s) successfully!','2022-01-04 21:11:53','2022-01-04 21:11:53'),(1428,1,'en','core/table/general','please_select_record','Please select at least one record to perform this action!','2022-01-04 21:11:53','2022-01-04 21:11:53'),(1429,1,'en','core/table/general','filtered','(filtered from _MAX_ total records)','2022-01-04 21:11:53','2022-01-04 21:11:53'),(1430,1,'en','core/table/general','search','Search...','2022-01-04 21:11:53','2022-01-04 21:11:53'),(1431,1,'en','core/table/table','operations','Operations','2022-01-04 21:11:53','2022-01-04 21:11:53'),(1432,1,'en','core/table/table','loading_data','Loading data from server','2022-01-04 21:11:53','2022-01-04 21:11:53'),(1433,1,'en','core/table/table','display','Display','2022-01-04 21:11:53','2022-01-04 21:11:53'),(1434,1,'en','core/table/table','all','All','2022-01-04 21:11:53','2022-01-04 21:11:53'),(1435,1,'en','core/table/table','edit_entry','Edit','2022-01-04 21:11:53','2022-01-04 21:11:53'),(1436,1,'en','core/table/table','delete_entry','Delete','2022-01-04 21:11:53','2022-01-04 21:11:53'),(1437,1,'en','core/table/table','show_from','Showing from','2022-01-04 21:11:53','2022-01-04 21:11:53'),(1438,1,'en','core/table/table','to','to','2022-01-04 21:11:53','2022-01-04 21:11:53'),(1439,1,'en','core/table/table','in','in','2022-01-04 21:11:53','2022-01-04 21:11:53'),(1440,1,'en','core/table/table','records','records','2022-01-04 21:11:53','2022-01-04 21:11:53'),(1441,1,'en','core/table/table','no_data','No data to display','2022-01-04 21:11:53','2022-01-04 21:11:53'),(1442,1,'en','core/table/table','no_record','No record','2022-01-04 21:11:53','2022-01-04 21:11:53'),(1443,1,'en','core/table/table','loading','Loading data from server','2022-01-04 21:11:53','2022-01-04 21:11:53'),(1444,1,'en','core/table/table','confirm_delete','Confirm delete','2022-01-04 21:11:53','2022-01-04 21:11:53'),(1445,1,'en','core/table/table','confirm_delete_msg','Do you really want to delete this record?','2022-01-04 21:11:53','2022-01-04 21:11:53'),(1446,1,'en','core/table/table','cancel','Cancel','2022-01-04 21:11:53','2022-01-04 21:11:53'),(1447,1,'en','core/table/table','delete','Delete','2022-01-04 21:11:53','2022-01-04 21:11:53'),(1448,1,'en','core/table/table','close','Close','2022-01-04 21:11:53','2022-01-04 21:11:53'),(1449,1,'en','core/table/table','contains','Contains','2022-01-04 21:11:53','2022-01-04 21:11:53'),(1450,1,'en','core/table/table','is_equal_to','Is equal to','2022-01-04 21:11:53','2022-01-04 21:11:53'),(1451,1,'en','core/table/table','greater_than','Greater than','2022-01-04 21:11:53','2022-01-04 21:11:53'),(1452,1,'en','core/table/table','less_than','Less than','2022-01-04 21:11:53','2022-01-04 21:11:53'),(1453,1,'en','core/table/table','value','Value','2022-01-04 21:11:53','2022-01-04 21:11:53'),(1454,1,'en','core/table/table','select_field','Select field','2022-01-04 21:11:53','2022-01-04 21:11:53'),(1455,1,'en','core/table/table','reset','Reset','2022-01-04 21:11:53','2022-01-04 21:11:53'),(1456,1,'en','core/table/table','add_additional_filter','Add additional filter','2022-01-04 21:11:53','2022-01-04 21:11:53'),(1457,1,'en','core/table/table','apply','Apply','2022-01-04 21:11:53','2022-01-04 21:11:53'),(1458,1,'en','core/table/table','filters','Filters','2022-01-04 21:11:53','2022-01-04 21:11:53'),(1459,1,'en','core/table/table','bulk_change','Bulk changes','2022-01-04 21:11:53','2022-01-04 21:11:53'),(1460,1,'en','core/table/table','select_option','Select option','2022-01-04 21:11:53','2022-01-04 21:11:53'),(1461,1,'en','core/table/table','bulk_actions','Bulk Actions','2022-01-04 21:11:53','2022-01-04 21:11:53'),(1462,1,'en','core/table/table','save_bulk_change_success','Update data for selected record(s) successfully!','2022-01-04 21:11:53','2022-01-04 21:11:53'),(1463,1,'en','core/table/table','please_select_record','Please select at least one record to perform this action!','2022-01-04 21:11:53','2022-01-04 21:11:53'),(1464,1,'en','core/table/table','filtered','(filtered from _MAX_ total records)','2022-01-04 21:11:53','2022-01-04 21:11:53'),(1465,1,'en','core/table/table','search','Search...','2022-01-04 21:11:53','2022-01-04 21:11:53'),(1466,1,'vi','core/table/general','operations','Hành động','2022-01-04 21:11:53','2022-01-04 21:11:53'),(1467,1,'vi','core/table/general','loading_data','Đang tải dữ liệu từ hệ thống','2022-01-04 21:11:53','2022-01-04 21:11:53'),(1468,1,'vi','core/table/general','display','Hiển thị','2022-01-04 21:11:53','2022-01-04 21:11:53'),(1469,1,'vi','core/table/general','all','Tất cả','2022-01-04 21:11:53','2022-01-04 21:11:53'),(1470,1,'vi','core/table/general','edit_entry','Sửa','2022-01-04 21:11:53','2022-01-04 21:11:53'),(1471,1,'vi','core/table/general','delete_entry','Xoá','2022-01-04 21:11:53','2022-01-04 21:11:53'),(1472,1,'vi','core/table/general','show_from','Hiển thị từ','2022-01-04 21:11:53','2022-01-04 21:11:53'),(1473,1,'vi','core/table/general','to','đến','2022-01-04 21:11:53','2022-01-04 21:11:53'),(1474,1,'vi','core/table/general','in','trong tổng số','2022-01-04 21:11:53','2022-01-04 21:11:53'),(1475,1,'vi','core/table/general','records','bản ghi','2022-01-04 21:11:53','2022-01-04 21:11:53'),(1476,1,'vi','core/table/general','no_data','Không có dữ liệu để hiển thị','2022-01-04 21:11:53','2022-01-04 21:11:53'),(1477,1,'vi','core/table/general','no_record','không có bản ghi nào','2022-01-04 21:11:53','2022-01-04 21:11:53'),(1478,1,'vi','core/table/general','loading','Đang tải dữ liệu từ hệ thống','2022-01-04 21:11:53','2022-01-04 21:11:53'),(1479,1,'vi','core/table/general','confirm_delete','Xác nhận xoá','2022-01-04 21:11:53','2022-01-04 21:11:53'),(1480,1,'vi','core/table/general','confirm_delete_msg','Bạn có chắc chắn muốn xoá bản ghi này?','2022-01-04 21:11:53','2022-01-04 21:11:53'),(1481,1,'vi','core/table/general','cancel','Huỷ bỏ','2022-01-04 21:11:53','2022-01-04 21:11:53'),(1482,1,'vi','core/table/general','delete','Xoá','2022-01-04 21:11:53','2022-01-04 21:11:53'),(1483,1,'vi','core/table/general','close','Đóng','2022-01-04 21:11:53','2022-01-04 21:11:53'),(1484,1,'vi','core/table/general','is_equal_to','Bằng với','2022-01-04 21:11:53','2022-01-04 21:11:53'),(1485,1,'vi','core/table/general','greater_than','Lớn hơn','2022-01-04 21:11:53','2022-01-04 21:11:53'),(1486,1,'vi','core/table/general','less_than','Nhỏ hơn','2022-01-04 21:11:53','2022-01-04 21:11:53'),(1487,1,'vi','core/table/general','value','Giá trị','2022-01-04 21:11:53','2022-01-04 21:11:53'),(1488,1,'vi','core/table/general','select_field','Chọn trường','2022-01-04 21:11:53','2022-01-04 21:11:53'),(1489,1,'vi','core/table/general','reset','Làm mới','2022-01-04 21:11:53','2022-01-04 21:11:53'),(1490,1,'vi','core/table/general','add_additional_filter','Thêm bộ lọc','2022-01-04 21:11:53','2022-01-04 21:11:53'),(1491,1,'vi','core/table/general','apply','Áp dụng','2022-01-04 21:11:53','2022-01-04 21:11:53'),(1492,1,'vi','core/table/general','select_option','Lựa chọn','2022-01-04 21:11:53','2022-01-04 21:11:53'),(1493,1,'vi','core/table/general','filters','Lọc dữ liệu','2022-01-04 21:11:53','2022-01-04 21:11:53'),(1494,1,'vi','core/table/general','bulk_change','Thay đổi hàng loạt','2022-01-04 21:11:53','2022-01-04 21:11:53'),(1495,1,'vi','core/table/general','bulk_actions','Hành động','2022-01-04 21:11:53','2022-01-04 21:11:53'),(1496,1,'vi','core/table/general','contains','Bao gồm','2022-01-04 21:11:53','2022-01-04 21:11:53'),(1497,1,'vi','core/table/general','filtered','(đã được lọc từ _MAX_ bản ghi)','2022-01-04 21:11:53','2022-01-04 21:11:53'),(1498,1,'en','packages/menu/menu','name','Menus','2022-01-04 21:11:53','2022-01-04 21:11:53'),(1499,1,'en','packages/menu/menu','key_name','Menu name (key: :key)','2022-01-04 21:11:53','2022-01-04 21:11:53'),(1500,1,'en','packages/menu/menu','basic_info','Basic information','2022-01-04 21:11:53','2022-01-04 21:11:53'),(1501,1,'en','packages/menu/menu','add_to_menu','Add to menu','2022-01-04 21:11:53','2022-01-04 21:11:53'),(1502,1,'en','packages/menu/menu','custom_link','Custom link','2022-01-04 21:11:53','2022-01-04 21:11:53'),(1503,1,'en','packages/menu/menu','add_link','Add link','2022-01-04 21:11:53','2022-01-04 21:11:53'),(1504,1,'en','packages/menu/menu','structure','Menu structure','2022-01-04 21:11:53','2022-01-04 21:11:53'),(1505,1,'en','packages/menu/menu','remove','Remove','2022-01-04 21:11:53','2022-01-04 21:11:53'),(1506,1,'en','packages/menu/menu','cancel','Cancel','2022-01-04 21:11:53','2022-01-04 21:11:53'),(1507,1,'en','packages/menu/menu','title','Title','2022-01-04 21:11:53','2022-01-04 21:11:53'),(1508,1,'en','packages/menu/menu','icon','Icon','2022-01-04 21:11:53','2022-01-04 21:11:53'),(1509,1,'en','packages/menu/menu','url','URL','2022-01-04 21:11:53','2022-01-04 21:11:53'),(1510,1,'en','packages/menu/menu','target','Target','2022-01-04 21:11:53','2022-01-04 21:11:53'),(1511,1,'en','packages/menu/menu','css_class','CSS class','2022-01-04 21:11:53','2022-01-04 21:11:53'),(1512,1,'en','packages/menu/menu','self_open_link','Open link directly','2022-01-04 21:11:53','2022-01-04 21:11:53'),(1513,1,'en','packages/menu/menu','blank_open_link','Open link in new tab','2022-01-04 21:11:53','2022-01-04 21:11:53'),(1514,1,'en','packages/menu/menu','create','Create menu','2022-01-04 21:11:53','2022-01-04 21:11:53'),(1515,1,'en','packages/menu/menu','edit','Edit menu','2022-01-04 21:11:53','2022-01-04 21:11:53'),(1516,1,'en','packages/menu/menu','menu_settings','Menu settings','2022-01-04 21:11:53','2022-01-04 21:11:53'),(1517,1,'en','packages/menu/menu','display_location','Display location','2022-01-04 21:11:53','2022-01-04 21:11:53'),(1518,1,'vi','packages/menu/menu','name','Menu','2022-01-04 21:11:53','2022-01-04 21:11:53'),(1519,1,'vi','packages/menu/menu','cancel','Hủy bỏ','2022-01-04 21:11:53','2022-01-04 21:11:53'),(1520,1,'vi','packages/menu/menu','add_link','Thêm liên kết','2022-01-04 21:11:53','2022-01-04 21:11:53'),(1521,1,'vi','packages/menu/menu','add_to_menu','Thêm vào trình đơn','2022-01-04 21:11:53','2022-01-04 21:11:53'),(1522,1,'vi','packages/menu/menu','basic_info','Thông tin cơ bản','2022-01-04 21:11:53','2022-01-04 21:11:53'),(1523,1,'vi','packages/menu/menu','blank_open_link','Mở liên kết trong tab mới','2022-01-04 21:11:53','2022-01-04 21:11:53'),(1524,1,'vi','packages/menu/menu','css_class','CSS class','2022-01-04 21:11:53','2022-01-04 21:11:53'),(1525,1,'vi','packages/menu/menu','custom_link','Liên kết tùy chọn','2022-01-04 21:11:53','2022-01-04 21:11:53'),(1526,1,'vi','packages/menu/menu','icon','Biểu tượng','2022-01-04 21:11:53','2022-01-04 21:11:53'),(1527,1,'vi','packages/menu/menu','key_name','Tên menu (key::key)','2022-01-04 21:11:53','2022-01-04 21:11:53'),(1528,1,'vi','packages/menu/menu','remove','Xóa','2022-01-04 21:11:53','2022-01-04 21:11:53'),(1529,1,'vi','packages/menu/menu','self_open_link','Mở liên kết trong tab hiện tại','2022-01-04 21:11:53','2022-01-04 21:11:53'),(1530,1,'vi','packages/menu/menu','structure','Cấu trúc trình đơn','2022-01-04 21:11:53','2022-01-04 21:11:53'),(1531,1,'vi','packages/menu/menu','target','Target','2022-01-04 21:11:53','2022-01-04 21:11:53'),(1532,1,'vi','packages/menu/menu','title','Tiêu đề','2022-01-04 21:11:53','2022-01-04 21:11:53'),(1533,1,'vi','packages/menu/menu','url','URL','2022-01-04 21:11:53','2022-01-04 21:11:53'),(1534,1,'vi','packages/menu/menu','create','Tạo trình đơn','2022-01-04 21:11:53','2022-01-04 21:11:53'),(1535,1,'vi','packages/menu/menu','edit','Sửa trình đơn','2022-01-04 21:11:53','2022-01-04 21:11:53'),(1536,1,'en','packages/page/pages','create','Create new page','2022-01-04 21:11:53','2022-01-04 21:11:53'),(1537,1,'en','packages/page/pages','edit','Edit page','2022-01-04 21:11:53','2022-01-04 21:11:53'),(1538,1,'en','packages/page/pages','form.name','Name','2022-01-04 21:11:53','2022-01-04 21:11:53'),(1539,1,'en','packages/page/pages','form.name_placeholder','Page\'s name (Maximum 120 characters)','2022-01-04 21:11:53','2022-01-04 21:11:53'),(1540,1,'en','packages/page/pages','form.content','Content','2022-01-04 21:11:53','2022-01-04 21:11:53'),(1541,1,'en','packages/page/pages','form.note','Note content','2022-01-04 21:11:53','2022-01-04 21:11:53'),(1542,1,'en','packages/page/pages','notices.no_select','Please select at least one record to take this action!','2022-01-04 21:11:53','2022-01-04 21:11:53'),(1543,1,'en','packages/page/pages','notices.update_success_message','Update successfully','2022-01-04 21:11:53','2022-01-04 21:11:53'),(1544,1,'en','packages/page/pages','cannot_delete','Page could not be deleted','2022-01-04 21:11:53','2022-01-04 21:11:53'),(1545,1,'en','packages/page/pages','deleted','Page deleted','2022-01-04 21:11:53','2022-01-04 21:11:53'),(1546,1,'en','packages/page/pages','pages','Pages','2022-01-04 21:11:53','2022-01-04 21:11:53'),(1547,1,'en','packages/page/pages','menu','Pages','2022-01-04 21:11:53','2022-01-04 21:11:53'),(1548,1,'en','packages/page/pages','menu_name','Pages','2022-01-04 21:11:53','2022-01-04 21:11:53'),(1549,1,'en','packages/page/pages','edit_this_page','Edit this page','2022-01-04 21:11:53','2022-01-04 21:11:53'),(1550,1,'en','packages/page/pages','total_pages','Total pages','2022-01-04 21:11:53','2022-01-04 21:11:53'),(1551,1,'en','packages/page/pages','settings.show_on_front','Your homepage displays','2022-01-04 21:11:53','2022-01-04 21:11:53'),(1552,1,'en','packages/page/pages','settings.select','— Select —','2022-01-04 21:11:53','2022-01-04 21:11:53'),(1553,1,'en','packages/page/pages','front_page','Front Page','2022-01-04 21:11:53','2022-01-04 21:11:53'),(1554,1,'vi','packages/page/pages','create','Thêm trang','2022-01-04 21:11:53','2022-01-04 21:11:53'),(1555,1,'vi','packages/page/pages','edit','Sửa trang','2022-01-04 21:11:53','2022-01-04 21:11:53'),(1556,1,'vi','packages/page/pages','form.name','Tiêu đề trang','2022-01-04 21:11:53','2022-01-04 21:11:53'),(1557,1,'vi','packages/page/pages','form.note','Nội dung ghi chú','2022-01-04 21:11:53','2022-01-04 21:11:53'),(1558,1,'vi','packages/page/pages','form.name_placeholder','Tên trang (tối đa 120 kí tự)','2022-01-04 21:11:53','2022-01-04 21:11:53'),(1559,1,'vi','packages/page/pages','form.content','Nội dung','2022-01-04 21:11:53','2022-01-04 21:11:53'),(1560,1,'vi','packages/page/pages','notices.no_select','Chọn ít nhất 1 trang để thực hiện hành động này!','2022-01-04 21:11:53','2022-01-04 21:11:53'),(1561,1,'vi','packages/page/pages','notices.update_success_message','Cập nhật thành công','2022-01-04 21:11:53','2022-01-04 21:11:53'),(1562,1,'vi','packages/page/pages','deleted','Xóa trang thành công','2022-01-04 21:11:53','2022-01-04 21:11:53'),(1563,1,'vi','packages/page/pages','cannot_delete','Không thể xóa trang','2022-01-04 21:11:53','2022-01-04 21:11:53'),(1564,1,'vi','packages/page/pages','menu','Trang','2022-01-04 21:11:53','2022-01-04 21:11:53'),(1565,1,'vi','packages/page/pages','menu_name','Trang','2022-01-04 21:11:53','2022-01-04 21:11:53'),(1566,1,'vi','packages/page/pages','edit_this_page','Sửa trang này','2022-01-04 21:11:53','2022-01-04 21:11:53'),(1567,1,'vi','packages/page/pages','pages','Trang','2022-01-04 21:11:53','2022-01-04 21:11:53'),(1568,1,'en','packages/plugin-management/plugin','enabled','Enabled','2022-01-04 21:11:53','2022-01-04 21:11:53'),(1569,1,'en','packages/plugin-management/plugin','deactivated','Deactivated','2022-01-04 21:11:53','2022-01-04 21:11:53'),(1570,1,'en','packages/plugin-management/plugin','activated','Activated','2022-01-04 21:11:53','2022-01-04 21:11:53'),(1571,1,'en','packages/plugin-management/plugin','activate','Activate','2022-01-04 21:11:53','2022-01-04 21:11:53'),(1572,1,'en','packages/plugin-management/plugin','deactivate','Deactivate','2022-01-04 21:11:53','2022-01-04 21:11:53'),(1573,1,'en','packages/plugin-management/plugin','author','By','2022-01-04 21:11:53','2022-01-04 21:11:53'),(1574,1,'en','packages/plugin-management/plugin','update_plugin_status_success','Update plugin successfully','2022-01-04 21:11:53','2022-01-04 21:11:53'),(1575,1,'en','packages/plugin-management/plugin','plugins','Plugins','2022-01-04 21:11:53','2022-01-04 21:11:53'),(1576,1,'en','packages/plugin-management/plugin','missing_required_plugins','Please activate plugin(s): :plugins before activate this plugin!','2022-01-04 21:11:53','2022-01-04 21:11:53'),(1577,1,'en','packages/plugin-management/plugin','remove','Remove','2022-01-04 21:11:53','2022-01-04 21:11:53'),(1578,1,'en','packages/plugin-management/plugin','remove_plugin_success','Remove plugin successfully!','2022-01-04 21:11:53','2022-01-04 21:11:53'),(1579,1,'en','packages/plugin-management/plugin','remove_plugin','Remove plugin','2022-01-04 21:11:53','2022-01-04 21:11:53'),(1580,1,'en','packages/plugin-management/plugin','remove_plugin_confirm_message','Do you really want to remove this plugin?','2022-01-04 21:11:53','2022-01-04 21:11:53'),(1581,1,'en','packages/plugin-management/plugin','remove_plugin_confirm_yes','Yes, remove it!','2022-01-04 21:11:53','2022-01-04 21:11:53'),(1582,1,'en','packages/plugin-management/plugin','total_plugins','Total plugins','2022-01-04 21:11:53','2022-01-04 21:11:53'),(1583,1,'en','packages/plugin-management/plugin','invalid_plugin','This plugin is not a valid plugin, please check it again!','2022-01-04 21:11:53','2022-01-04 21:11:53'),(1584,1,'en','packages/plugin-management/plugin','version','Version','2022-01-04 21:11:53','2022-01-04 21:11:53'),(1585,1,'en','packages/plugin-management/plugin','invalid_json','Invalid plugin.json!','2022-01-04 21:11:53','2022-01-04 21:11:53'),(1586,1,'en','packages/plugin-management/plugin','activate_success','Activate plugin successfully!','2022-01-04 21:11:53','2022-01-04 21:11:53'),(1587,1,'en','packages/plugin-management/plugin','activated_already','This plugin is activated already!','2022-01-04 21:11:53','2022-01-04 21:11:53'),(1588,1,'en','packages/plugin-management/plugin','plugin_not_exist','This plugin is not exists.','2022-01-04 21:11:53','2022-01-04 21:11:53'),(1589,1,'en','packages/plugin-management/plugin','missing_json_file','Missing file plugin.json!','2022-01-04 21:11:53','2022-01-04 21:11:53'),(1590,1,'en','packages/plugin-management/plugin','plugin_invalid','Plugin is valid!','2022-01-04 21:11:53','2022-01-04 21:11:53'),(1591,1,'en','packages/plugin-management/plugin','published_assets_success','Publish assets for plugin :name successfully!','2022-01-04 21:11:53','2022-01-04 21:11:53'),(1592,1,'en','packages/plugin-management/plugin','plugin_removed','Plugin has been removed!','2022-01-04 21:11:53','2022-01-04 21:11:53'),(1593,1,'en','packages/plugin-management/plugin','deactivated_success','Deactivate plugin successfully!','2022-01-04 21:11:53','2022-01-04 21:11:53'),(1594,1,'en','packages/plugin-management/plugin','deactivated_already','This plugin is deactivated already!','2022-01-04 21:11:53','2022-01-04 21:11:53'),(1595,1,'en','packages/plugin-management/plugin','folder_is_not_writeable','Cannot write files! Folder :name is not writable. Please chmod to make it writable!','2022-01-04 21:11:53','2022-01-04 21:11:53'),(1596,1,'en','packages/plugin-management/plugin','plugin_is_not_ready','Plugin :name is not ready to use','2022-01-04 21:11:53','2022-01-04 21:11:53'),(1597,1,'vi','packages/plugin-management/plugin','activate','Kích hoạt','2022-01-04 21:11:53','2022-01-04 21:11:53'),(1598,1,'vi','packages/plugin-management/plugin','author','Tác giả','2022-01-04 21:11:53','2022-01-04 21:11:53'),(1599,1,'vi','packages/plugin-management/plugin','version','Phiên bản','2022-01-04 21:11:53','2022-01-04 21:11:53'),(1600,1,'vi','packages/plugin-management/plugin','activated','Đã kích hoạt','2022-01-04 21:11:53','2022-01-04 21:11:53'),(1601,1,'vi','packages/plugin-management/plugin','deactivate','Hủy kích hoạt','2022-01-04 21:11:53','2022-01-04 21:11:53'),(1602,1,'vi','packages/plugin-management/plugin','deactivated','Đã vô hiệu','2022-01-04 21:11:53','2022-01-04 21:11:53'),(1603,1,'vi','packages/plugin-management/plugin','enabled','Kích hoạt','2022-01-04 21:11:53','2022-01-04 21:11:53'),(1604,1,'vi','packages/plugin-management/plugin','invalid_plugin','Gói mở rộng không hợp lệ','2022-01-04 21:11:53','2022-01-04 21:11:53'),(1605,1,'vi','packages/plugin-management/plugin','update_plugin_status_success','Cập nhật trạng thái gói mở rộng thành công','2022-01-04 21:11:53','2022-01-04 21:11:53'),(1606,1,'vi','packages/plugin-management/plugin','missing_required_plugins','Vui lòng kích hoạt các tiện ích mở rộng :plugins trước khi kích hoạt tiện ích này','2022-01-04 21:11:53','2022-01-04 21:11:53'),(1607,1,'vi','packages/plugin-management/plugin','plugins','Tiện ích mở rộng','2022-01-04 21:11:53','2022-01-04 21:11:53'),(1608,1,'en','packages/seo-helper/seo-helper','meta_box_header','Search Engine Optimize','2022-01-04 21:11:53','2022-01-04 21:11:53'),(1609,1,'en','packages/seo-helper/seo-helper','edit_seo_meta','Edit SEO meta','2022-01-04 21:11:53','2022-01-04 21:11:53'),(1610,1,'en','packages/seo-helper/seo-helper','default_description','Setup meta title & description to make your site easy to discovered on search engines such as Google','2022-01-04 21:11:53','2022-01-04 21:11:53'),(1611,1,'en','packages/seo-helper/seo-helper','seo_title','SEO Title','2022-01-04 21:11:53','2022-01-04 21:11:53'),(1612,1,'en','packages/seo-helper/seo-helper','seo_description','SEO description','2022-01-04 21:11:53','2022-01-04 21:11:53'),(1613,1,'vi','packages/seo-helper/seo-helper','meta_box_header','Tối ưu hoá bộ máy tìm kiếm (SEO)','2022-01-04 21:11:53','2022-01-04 21:11:53'),(1614,1,'vi','packages/seo-helper/seo-helper','edit_seo_meta','Chỉnh sửa SEO','2022-01-04 21:11:53','2022-01-04 21:11:53'),(1615,1,'vi','packages/seo-helper/seo-helper','default_description','Thiết lập các thẻ mô tả giúp người dùng dễ dàng tìm thấy trên công cụ tìm kiếm như Google.','2022-01-04 21:11:53','2022-01-04 21:11:53'),(1616,1,'vi','packages/seo-helper/seo-helper','seo_title','Tiêu đề trang','2022-01-04 21:11:53','2022-01-04 21:11:53'),(1617,1,'vi','packages/seo-helper/seo-helper','seo_description','Mô tả trang','2022-01-04 21:11:53','2022-01-04 21:11:53'),(1618,1,'en','packages/slug/slug','permalink_settings','Permalink','2022-01-04 21:11:53','2022-01-04 21:11:53'),(1619,1,'en','packages/slug/slug','settings.title','Permalink settings','2022-01-04 21:11:53','2022-01-04 21:11:53'),(1620,1,'en','packages/slug/slug','settings.description','Manage permalink for all modules.','2022-01-04 21:11:53','2022-01-04 21:11:53'),(1621,1,'en','packages/slug/slug','settings.preview','Preview','2022-01-04 21:11:53','2022-01-04 21:11:53'),(1622,1,'en','packages/slug/slug','settings.turn_off_automatic_url_translation_into_latin','Turn off automatic URL translation into Latin?','2022-01-04 21:11:53','2022-01-04 21:11:53'),(1623,1,'en','packages/slug/slug','preview','Preview','2022-01-04 21:11:53','2022-01-04 21:11:53'),(1624,1,'en','packages/slug/slug','prefix_for','Prefix for :name','2022-01-04 21:11:53','2022-01-04 21:11:53'),(1625,1,'en','packages/theme/theme','name','Themes','2022-01-04 21:11:53','2022-01-04 21:11:53'),(1626,1,'en','packages/theme/theme','theme','Theme','2022-01-04 21:11:53','2022-01-04 21:11:53'),(1627,1,'en','packages/theme/theme','author','Author','2022-01-04 21:11:53','2022-01-04 21:11:53'),(1628,1,'en','packages/theme/theme','version','Version','2022-01-04 21:11:53','2022-01-04 21:11:53'),(1629,1,'en','packages/theme/theme','description','Description','2022-01-04 21:11:53','2022-01-04 21:11:53'),(1630,1,'en','packages/theme/theme','active_success','Activate theme :name successfully!','2022-01-04 21:11:53','2022-01-04 21:11:53'),(1631,1,'en','packages/theme/theme','active','Active','2022-01-04 21:11:53','2022-01-04 21:11:53'),(1632,1,'en','packages/theme/theme','activated','Activated','2022-01-04 21:11:53','2022-01-04 21:11:53'),(1633,1,'en','packages/theme/theme','appearance','Appearance','2022-01-04 21:11:53','2022-01-04 21:11:53'),(1634,1,'en','packages/theme/theme','theme_options','Theme options','2022-01-04 21:11:53','2022-01-04 21:11:53'),(1635,1,'en','packages/theme/theme','save_changes','Save Changes','2022-01-04 21:11:53','2022-01-04 21:11:53'),(1636,1,'en','packages/theme/theme','developer_mode','Developer Mode Enabled','2022-01-04 21:11:53','2022-01-04 21:11:53'),(1637,1,'en','packages/theme/theme','custom_css','Custom CSS','2022-01-04 21:11:53','2022-01-04 21:11:53'),(1638,1,'en','packages/theme/theme','custom_js','Custom JS','2022-01-04 21:11:53','2022-01-04 21:11:53'),(1639,1,'en','packages/theme/theme','custom_header_js','Header JS','2022-01-04 21:11:53','2022-01-04 21:11:53'),(1640,1,'en','packages/theme/theme','custom_header_js_placeholder','JS in header of page, wrap it inside &#x3C;script&#x3E;&#x3C;/script&#x3E;','2022-01-04 21:11:53','2022-01-04 21:11:53'),(1641,1,'en','packages/theme/theme','custom_body_js','Body JS','2022-01-04 21:11:53','2022-01-04 21:11:53'),(1642,1,'en','packages/theme/theme','custom_body_js_placeholder','JS in body of page, wrap it inside &#x3C;script&#x3E;&#x3C;/script&#x3E;','2022-01-04 21:11:53','2022-01-04 21:11:53'),(1643,1,'en','packages/theme/theme','custom_footer_js','Footer JS','2022-01-04 21:11:53','2022-01-04 21:11:53'),(1644,1,'en','packages/theme/theme','custom_footer_js_placeholder','JS in footer of page, wrap it inside &#x3C;script&#x3E;&#x3C;/script&#x3E;','2022-01-04 21:11:53','2022-01-04 21:11:53'),(1645,1,'en','packages/theme/theme','remove_theme_success','Remove theme successfully!','2022-01-04 21:11:53','2022-01-04 21:11:53'),(1646,1,'en','packages/theme/theme','theme_is_not_existed','This theme is not existed!','2022-01-04 21:11:53','2022-01-04 21:11:53'),(1647,1,'en','packages/theme/theme','remove','Remove','2022-01-04 21:11:54','2022-01-04 21:11:54'),(1648,1,'en','packages/theme/theme','remove_theme','Remove theme','2022-01-04 21:11:54','2022-01-04 21:11:54'),(1649,1,'en','packages/theme/theme','remove_theme_confirm_message','Do you really want to remove this theme?','2022-01-04 21:11:54','2022-01-04 21:11:54'),(1650,1,'en','packages/theme/theme','remove_theme_confirm_yes','Yes, remove it!','2022-01-04 21:11:54','2022-01-04 21:11:54'),(1651,1,'en','packages/theme/theme','total_themes','Total themes','2022-01-04 21:11:54','2022-01-04 21:11:54'),(1652,1,'en','packages/theme/theme','show_admin_bar','Show admin bar (When admin logged in, still show admin bar in website)?','2022-01-04 21:11:54','2022-01-04 21:11:54'),(1653,1,'en','packages/theme/theme','settings.title','Theme','2022-01-04 21:11:54','2022-01-04 21:11:54'),(1654,1,'en','packages/theme/theme','settings.description','Setting for theme','2022-01-04 21:11:54','2022-01-04 21:11:54'),(1655,1,'en','packages/theme/theme','add_new','Add new','2022-01-04 21:11:54','2022-01-04 21:11:54'),(1656,1,'en','packages/theme/theme','theme_activated_already','Theme \":name\" is activated already!','2022-01-04 21:11:54','2022-01-04 21:11:54'),(1657,1,'en','packages/theme/theme','missing_json_file','Missing file theme.json!','2022-01-04 21:11:54','2022-01-04 21:11:54'),(1658,1,'en','packages/theme/theme','theme_invalid','Theme is valid!','2022-01-04 21:11:54','2022-01-04 21:11:54'),(1659,1,'en','packages/theme/theme','published_assets_success','Publish assets for :themes successfully!','2022-01-04 21:11:54','2022-01-04 21:11:54'),(1660,1,'en','packages/theme/theme','cannot_remove_theme','Cannot remove activated theme, please activate another theme before removing \":name\"!','2022-01-04 21:11:54','2022-01-04 21:11:54'),(1661,1,'en','packages/theme/theme','theme_deleted','Theme \":name\" has been destroyed.','2022-01-04 21:11:54','2022-01-04 21:11:54'),(1662,1,'en','packages/theme/theme','removed_assets','Remove assets of a theme :name successfully!','2022-01-04 21:11:54','2022-01-04 21:11:54'),(1663,1,'en','packages/theme/theme','update_custom_css_success','Update custom CSS successfully!','2022-01-04 21:11:54','2022-01-04 21:11:54'),(1664,1,'en','packages/theme/theme','update_custom_js_success','Update custom JS successfully!','2022-01-04 21:11:54','2022-01-04 21:11:54'),(1665,1,'en','packages/theme/theme','go_to_dashboard','Go to dashboard','2022-01-04 21:11:54','2022-01-04 21:11:54'),(1666,1,'en','packages/theme/theme','custom_css_placeholder','Using Ctrl + Space to autocomplete.','2022-01-04 21:11:54','2022-01-04 21:11:54'),(1667,1,'en','packages/theme/theme','theme_option_general','General','2022-01-04 21:11:54','2022-01-04 21:11:54'),(1668,1,'en','packages/theme/theme','theme_option_general_description','General settings','2022-01-04 21:11:54','2022-01-04 21:11:54'),(1669,1,'en','packages/theme/theme','theme_option_seo_open_graph_image','SEO default Open Graph image','2022-01-04 21:11:54','2022-01-04 21:11:54'),(1670,1,'en','packages/theme/theme','theme_option_logo','Logo','2022-01-04 21:11:54','2022-01-04 21:11:54'),(1671,1,'en','packages/theme/theme','theme_option_favicon','Favicon','2022-01-04 21:11:54','2022-01-04 21:11:54'),(1672,1,'en','packages/theme/theme','folder_is_not_writeable','Cannot write files! Folder :name is not writable. Please chmod to make it writable!','2022-01-04 21:11:54','2022-01-04 21:11:54'),(1673,1,'vi','packages/theme/theme','activated','Đã kích hoạt','2022-01-04 21:11:54','2022-01-04 21:11:54'),(1674,1,'vi','packages/theme/theme','active','Kích hoạt','2022-01-04 21:11:54','2022-01-04 21:11:54'),(1675,1,'vi','packages/theme/theme','active_success','Kích hoạt giao diện thành công!','2022-01-04 21:11:54','2022-01-04 21:11:54'),(1676,1,'vi','packages/theme/theme','author','Tác giả','2022-01-04 21:11:54','2022-01-04 21:11:54'),(1677,1,'vi','packages/theme/theme','description','Mô tả','2022-01-04 21:11:54','2022-01-04 21:11:54'),(1678,1,'vi','packages/theme/theme','theme','Giao diện','2022-01-04 21:11:54','2022-01-04 21:11:54'),(1679,1,'vi','packages/theme/theme','theme_options','Tuỳ chọn giao diện','2022-01-04 21:11:54','2022-01-04 21:11:54'),(1680,1,'vi','packages/theme/theme','version','Phiên bản','2022-01-04 21:11:54','2022-01-04 21:11:54'),(1681,1,'vi','packages/theme/theme','save_changes','Lưu thay đổi','2022-01-04 21:11:54','2022-01-04 21:11:54'),(1682,1,'vi','packages/theme/theme','developer_mode','Đang kích hoạt chế độ thử nghiệm','2022-01-04 21:11:54','2022-01-04 21:11:54'),(1683,1,'vi','packages/theme/theme','custom_css','Tuỳ chỉnh CSS','2022-01-04 21:11:54','2022-01-04 21:11:54'),(1684,1,'en','packages/widget/global','name','Widgets','2022-01-04 21:11:54','2022-01-04 21:11:54'),(1685,1,'en','packages/widget/global','create','New widget','2022-01-04 21:11:54','2022-01-04 21:11:54'),(1686,1,'en','packages/widget/global','edit','Edit widget','2022-01-04 21:11:54','2022-01-04 21:11:54'),(1687,1,'en','packages/widget/global','delete','Delete','2022-01-04 21:11:54','2022-01-04 21:11:54'),(1688,1,'en','packages/widget/global','available','Available Widgets','2022-01-04 21:11:54','2022-01-04 21:11:54'),(1689,1,'en','packages/widget/global','instruction','To activate a widget drag it to a sidebar or click on it. To deactivate a widget and delete its settings, drag it back.','2022-01-04 21:11:54','2022-01-04 21:11:54'),(1690,1,'en','packages/widget/global','number_tag_display','Number tags will be display','2022-01-04 21:11:54','2022-01-04 21:11:54'),(1691,1,'en','packages/widget/global','number_post_display','Number posts will be display','2022-01-04 21:11:54','2022-01-04 21:11:54'),(1692,1,'en','packages/widget/global','select_menu','Select Menu','2022-01-04 21:11:54','2022-01-04 21:11:54'),(1693,1,'en','packages/widget/global','widget_text','Text','2022-01-04 21:11:54','2022-01-04 21:11:54'),(1694,1,'en','packages/widget/global','widget_text_description','Arbitrary text or HTML.','2022-01-04 21:11:54','2022-01-04 21:11:54'),(1695,1,'en','packages/widget/global','widget_recent_post','Recent Posts','2022-01-04 21:11:54','2022-01-04 21:11:54'),(1696,1,'en','packages/widget/global','widget_recent_post_description','Recent posts widget.','2022-01-04 21:11:54','2022-01-04 21:11:54'),(1697,1,'en','packages/widget/global','widget_custom_menu','Custom Menu','2022-01-04 21:11:54','2022-01-04 21:11:54'),(1698,1,'en','packages/widget/global','widget_custom_menu_description','Add a custom menu to your widget area.','2022-01-04 21:11:54','2022-01-04 21:11:54'),(1699,1,'en','packages/widget/global','widget_tag','Tags','2022-01-04 21:11:54','2022-01-04 21:11:54'),(1700,1,'en','packages/widget/global','widget_tag_description','Popular tags','2022-01-04 21:11:54','2022-01-04 21:11:54'),(1701,1,'en','packages/widget/global','save_success','Save widget successfully!','2022-01-04 21:11:54','2022-01-04 21:11:54'),(1702,1,'en','packages/widget/global','delete_success','Delete widget successfully!','2022-01-04 21:11:54','2022-01-04 21:11:54'),(1703,1,'en','packages/widget/widget','name','Widgets','2022-01-04 21:11:54','2022-01-04 21:11:54'),(1704,1,'en','packages/widget/widget','create','New widget','2022-01-04 21:11:54','2022-01-04 21:11:54'),(1705,1,'en','packages/widget/widget','edit','Edit widget','2022-01-04 21:11:54','2022-01-04 21:11:54'),(1706,1,'en','packages/widget/widget','delete','Delete','2022-01-04 21:11:54','2022-01-04 21:11:54'),(1707,1,'en','packages/widget/widget','available','Available Widgets','2022-01-04 21:11:54','2022-01-04 21:11:54'),(1708,1,'en','packages/widget/widget','instruction','To activate a widget drag it to a sidebar or click on it. To deactivate a widget and delete its settings, drag it back.','2022-01-04 21:11:54','2022-01-04 21:11:54'),(1709,1,'en','packages/widget/widget','number_tag_display','Number tags will be display','2022-01-04 21:11:54','2022-01-04 21:11:54'),(1710,1,'en','packages/widget/widget','number_post_display','Number posts will be display','2022-01-04 21:11:54','2022-01-04 21:11:54'),(1711,1,'en','packages/widget/widget','select_menu','Select Menu','2022-01-04 21:11:54','2022-01-04 21:11:54'),(1712,1,'en','packages/widget/widget','widget_text','Text','2022-01-04 21:11:54','2022-01-04 21:11:54'),(1713,1,'en','packages/widget/widget','widget_text_description','Arbitrary text or HTML.','2022-01-04 21:11:54','2022-01-04 21:11:54'),(1714,1,'en','packages/widget/widget','widget_recent_post','Recent Posts','2022-01-04 21:11:54','2022-01-04 21:11:54'),(1715,1,'en','packages/widget/widget','widget_recent_post_description','Recent posts widget.','2022-01-04 21:11:54','2022-01-04 21:11:54'),(1716,1,'en','packages/widget/widget','widget_custom_menu','Custom Menu','2022-01-04 21:11:54','2022-01-04 21:11:54'),(1717,1,'en','packages/widget/widget','widget_custom_menu_description','Add a custom menu to your widget area.','2022-01-04 21:11:54','2022-01-04 21:11:54'),(1718,1,'en','packages/widget/widget','widget_tag','Tags','2022-01-04 21:11:54','2022-01-04 21:11:54'),(1719,1,'en','packages/widget/widget','widget_tag_description','Popular tags','2022-01-04 21:11:54','2022-01-04 21:11:54'),(1720,1,'en','packages/widget/widget','save_success','Save widget successfully!','2022-01-04 21:11:54','2022-01-04 21:11:54'),(1721,1,'en','packages/widget/widget','delete_success','Delete widget successfully!','2022-01-04 21:11:54','2022-01-04 21:11:54'),(1722,1,'en','packages/widget/widget','primary_sidebar_name','Primary sidebar','2022-01-04 21:11:54','2022-01-04 21:11:54'),(1723,1,'en','packages/widget/widget','primary_sidebar_description','Primary sidebar section','2022-01-04 21:11:54','2022-01-04 21:11:54'),(1724,1,'vi','packages/widget/global','name','Widgets','2022-01-04 21:11:54','2022-01-04 21:11:54'),(1725,1,'vi','packages/widget/global','create','New widget','2022-01-04 21:11:54','2022-01-04 21:11:54'),(1726,1,'vi','packages/widget/global','edit','Edit widget','2022-01-04 21:11:54','2022-01-04 21:11:54'),(1727,1,'vi','packages/widget/global','available','Tiện ích có sẵn','2022-01-04 21:11:54','2022-01-04 21:11:54'),(1728,1,'vi','packages/widget/global','delete','Xóa','2022-01-04 21:11:54','2022-01-04 21:11:54'),(1729,1,'vi','packages/widget/global','instruction','Để kích hoạt tiện ích, hãy kéo nó vào sidebar hoặc nhấn vào nó. Để hủy kích hoạt tiện ích và xóa các thiết lập của tiện ích, kéo nó quay trở lại.','2022-01-04 21:11:54','2022-01-04 21:11:54'),(1730,1,'vi','packages/widget/global','number_post_display','Số bài viết sẽ hiển thị','2022-01-04 21:11:54','2022-01-04 21:11:54'),(1731,1,'vi','packages/widget/global','number_tag_display','Số thẻ sẽ hiển thị','2022-01-04 21:11:54','2022-01-04 21:11:54'),(1732,1,'vi','packages/widget/global','select_menu','Lựa chọn trình đơn','2022-01-04 21:11:54','2022-01-04 21:11:54'),(1733,1,'vi','packages/widget/global','widget_custom_menu','Menu tùy chỉnh','2022-01-04 21:11:54','2022-01-04 21:11:54'),(1734,1,'vi','packages/widget/global','widget_custom_menu_description','Thêm menu tùy chỉnh vào khu vực tiện ích của bạn','2022-01-04 21:11:54','2022-01-04 21:11:54'),(1735,1,'vi','packages/widget/global','widget_recent_post','Bài viết gần đây','2022-01-04 21:11:54','2022-01-04 21:11:54'),(1736,1,'vi','packages/widget/global','widget_recent_post_description','Tiện ích bài viết gần đây','2022-01-04 21:11:54','2022-01-04 21:11:54'),(1737,1,'vi','packages/widget/global','widget_tag','Thẻ','2022-01-04 21:11:54','2022-01-04 21:11:54'),(1738,1,'vi','packages/widget/global','widget_tag_description','Thẻ phổ biến, sử dụng nhiều','2022-01-04 21:11:54','2022-01-04 21:11:54'),(1739,1,'vi','packages/widget/global','widget_text','Văn bản','2022-01-04 21:11:54','2022-01-04 21:11:54'),(1740,1,'vi','packages/widget/global','widget_text_description','Văn bản tùy ý hoặc HTML.','2022-01-04 21:11:54','2022-01-04 21:11:54'),(1741,1,'vi','packages/widget/global','delete_success','Xoá tiện ích thành công','2022-01-04 21:11:54','2022-01-04 21:11:54'),(1742,1,'vi','packages/widget/global','save_success','Lưu tiện ích thành công!','2022-01-04 21:11:54','2022-01-04 21:11:54'),(1743,1,'en','plugins/ads/ads','name','Ads','2022-01-04 21:11:54','2022-01-04 21:11:54'),(1744,1,'en','plugins/ads/ads','create','New ads','2022-01-04 21:11:54','2022-01-04 21:11:54'),(1745,1,'en','plugins/ads/ads','edit','Edit ads','2022-01-04 21:11:54','2022-01-04 21:11:54'),(1746,1,'en','plugins/ads/ads','location','Location','2022-01-04 21:11:54','2022-01-04 21:11:54'),(1747,1,'en','plugins/ads/ads','url','URL','2022-01-04 21:11:54','2022-01-04 21:11:54'),(1748,1,'en','plugins/ads/ads','expired_at','Expired at','2022-01-04 21:11:54','2022-01-04 21:11:54'),(1749,1,'en','plugins/ads/ads','key','Key','2022-01-04 21:11:54','2022-01-04 21:11:54'),(1750,1,'en','plugins/ads/ads','shortcode','Shortcode','2022-01-04 21:11:54','2022-01-04 21:11:54'),(1751,1,'en','plugins/ads/ads','clicked','Clicked','2022-01-04 21:11:54','2022-01-04 21:11:54'),(1752,1,'en','plugins/ads/ads','not_set','Not set','2022-01-04 21:11:54','2022-01-04 21:11:54'),(1753,1,'en','plugins/analytics/analytics','sessions','Sessions','2022-01-04 21:11:54','2022-01-04 21:11:54'),(1754,1,'en','plugins/analytics/analytics','visitors','Visitors','2022-01-04 21:11:54','2022-01-04 21:11:54'),(1755,1,'en','plugins/analytics/analytics','pageviews','Pageviews','2022-01-04 21:11:54','2022-01-04 21:11:54'),(1756,1,'en','plugins/analytics/analytics','bounce_rate','Bounce Rate','2022-01-04 21:11:54','2022-01-04 21:11:54'),(1757,1,'en','plugins/analytics/analytics','page_session','Pages/Session','2022-01-04 21:11:54','2022-01-04 21:11:54'),(1758,1,'en','plugins/analytics/analytics','avg_duration','Avg. Duration','2022-01-04 21:11:54','2022-01-04 21:11:54'),(1759,1,'en','plugins/analytics/analytics','percent_new_session','Percent new session','2022-01-04 21:11:54','2022-01-04 21:11:54'),(1760,1,'en','plugins/analytics/analytics','new_users','New visitors','2022-01-04 21:11:54','2022-01-04 21:11:54'),(1761,1,'en','plugins/analytics/analytics','visits','visits','2022-01-04 21:11:54','2022-01-04 21:11:54'),(1762,1,'en','plugins/analytics/analytics','views','views','2022-01-04 21:11:54','2022-01-04 21:11:54'),(1763,1,'en','plugins/analytics/analytics','view_id_not_specified','You must provide a valid view id. The document here: <a href=\"https://docs.botble.com/cms/master/plugin-analytics\" target=\"_blank\">https://docs.botble.com/cms/master/plugin-analytics</a>','2022-01-04 21:11:54','2022-01-04 21:11:54'),(1764,1,'en','plugins/analytics/analytics','credential_is_not_valid','Analytics credentials is not valid. The document here: <a href=\"https://docs.botble.com/cms/master/plugin-analytics\" target=\"_blank\">https://docs.botble.com/cms/master/plugin-analytics</a>','2022-01-04 21:11:54','2022-01-04 21:11:54'),(1765,1,'en','plugins/analytics/analytics','start_date_can_not_before_end_date','Start date :start_date cannot be after end date :end_date','2022-01-04 21:11:54','2022-01-04 21:11:54'),(1766,1,'en','plugins/analytics/analytics','wrong_configuration','To view analytics you\'ll need to get a google analytics client id and add it to your settings. <br /> You also need JSON credential data. <br /> The document here: <a href=\"https://docs.botble.com/cms/master/plugin-analytics\" target=\"_blank\">https://docs.botble.com/cms/master/plugin-analytics</a>','2022-01-04 21:11:54','2022-01-04 21:11:54'),(1767,1,'en','plugins/analytics/analytics','settings.title','Google Analytics','2022-01-04 21:11:54','2022-01-04 21:11:54'),(1768,1,'en','plugins/analytics/analytics','settings.description','Config Credentials for Google Analytics','2022-01-04 21:11:54','2022-01-04 21:11:54'),(1769,1,'en','plugins/analytics/analytics','settings.tracking_code','Tracking ID','2022-01-04 21:11:54','2022-01-04 21:11:54'),(1770,1,'en','plugins/analytics/analytics','settings.tracking_code_placeholder','Example: GA-12586526-8','2022-01-04 21:11:54','2022-01-04 21:11:54'),(1771,1,'en','plugins/analytics/analytics','settings.view_id','View ID','2022-01-04 21:11:54','2022-01-04 21:11:54'),(1772,1,'en','plugins/analytics/analytics','settings.view_id_description','Google Analytics View ID','2022-01-04 21:11:54','2022-01-04 21:11:54'),(1773,1,'en','plugins/analytics/analytics','settings.json_credential','Service Account Credentials','2022-01-04 21:11:55','2022-01-04 21:11:55'),(1774,1,'en','plugins/analytics/analytics','settings.json_credential_description','Service Account Credentials','2022-01-04 21:11:55','2022-01-04 21:11:55'),(1775,1,'en','plugins/analytics/analytics','widget_analytics_page','Top Most Visit Pages','2022-01-04 21:11:55','2022-01-04 21:11:55'),(1776,1,'en','plugins/analytics/analytics','widget_analytics_browser','Top Browsers','2022-01-04 21:11:55','2022-01-04 21:11:55'),(1777,1,'en','plugins/analytics/analytics','widget_analytics_referrer','Top Referrers','2022-01-04 21:11:55','2022-01-04 21:11:55'),(1778,1,'en','plugins/analytics/analytics','widget_analytics_general','Site Analytics','2022-01-04 21:11:55','2022-01-04 21:11:55'),(1779,1,'vi','plugins/analytics/analytics','avg_duration','Trung bình','2022-01-04 21:11:55','2022-01-04 21:11:55'),(1780,1,'vi','plugins/analytics/analytics','bounce_rate','Tỉ lệ thoát','2022-01-04 21:11:55','2022-01-04 21:11:55'),(1781,1,'vi','plugins/analytics/analytics','page_session','Trang/Phiên','2022-01-04 21:11:55','2022-01-04 21:11:55'),(1782,1,'vi','plugins/analytics/analytics','pageviews','Lượt xem','2022-01-04 21:11:55','2022-01-04 21:11:55'),(1783,1,'vi','plugins/analytics/analytics','sessions','Phiên','2022-01-04 21:11:55','2022-01-04 21:11:55'),(1784,1,'vi','plugins/analytics/analytics','views','lượt xem','2022-01-04 21:11:55','2022-01-04 21:11:55'),(1785,1,'vi','plugins/analytics/analytics','visitors','Người truy cập','2022-01-04 21:11:55','2022-01-04 21:11:55'),(1786,1,'vi','plugins/analytics/analytics','visits','lượt ghé thăm','2022-01-04 21:11:55','2022-01-04 21:11:55'),(1787,1,'vi','plugins/analytics/analytics','credential_is_not_valid','Thông tin cài đặt không hợp lệ. Tài liệu hướng dẫn tại đây: <a href=\"http://docs.botble.com/cms/:version/analytics\" target=\"_blank\">http://docs.botble.com/cms/:version/analytics</a>','2022-01-04 21:11:55','2022-01-04 21:11:55'),(1788,1,'vi','plugins/analytics/analytics','new_users','Lượt khách mới','2022-01-04 21:11:55','2022-01-04 21:11:55'),(1789,1,'vi','plugins/analytics/analytics','percent_new_session','Tỉ lệ khách mới','2022-01-04 21:11:55','2022-01-04 21:11:55'),(1790,1,'vi','plugins/analytics/analytics','start_date_can_not_before_end_date','Ngày bắt đầu :start_date không thể sau ngày kết thúc :end_date','2022-01-04 21:11:55','2022-01-04 21:11:55'),(1791,1,'vi','plugins/analytics/analytics','view_id_not_specified','Bạn phải cung cấp View ID hợp lê. Tài liệu hướng dẫn tại đây: <a href=\"http://docs.botble.com/cms/:version/analytics\" target=\"_blank\">http://docs.botble.com/cms/:version/analytics</a>','2022-01-04 21:11:55','2022-01-04 21:11:55'),(1792,1,'vi','plugins/analytics/analytics','wrong_configuration','Để xem dữ liệu thống kê Google Analytics, bạn cần lấy thông tin Client ID và thêm nó vào trong phần cài đặt. Bạn cũng cần thông tin xác thực dạng JSON. Tài liệu hướng dẫn tại đây: <a href=\"http://docs.botble.com/cms/:version/analytics\" target=\"_blank\">http://docs.botble.com/cms/:version/analytics</a>','2022-01-04 21:11:55','2022-01-04 21:11:55'),(1793,1,'vi','plugins/analytics/analytics','settings.title','Google Analytics','2022-01-04 21:11:55','2022-01-04 21:11:55'),(1794,1,'vi','plugins/analytics/analytics','settings.description','Config Credentials for Google Analytics','2022-01-04 21:11:55','2022-01-04 21:11:55'),(1795,1,'vi','plugins/analytics/analytics','settings.tracking_code','Tracking Code','2022-01-04 21:11:55','2022-01-04 21:11:55'),(1796,1,'vi','plugins/analytics/analytics','settings.tracking_code_placeholder','Example: GA-12586526-8','2022-01-04 21:11:55','2022-01-04 21:11:55'),(1797,1,'vi','plugins/analytics/analytics','settings.view_id','View ID','2022-01-04 21:11:55','2022-01-04 21:11:55'),(1798,1,'vi','plugins/analytics/analytics','settings.view_id_description','Google Analytics View ID','2022-01-04 21:11:55','2022-01-04 21:11:55'),(1799,1,'vi','plugins/analytics/analytics','settings.json_credential','Service Account Credentials','2022-01-04 21:11:55','2022-01-04 21:11:55'),(1800,1,'vi','plugins/analytics/analytics','settings.json_credential_description','Service Account Credentials','2022-01-04 21:11:55','2022-01-04 21:11:55'),(1801,1,'vi','plugins/analytics/analytics','widget_analytics_browser','Trình duyệt truy cập nhiều','2022-01-04 21:11:55','2022-01-04 21:11:55'),(1802,1,'vi','plugins/analytics/analytics','widget_analytics_general','Thống kê truy cập','2022-01-04 21:11:55','2022-01-04 21:11:55'),(1803,1,'vi','plugins/analytics/analytics','widget_analytics_page','Trang được xem nhiều nhất','2022-01-04 21:11:55','2022-01-04 21:11:55'),(1804,1,'vi','plugins/analytics/analytics','widget_analytics_referrer','Trang giới thiệu nhiều','2022-01-04 21:11:55','2022-01-04 21:11:55'),(1805,1,'en','plugins/audit-log/history','name','Activities Logs','2022-01-04 21:11:55','2022-01-04 21:11:55'),(1806,1,'en','plugins/audit-log/history','created','created','2022-01-04 21:11:55','2022-01-04 21:11:55'),(1807,1,'en','plugins/audit-log/history','updated','updated','2022-01-04 21:11:55','2022-01-04 21:11:55'),(1808,1,'en','plugins/audit-log/history','deleted','deleted','2022-01-04 21:11:55','2022-01-04 21:11:55'),(1809,1,'en','plugins/audit-log/history','logged in','logged in','2022-01-04 21:11:55','2022-01-04 21:11:55'),(1810,1,'en','plugins/audit-log/history','logged out','logged out','2022-01-04 21:11:55','2022-01-04 21:11:55'),(1811,1,'en','plugins/audit-log/history','changed password','changed password','2022-01-04 21:11:55','2022-01-04 21:11:55'),(1812,1,'en','plugins/audit-log/history','updated profile','updated profile','2022-01-04 21:11:55','2022-01-04 21:11:55'),(1813,1,'en','plugins/audit-log/history','attached','attached','2022-01-04 21:11:55','2022-01-04 21:11:55'),(1814,1,'en','plugins/audit-log/history','shared','shared','2022-01-04 21:11:55','2022-01-04 21:11:55'),(1815,1,'en','plugins/audit-log/history','to the system','to the system','2022-01-04 21:11:55','2022-01-04 21:11:55'),(1816,1,'en','plugins/audit-log/history','of the system','of the system','2022-01-04 21:11:55','2022-01-04 21:11:55'),(1817,1,'en','plugins/audit-log/history','menu','menu','2022-01-04 21:11:55','2022-01-04 21:11:55'),(1818,1,'en','plugins/audit-log/history','post','post','2022-01-04 21:11:55','2022-01-04 21:11:55'),(1819,1,'en','plugins/audit-log/history','page','page','2022-01-04 21:11:55','2022-01-04 21:11:55'),(1820,1,'en','plugins/audit-log/history','category','category','2022-01-04 21:11:55','2022-01-04 21:11:55'),(1821,1,'en','plugins/audit-log/history','tag','tag','2022-01-04 21:11:55','2022-01-04 21:11:55'),(1822,1,'en','plugins/audit-log/history','user','user','2022-01-04 21:11:55','2022-01-04 21:11:55'),(1823,1,'en','plugins/audit-log/history','contact','contact','2022-01-04 21:11:55','2022-01-04 21:11:55'),(1824,1,'en','plugins/audit-log/history','backup','backup','2022-01-04 21:11:55','2022-01-04 21:11:55'),(1825,1,'en','plugins/audit-log/history','custom-field','custom field','2022-01-04 21:11:55','2022-01-04 21:11:55'),(1826,1,'en','plugins/audit-log/history','widget_audit_logs','Activities Logs','2022-01-04 21:11:55','2022-01-04 21:11:55'),(1827,1,'en','plugins/audit-log/history','action','Action','2022-01-04 21:11:55','2022-01-04 21:11:55'),(1828,1,'en','plugins/audit-log/history','user_agent','User Agent','2022-01-04 21:11:55','2022-01-04 21:11:55'),(1829,1,'en','plugins/audit-log/history','system','System','2022-01-04 21:11:55','2022-01-04 21:11:55'),(1830,1,'en','plugins/audit-log/history','delete_all','Delete all records','2022-01-04 21:11:55','2022-01-04 21:11:55'),(1831,1,'vi','plugins/audit-log/history','name','Lịch sử hoạt động','2022-01-04 21:11:55','2022-01-04 21:11:55'),(1832,1,'vi','plugins/audit-log/history','created',' đã tạo','2022-01-04 21:11:55','2022-01-04 21:11:55'),(1833,1,'vi','plugins/audit-log/history','updated',' đã cập nhật','2022-01-04 21:11:55','2022-01-04 21:11:55'),(1834,1,'vi','plugins/audit-log/history','deleted',' đã xóa','2022-01-04 21:11:55','2022-01-04 21:11:55'),(1835,1,'vi','plugins/audit-log/history','attached','đính kèm','2022-01-04 21:11:55','2022-01-04 21:11:55'),(1836,1,'vi','plugins/audit-log/history','backup','sao lưu','2022-01-04 21:11:55','2022-01-04 21:11:55'),(1837,1,'vi','plugins/audit-log/history','category','danh mục','2022-01-04 21:11:55','2022-01-04 21:11:55'),(1838,1,'vi','plugins/audit-log/history','changed password','thay đổi mật khẩu','2022-01-04 21:11:55','2022-01-04 21:11:55'),(1839,1,'vi','plugins/audit-log/history','contact','liên hệ','2022-01-04 21:11:55','2022-01-04 21:11:55'),(1840,1,'vi','plugins/audit-log/history','custom-field','khung mở rộng','2022-01-04 21:11:55','2022-01-04 21:11:55'),(1841,1,'vi','plugins/audit-log/history','logged in','đăng nhập','2022-01-04 21:11:55','2022-01-04 21:11:55'),(1842,1,'vi','plugins/audit-log/history','logged out','đăng xuất','2022-01-04 21:11:55','2022-01-04 21:11:55'),(1843,1,'vi','plugins/audit-log/history','menu','trình đơn','2022-01-04 21:11:55','2022-01-04 21:11:55'),(1844,1,'vi','plugins/audit-log/history','of the system','khỏi hệ thống','2022-01-04 21:11:55','2022-01-04 21:11:55'),(1845,1,'vi','plugins/audit-log/history','page','trang','2022-01-04 21:11:55','2022-01-04 21:11:55'),(1846,1,'vi','plugins/audit-log/history','post','bài viết','2022-01-04 21:11:55','2022-01-04 21:11:55'),(1847,1,'vi','plugins/audit-log/history','shared','đã chia sẻ','2022-01-04 21:11:55','2022-01-04 21:11:55'),(1848,1,'vi','plugins/audit-log/history','tag','thẻ','2022-01-04 21:11:55','2022-01-04 21:11:55'),(1849,1,'vi','plugins/audit-log/history','to the system','vào hệ thống','2022-01-04 21:11:55','2022-01-04 21:11:55'),(1850,1,'vi','plugins/audit-log/history','updated profile','cập nhật tài khoản','2022-01-04 21:11:55','2022-01-04 21:11:55'),(1851,1,'vi','plugins/audit-log/history','user','thành viên','2022-01-04 21:11:55','2022-01-04 21:11:55'),(1852,1,'vi','plugins/audit-log/history','widget_audit_logs','Lịch sử hoạt động','2022-01-04 21:11:55','2022-01-04 21:11:55'),(1853,1,'en','plugins/backup/backup','name','Backup','2022-01-04 21:11:55','2022-01-04 21:11:55'),(1854,1,'en','plugins/backup/backup','backup_description','Backup database and uploads folder.','2022-01-04 21:11:55','2022-01-04 21:11:55'),(1855,1,'en','plugins/backup/backup','create_backup_success','Created backup successfully!','2022-01-04 21:11:55','2022-01-04 21:11:55'),(1856,1,'en','plugins/backup/backup','delete_backup_success','Delete backup successfully!','2022-01-04 21:11:55','2022-01-04 21:11:55'),(1857,1,'en','plugins/backup/backup','restore_backup_success','Restore backup successfully!','2022-01-04 21:11:55','2022-01-04 21:11:55'),(1858,1,'en','plugins/backup/backup','generate_btn','Generate backup','2022-01-04 21:11:55','2022-01-04 21:11:55'),(1859,1,'en','plugins/backup/backup','create','Create a backup','2022-01-04 21:11:55','2022-01-04 21:11:55'),(1860,1,'en','plugins/backup/backup','restore','Restore a backup','2022-01-04 21:11:55','2022-01-04 21:11:55'),(1861,1,'en','plugins/backup/backup','create_btn','Create','2022-01-04 21:11:55','2022-01-04 21:11:55'),(1862,1,'en','plugins/backup/backup','restore_btn','Restore','2022-01-04 21:11:55','2022-01-04 21:11:55'),(1863,1,'en','plugins/backup/backup','restore_confirm_msg','Do you really want to restore this revision?','2022-01-04 21:11:55','2022-01-04 21:11:55'),(1864,1,'en','plugins/backup/backup','download_uploads_folder','Download backup of uploads folder','2022-01-04 21:11:55','2022-01-04 21:11:55'),(1865,1,'en','plugins/backup/backup','download_database','Download backup of database','2022-01-04 21:11:55','2022-01-04 21:11:55'),(1866,1,'en','plugins/backup/backup','restore_tooltip','Restore this backup','2022-01-04 21:11:55','2022-01-04 21:11:55'),(1867,1,'en','plugins/backup/backup','demo_alert','Hi guest, if you see demo site is destroyed, please help me <a href=\":link\">go here</a> and restore demo site to the latest revision! Thank you so much!','2022-01-04 21:11:55','2022-01-04 21:11:55'),(1868,1,'en','plugins/backup/backup','menu_name','Backups','2022-01-04 21:11:55','2022-01-04 21:11:55'),(1869,1,'en','plugins/backup/backup','size','Size','2022-01-04 21:11:55','2022-01-04 21:11:55'),(1870,1,'en','plugins/backup/backup','no_backups','There is no backup now!','2022-01-04 21:11:55','2022-01-04 21:11:55'),(1871,1,'en','plugins/backup/backup','proc_open_disabled_error','Function <strong>proc_open()</strong> has been disabled so the system cannot backup the database. Please contact your hosting provider to enable it.','2022-01-04 21:11:55','2022-01-04 21:11:55'),(1872,1,'en','plugins/backup/backup','database_backup_not_existed','Backup database is not existed!','2022-01-04 21:11:55','2022-01-04 21:11:55'),(1873,1,'en','plugins/backup/backup','uploads_folder_backup_not_existed','Backup uploads folder is not existed!','2022-01-04 21:11:55','2022-01-04 21:11:55'),(1874,1,'en','plugins/backup/backup','important_message1','This is a simple backup feature, it is a solution for you if your site has < 1GB data and can be used for quickly backup your site.','2022-01-04 21:11:55','2022-01-04 21:11:55'),(1875,1,'en','plugins/backup/backup','important_message2','If you have more than 1GB images/files in local storage, you should use backup feature of your hosting or VPS.','2022-01-04 21:11:55','2022-01-04 21:11:55'),(1876,1,'en','plugins/backup/backup','important_message3','To backup your database, function <strong>proc_open()</strong> or <strong>system()</strong> must be enabled. Contact your hosting provider to enable it if it is disabled.','2022-01-04 21:11:55','2022-01-04 21:11:55'),(1877,1,'en','plugins/backup/backup','important_message4','It is not a full backup, it is just back up uploaded files and your database.','2022-01-04 21:11:55','2022-01-04 21:11:55'),(1878,1,'vi','plugins/backup/backup','backup_description','Sao lưu cơ sở dữ liệu và thư mục /uploads','2022-01-04 21:11:55','2022-01-04 21:11:55'),(1879,1,'vi','plugins/backup/backup','create','Tạo bản sao lưu','2022-01-04 21:11:55','2022-01-04 21:11:55'),(1880,1,'vi','plugins/backup/backup','create_backup_success','Tạo bản sao lưu thành công!','2022-01-04 21:11:55','2022-01-04 21:11:55'),(1881,1,'vi','plugins/backup/backup','create_btn','Tạo','2022-01-04 21:11:55','2022-01-04 21:11:55'),(1882,1,'vi','plugins/backup/backup','delete_backup_success','Xóa bản sao lưu thành công!','2022-01-04 21:11:55','2022-01-04 21:11:55'),(1883,1,'vi','plugins/backup/backup','generate_btn','Tạo sao lưu','2022-01-04 21:11:55','2022-01-04 21:11:55'),(1884,1,'vi','plugins/backup/backup','name','Sao lưu','2022-01-04 21:11:55','2022-01-04 21:11:55'),(1885,1,'vi','plugins/backup/backup','restore','Khôi phục bản sao lưu','2022-01-04 21:11:55','2022-01-04 21:11:55'),(1886,1,'vi','plugins/backup/backup','restore_backup_success','Khôi phục bản sao lưu thành công','2022-01-04 21:11:55','2022-01-04 21:11:55'),(1887,1,'vi','plugins/backup/backup','restore_btn','Khôi phục','2022-01-04 21:11:55','2022-01-04 21:11:55'),(1888,1,'vi','plugins/backup/backup','restore_confirm_msg','Bạn có chắc chắn muốn khôi phục hệ thống về thời điểm tạo bản sao lưu này?','2022-01-04 21:11:55','2022-01-04 21:11:55'),(1889,1,'vi','plugins/backup/backup','restore_tooltip','Khôi phục bản sao lưu này','2022-01-04 21:11:55','2022-01-04 21:11:55'),(1890,1,'vi','plugins/backup/backup','download_database','Tải về bản sao lưu CSDL','2022-01-04 21:11:55','2022-01-04 21:11:55'),(1891,1,'vi','plugins/backup/backup','download_uploads_folder','Tải về bản sao lưu thư mục uploads','2022-01-04 21:11:55','2022-01-04 21:11:55'),(1892,1,'vi','plugins/backup/backup','menu_name','Sao lưu','2022-01-04 21:11:55','2022-01-04 21:11:55'),(1893,1,'vi','plugins/backup/backup','demo_alert','Chào khách, nếu bạn thấy trang demo bị phá hoại, hãy tới <a href=\":link\">trang sao lưu</a> và khôi phục bản sao lưu cuối cùng. Cảm ơn bạn nhiều!','2022-01-04 21:11:55','2022-01-04 21:11:55'),(1894,1,'en','plugins/blog/base','menu_name','Blog','2022-01-04 21:11:55','2022-01-04 21:11:55'),(1895,1,'en','plugins/blog/base','blog_page','Blog Page','2022-01-04 21:11:55','2022-01-04 21:11:55'),(1896,1,'en','plugins/blog/base','select','-- Select --','2022-01-04 21:11:55','2022-01-04 21:11:55'),(1897,1,'en','plugins/blog/base','blog_page_id','Blog page','2022-01-04 21:11:55','2022-01-04 21:11:55'),(1898,1,'en','plugins/blog/base','number_posts_per_page','Number posts per page','2022-01-04 21:11:55','2022-01-04 21:11:55'),(1899,1,'en','plugins/blog/base','write_some_tags','Write some tags','2022-01-04 21:11:55','2022-01-04 21:11:55'),(1900,1,'en','plugins/blog/base','short_code_name','Blog posts','2022-01-04 21:11:55','2022-01-04 21:11:55'),(1901,1,'en','plugins/blog/base','short_code_description','Add blog posts','2022-01-04 21:11:55','2022-01-04 21:11:55'),(1902,1,'en','plugins/blog/base','number_posts_per_page_in_category','Number of posts per page in a category','2022-01-04 21:11:55','2022-01-04 21:11:55'),(1903,1,'en','plugins/blog/base','number_posts_per_page_in_tag','Number of posts per page in a tag','2022-01-04 21:11:55','2022-01-04 21:11:55'),(1904,1,'en','plugins/blog/categories','create','Create new category','2022-01-04 21:11:55','2022-01-04 21:11:55'),(1905,1,'en','plugins/blog/categories','edit','Edit category','2022-01-04 21:11:55','2022-01-04 21:11:55'),(1906,1,'en','plugins/blog/categories','menu','Categories','2022-01-04 21:11:55','2022-01-04 21:11:55'),(1907,1,'en','plugins/blog/categories','edit_this_category','Edit this category','2022-01-04 21:11:55','2022-01-04 21:11:55'),(1908,1,'en','plugins/blog/categories','menu_name','Categories','2022-01-04 21:11:55','2022-01-04 21:11:55'),(1909,1,'en','plugins/blog/categories','none','None','2022-01-04 21:11:55','2022-01-04 21:11:55'),(1910,1,'en','plugins/blog/categories','total_posts','Total posts: :total','2022-01-04 21:11:55','2022-01-04 21:11:55'),(1911,1,'en','plugins/blog/member','dob','Born :date','2022-01-04 21:11:55','2022-01-04 21:11:55'),(1912,1,'en','plugins/blog/member','draft_posts','Draft Posts','2022-01-04 21:11:55','2022-01-04 21:11:55'),(1913,1,'en','plugins/blog/member','pending_posts','Pending Posts','2022-01-04 21:11:55','2022-01-04 21:11:55'),(1914,1,'en','plugins/blog/member','published_posts','Published Posts','2022-01-04 21:11:55','2022-01-04 21:11:55'),(1915,1,'en','plugins/blog/member','posts','Posts','2022-01-04 21:11:55','2022-01-04 21:11:55'),(1916,1,'en','plugins/blog/member','write_post','Write a post','2022-01-04 21:11:55','2022-01-04 21:11:55'),(1917,1,'en','plugins/blog/posts','create','Create new post','2022-01-04 21:11:55','2022-01-04 21:11:55'),(1918,1,'en','plugins/blog/posts','edit','Edit post','2022-01-04 21:11:55','2022-01-04 21:11:55'),(1919,1,'en','plugins/blog/posts','form.name','Name','2022-01-04 21:11:55','2022-01-04 21:11:55'),(1920,1,'en','plugins/blog/posts','form.name_placeholder','Post\'s name (Maximum :c characters)','2022-01-04 21:11:55','2022-01-04 21:11:55'),(1921,1,'en','plugins/blog/posts','form.description','Description','2022-01-04 21:11:55','2022-01-04 21:11:55'),(1922,1,'en','plugins/blog/posts','form.description_placeholder','Short description for post (Maximum :c characters)','2022-01-04 21:11:55','2022-01-04 21:11:55'),(1923,1,'en','plugins/blog/posts','form.categories','Categories','2022-01-04 21:11:55','2022-01-04 21:11:55'),(1924,1,'en','plugins/blog/posts','form.tags','Tags','2022-01-04 21:11:55','2022-01-04 21:11:55'),(1925,1,'en','plugins/blog/posts','form.tags_placeholder','Tags','2022-01-04 21:11:55','2022-01-04 21:11:55'),(1926,1,'en','plugins/blog/posts','form.content','Content','2022-01-04 21:11:55','2022-01-04 21:11:55'),(1927,1,'en','plugins/blog/posts','form.is_featured','Is featured?','2022-01-04 21:11:55','2022-01-04 21:11:55'),(1928,1,'en','plugins/blog/posts','form.note','Note content','2022-01-04 21:11:55','2022-01-04 21:11:55'),(1929,1,'en','plugins/blog/posts','form.format_type','Format','2022-01-04 21:11:55','2022-01-04 21:11:55'),(1930,1,'en','plugins/blog/posts','cannot_delete','Post could not be deleted','2022-01-04 21:11:55','2022-01-04 21:11:55'),(1931,1,'en','plugins/blog/posts','post_deleted','Post deleted','2022-01-04 21:11:55','2022-01-04 21:11:55'),(1932,1,'en','plugins/blog/posts','posts','Posts','2022-01-04 21:11:55','2022-01-04 21:11:55'),(1933,1,'en','plugins/blog/posts','post','Post','2022-01-04 21:11:55','2022-01-04 21:11:55'),(1934,1,'en','plugins/blog/posts','edit_this_post','Edit this post','2022-01-04 21:11:55','2022-01-04 21:11:55'),(1935,1,'en','plugins/blog/posts','no_new_post_now','There is no new post now!','2022-01-04 21:11:55','2022-01-04 21:11:55'),(1936,1,'en','plugins/blog/posts','menu_name','Posts','2022-01-04 21:11:55','2022-01-04 21:11:55'),(1937,1,'en','plugins/blog/posts','widget_posts_recent','Recent Posts','2022-01-04 21:11:55','2022-01-04 21:11:55'),(1938,1,'en','plugins/blog/posts','categories','Categories','2022-01-04 21:11:55','2022-01-04 21:11:55'),(1939,1,'en','plugins/blog/posts','category','Category','2022-01-04 21:11:55','2022-01-04 21:11:55'),(1940,1,'en','plugins/blog/posts','author','Author','2022-01-04 21:11:55','2022-01-04 21:11:55'),(1941,1,'en','plugins/blog/settings','select','-- Select --','2022-01-04 21:11:55','2022-01-04 21:11:55'),(1942,1,'en','plugins/blog/settings','blog_page_id','Blog page','2022-01-04 21:11:55','2022-01-04 21:11:55'),(1943,1,'en','plugins/blog/tags','form.name','Name','2022-01-04 21:11:55','2022-01-04 21:11:55'),(1944,1,'en','plugins/blog/tags','form.name_placeholder','Tag\'s name (Maximum 120 characters)','2022-01-04 21:11:55','2022-01-04 21:11:55'),(1945,1,'en','plugins/blog/tags','form.description','Description','2022-01-04 21:11:55','2022-01-04 21:11:55'),(1946,1,'en','plugins/blog/tags','form.description_placeholder','Short description for tag (Maximum 400 characters)','2022-01-04 21:11:55','2022-01-04 21:11:55'),(1947,1,'en','plugins/blog/tags','form.categories','Categories','2022-01-04 21:11:55','2022-01-04 21:11:55'),(1948,1,'en','plugins/blog/tags','notices.no_select','Please select at least one tag to take this action!','2022-01-04 21:11:55','2022-01-04 21:11:55'),(1949,1,'en','plugins/blog/tags','create','Create new tag','2022-01-04 21:11:55','2022-01-04 21:11:55'),(1950,1,'en','plugins/blog/tags','edit','Edit tag','2022-01-04 21:11:55','2022-01-04 21:11:55'),(1951,1,'en','plugins/blog/tags','cannot_delete','Tag could not be deleted','2022-01-04 21:11:55','2022-01-04 21:11:55'),(1952,1,'en','plugins/blog/tags','deleted','Tag deleted','2022-01-04 21:11:55','2022-01-04 21:11:55'),(1953,1,'en','plugins/blog/tags','menu','Tags','2022-01-04 21:11:55','2022-01-04 21:11:55'),(1954,1,'en','plugins/blog/tags','edit_this_tag','Edit this tag','2022-01-04 21:11:55','2022-01-04 21:11:55'),(1955,1,'en','plugins/blog/tags','menu_name','Tags','2022-01-04 21:11:55','2022-01-04 21:11:55'),(1956,1,'vi','plugins/blog/base','menu_name','Blog','2022-01-04 21:11:55','2022-01-04 21:11:55'),(1957,1,'vi','plugins/blog/categories','create','Thêm danh mục mới','2022-01-04 21:11:55','2022-01-04 21:11:55'),(1958,1,'vi','plugins/blog/categories','edit','Sửa danh mục','2022-01-04 21:11:55','2022-01-04 21:11:55'),(1959,1,'vi','plugins/blog/categories','menu_name','Danh mục','2022-01-04 21:11:55','2022-01-04 21:11:55'),(1960,1,'vi','plugins/blog/categories','edit_this_category','Sửa danh mục này','2022-01-04 21:11:55','2022-01-04 21:11:55'),(1961,1,'vi','plugins/blog/categories','menu','Danh mục','2022-01-04 21:11:55','2022-01-04 21:11:55'),(1962,1,'vi','plugins/blog/posts','create','Thêm bài viết','2022-01-04 21:11:55','2022-01-04 21:11:55'),(1963,1,'vi','plugins/blog/posts','edit','Sửa bài viết','2022-01-04 21:11:55','2022-01-04 21:11:55'),(1964,1,'vi','plugins/blog/posts','form.name','Tên','2022-01-04 21:11:55','2022-01-04 21:11:55'),(1965,1,'vi','plugins/blog/posts','form.name_placeholder','Tên bài viết (Tối đa 120 kí tự)','2022-01-04 21:11:55','2022-01-04 21:11:55'),(1966,1,'vi','plugins/blog/posts','form.description','Mô tả','2022-01-04 21:11:55','2022-01-04 21:11:55'),(1967,1,'vi','plugins/blog/posts','form.description_placeholder','Mô tả ngắn cho bài viết (Tối đa 400 kí tự)','2022-01-04 21:11:55','2022-01-04 21:11:55'),(1968,1,'vi','plugins/blog/posts','form.categories','Chuyên mục','2022-01-04 21:11:55','2022-01-04 21:11:55'),(1969,1,'vi','plugins/blog/posts','form.tags','Từ khóa','2022-01-04 21:11:55','2022-01-04 21:11:55'),(1970,1,'vi','plugins/blog/posts','form.tags_placeholder','Thêm từ khóa','2022-01-04 21:11:55','2022-01-04 21:11:55'),(1971,1,'vi','plugins/blog/posts','form.content','Nội dung','2022-01-04 21:11:55','2022-01-04 21:11:55'),(1972,1,'vi','plugins/blog/posts','form.note','Nội dung ghi chú','2022-01-04 21:11:55','2022-01-04 21:11:55'),(1973,1,'vi','plugins/blog/posts','form.format_type','Định dạng','2022-01-04 21:11:55','2022-01-04 21:11:55'),(1974,1,'vi','plugins/blog/posts','post_deleted','Xóa bài viết thành công','2022-01-04 21:11:55','2022-01-04 21:11:55'),(1975,1,'vi','plugins/blog/posts','cannot_delete','Không thể xóa bài viết','2022-01-04 21:11:55','2022-01-04 21:11:55'),(1976,1,'vi','plugins/blog/posts','menu_name','Bài viết','2022-01-04 21:11:55','2022-01-04 21:11:55'),(1977,1,'vi','plugins/blog/posts','edit_this_post','Sửa bài viết này','2022-01-04 21:11:55','2022-01-04 21:11:55'),(1978,1,'vi','plugins/blog/posts','no_new_post_now','Hiện tại không có bài viết mới!','2022-01-04 21:11:55','2022-01-04 21:11:55'),(1979,1,'vi','plugins/blog/posts','posts','Bài viết','2022-01-04 21:11:55','2022-01-04 21:11:55'),(1980,1,'vi','plugins/blog/posts','widget_posts_recent','Bài viết gần đây','2022-01-04 21:11:55','2022-01-04 21:11:55'),(1981,1,'vi','plugins/blog/posts','author','Tác giả','2022-01-04 21:11:55','2022-01-04 21:11:55'),(1982,1,'vi','plugins/blog/tags','create','Thêm thẻ mới','2022-01-04 21:11:55','2022-01-04 21:11:55'),(1983,1,'vi','plugins/blog/tags','edit','Sửa thẻ','2022-01-04 21:11:55','2022-01-04 21:11:55'),(1984,1,'vi','plugins/blog/tags','form.name','Tên','2022-01-04 21:11:55','2022-01-04 21:11:55'),(1985,1,'vi','plugins/blog/tags','form.name_placeholder','Tên thẻ (Tối đa 120 kí tự)','2022-01-04 21:11:55','2022-01-04 21:11:55'),(1986,1,'vi','plugins/blog/tags','form.description','Mô tả','2022-01-04 21:11:55','2022-01-04 21:11:55'),(1987,1,'vi','plugins/blog/tags','form.description_placeholder','Mô tả ngắn cho tag (Tối đa 400 kí tự)','2022-01-04 21:11:55','2022-01-04 21:11:55'),(1988,1,'vi','plugins/blog/tags','form.categories','Chuyên mục','2022-01-04 21:11:55','2022-01-04 21:11:55'),(1989,1,'vi','plugins/blog/tags','notices.no_select','Chọn ít nhất 1 bài viết để thực hiện hành động này!','2022-01-04 21:11:55','2022-01-04 21:11:55'),(1990,1,'vi','plugins/blog/tags','cannot_delete','Không thể xóa thẻ','2022-01-04 21:11:55','2022-01-04 21:11:55'),(1991,1,'vi','plugins/blog/tags','deleted','Xóa thẻ thành công','2022-01-04 21:11:55','2022-01-04 21:11:55'),(1992,1,'vi','plugins/blog/tags','menu_name','Thẻ','2022-01-04 21:11:55','2022-01-04 21:11:55'),(1993,1,'vi','plugins/blog/tags','edit_this_tag','Sửa thẻ này','2022-01-04 21:11:55','2022-01-04 21:11:55'),(1994,1,'vi','plugins/blog/tags','menu','Thẻ','2022-01-04 21:11:55','2022-01-04 21:11:55'),(1995,1,'en','plugins/captcha/captcha','settings.title','Captcha','2022-01-04 21:11:55','2022-01-04 21:11:55'),(1996,1,'en','plugins/captcha/captcha','settings.description','Settings for Google Captcha','2022-01-04 21:11:55','2022-01-04 21:11:55'),(1997,1,'en','plugins/captcha/captcha','settings.captcha_site_key','Captcha Site Key','2022-01-04 21:11:55','2022-01-04 21:11:55'),(1998,1,'en','plugins/captcha/captcha','settings.captcha_secret','Captcha Secret','2022-01-04 21:11:55','2022-01-04 21:11:55'),(1999,1,'en','plugins/captcha/captcha','settings.enable_captcha','Enable Captcha?','2022-01-04 21:11:55','2022-01-04 21:11:55'),(2000,1,'en','plugins/captcha/captcha','settings.helper','Go here to get credentials https://www.google.com/recaptcha/admin#list.','2022-01-04 21:11:55','2022-01-04 21:11:55'),(2001,1,'en','plugins/captcha/captcha','settings.hide_badge','Hide recaptcha badge (for v3)','2022-01-04 21:11:55','2022-01-04 21:11:55'),(2002,1,'en','plugins/captcha/captcha','settings.type','Type','2022-01-04 21:11:55','2022-01-04 21:11:55'),(2003,1,'en','plugins/captcha/captcha','settings.v2_description','V2 (Verify requests with a challenge)','2022-01-04 21:11:55','2022-01-04 21:11:55'),(2004,1,'en','plugins/captcha/captcha','settings.v3_description','V3 (Verify requests with a score)','2022-01-04 21:11:55','2022-01-04 21:11:55'),(2005,1,'en','plugins/captcha/captcha','failed_validate','Failed to validate the captcha.','2022-01-04 21:11:55','2022-01-04 21:11:55'),(2006,1,'en','plugins/contact/contact','menu','Contact','2022-01-04 21:11:55','2022-01-04 21:11:55'),(2007,1,'en','plugins/contact/contact','edit','View contact','2022-01-04 21:11:56','2022-01-04 21:11:56'),(2008,1,'en','plugins/contact/contact','tables.phone','Phone','2022-01-04 21:11:56','2022-01-04 21:11:56'),(2009,1,'en','plugins/contact/contact','tables.email','Email','2022-01-04 21:11:56','2022-01-04 21:11:56'),(2010,1,'en','plugins/contact/contact','tables.full_name','Full Name','2022-01-04 21:11:56','2022-01-04 21:11:56'),(2011,1,'en','plugins/contact/contact','tables.time','Time','2022-01-04 21:11:56','2022-01-04 21:11:56'),(2012,1,'en','plugins/contact/contact','tables.address','Address','2022-01-04 21:11:56','2022-01-04 21:11:56'),(2013,1,'en','plugins/contact/contact','tables.subject','Subject','2022-01-04 21:11:56','2022-01-04 21:11:56'),(2014,1,'en','plugins/contact/contact','tables.content','Content','2022-01-04 21:11:56','2022-01-04 21:11:56'),(2015,1,'en','plugins/contact/contact','contact_information','Contact information','2022-01-04 21:11:56','2022-01-04 21:11:56'),(2016,1,'en','plugins/contact/contact','replies','Replies','2022-01-04 21:11:56','2022-01-04 21:11:56'),(2017,1,'en','plugins/contact/contact','email.header','Email','2022-01-04 21:11:56','2022-01-04 21:11:56'),(2018,1,'en','plugins/contact/contact','email.title','New contact from your site','2022-01-04 21:11:56','2022-01-04 21:11:56'),(2019,1,'en','plugins/contact/contact','form.name.required','Name is required','2022-01-04 21:11:56','2022-01-04 21:11:56'),(2020,1,'en','plugins/contact/contact','form.email.required','Email is required','2022-01-04 21:11:56','2022-01-04 21:11:56'),(2021,1,'en','plugins/contact/contact','form.email.email','The email address is not valid','2022-01-04 21:11:56','2022-01-04 21:11:56'),(2022,1,'en','plugins/contact/contact','form.content.required','Content is required','2022-01-04 21:11:56','2022-01-04 21:11:56'),(2023,1,'en','plugins/contact/contact','contact_sent_from','This contact information sent from','2022-01-04 21:11:56','2022-01-04 21:11:56'),(2024,1,'en','plugins/contact/contact','sender','Sender','2022-01-04 21:11:56','2022-01-04 21:11:56'),(2025,1,'en','plugins/contact/contact','sender_email','Email','2022-01-04 21:11:56','2022-01-04 21:11:56'),(2026,1,'en','plugins/contact/contact','sender_address','Address','2022-01-04 21:11:56','2022-01-04 21:11:56'),(2027,1,'en','plugins/contact/contact','sender_phone','Phone','2022-01-04 21:11:56','2022-01-04 21:11:56'),(2028,1,'en','plugins/contact/contact','message_content','Message content','2022-01-04 21:11:56','2022-01-04 21:11:56'),(2029,1,'en','plugins/contact/contact','sent_from','Email sent from','2022-01-04 21:11:56','2022-01-04 21:11:56'),(2030,1,'en','plugins/contact/contact','form_name','Name','2022-01-04 21:11:56','2022-01-04 21:11:56'),(2031,1,'en','plugins/contact/contact','form_email','Email','2022-01-04 21:11:56','2022-01-04 21:11:56'),(2032,1,'en','plugins/contact/contact','form_address','Address','2022-01-04 21:11:56','2022-01-04 21:11:56'),(2033,1,'en','plugins/contact/contact','form_subject','Subject','2022-01-04 21:11:56','2022-01-04 21:11:56'),(2034,1,'en','plugins/contact/contact','form_phone','Phone','2022-01-04 21:11:56','2022-01-04 21:11:56'),(2035,1,'en','plugins/contact/contact','form_message','Message','2022-01-04 21:11:56','2022-01-04 21:11:56'),(2036,1,'en','plugins/contact/contact','required_field','The field with (<span style=\"color: red\">*</span>) is required.','2022-01-04 21:11:56','2022-01-04 21:11:56'),(2037,1,'en','plugins/contact/contact','send_btn','Send message','2022-01-04 21:11:56','2022-01-04 21:11:56'),(2038,1,'en','plugins/contact/contact','new_msg_notice','You have <span class=\"bold\">:count</span> New Messages','2022-01-04 21:11:56','2022-01-04 21:11:56'),(2039,1,'en','plugins/contact/contact','view_all','View all','2022-01-04 21:11:56','2022-01-04 21:11:56'),(2040,1,'en','plugins/contact/contact','statuses.read','Read','2022-01-04 21:11:56','2022-01-04 21:11:56'),(2041,1,'en','plugins/contact/contact','statuses.unread','Unread','2022-01-04 21:11:56','2022-01-04 21:11:56'),(2042,1,'en','plugins/contact/contact','phone','Phone','2022-01-04 21:11:56','2022-01-04 21:11:56'),(2043,1,'en','plugins/contact/contact','address','Address','2022-01-04 21:11:56','2022-01-04 21:11:56'),(2044,1,'en','plugins/contact/contact','message','Message','2022-01-04 21:11:56','2022-01-04 21:11:56'),(2045,1,'en','plugins/contact/contact','settings.email.title','Contact','2022-01-04 21:11:56','2022-01-04 21:11:56'),(2046,1,'en','plugins/contact/contact','settings.email.description','Contact email configuration','2022-01-04 21:11:56','2022-01-04 21:11:56'),(2047,1,'en','plugins/contact/contact','settings.email.templates.notice_title','Send notice to administrator','2022-01-04 21:11:56','2022-01-04 21:11:56'),(2048,1,'en','plugins/contact/contact','settings.email.templates.notice_description','Email template to send notice to administrator when system get new contact','2022-01-04 21:11:56','2022-01-04 21:11:56'),(2049,1,'en','plugins/contact/contact','no_reply','No reply yet!','2022-01-04 21:11:56','2022-01-04 21:11:56'),(2050,1,'en','plugins/contact/contact','reply','Reply','2022-01-04 21:11:56','2022-01-04 21:11:56'),(2051,1,'en','plugins/contact/contact','send','Send','2022-01-04 21:11:56','2022-01-04 21:11:56'),(2052,1,'en','plugins/contact/contact','shortcode_name','Contact form','2022-01-04 21:11:56','2022-01-04 21:11:56'),(2053,1,'en','plugins/contact/contact','shortcode_description','Add a contact form','2022-01-04 21:11:56','2022-01-04 21:11:56'),(2054,1,'en','plugins/contact/contact','shortcode_content_description','Add shortcode [contact-form][/contact-form] to editor?','2022-01-04 21:11:56','2022-01-04 21:11:56'),(2055,1,'en','plugins/contact/contact','message_sent_success','Message sent successfully!','2022-01-04 21:11:56','2022-01-04 21:11:56'),(2056,1,'vi','plugins/contact/contact','menu','Liên hệ','2022-01-04 21:11:56','2022-01-04 21:11:56'),(2057,1,'vi','plugins/contact/contact','edit','Xem liên hệ','2022-01-04 21:11:56','2022-01-04 21:11:56'),(2058,1,'vi','plugins/contact/contact','tables.phone','Điện thoại','2022-01-04 21:11:56','2022-01-04 21:11:56'),(2059,1,'vi','plugins/contact/contact','tables.email','Email','2022-01-04 21:11:56','2022-01-04 21:11:56'),(2060,1,'vi','plugins/contact/contact','tables.full_name','Họ tên','2022-01-04 21:11:56','2022-01-04 21:11:56'),(2061,1,'vi','plugins/contact/contact','tables.time','Thời gian','2022-01-04 21:11:56','2022-01-04 21:11:56'),(2062,1,'vi','plugins/contact/contact','tables.address','Địa địa chỉ','2022-01-04 21:11:56','2022-01-04 21:11:56'),(2063,1,'vi','plugins/contact/contact','tables.subject','Tiêu đề','2022-01-04 21:11:56','2022-01-04 21:11:56'),(2064,1,'vi','plugins/contact/contact','tables.content','Nội dung','2022-01-04 21:11:56','2022-01-04 21:11:56'),(2065,1,'vi','plugins/contact/contact','contact_information','Thông tin liên hệ','2022-01-04 21:11:56','2022-01-04 21:11:56'),(2066,1,'vi','plugins/contact/contact','email.title','Thông tin liên hệ mới','2022-01-04 21:11:56','2022-01-04 21:11:56'),(2067,1,'vi','plugins/contact/contact','email.header','Email','2022-01-04 21:11:56','2022-01-04 21:11:56'),(2068,1,'vi','plugins/contact/contact','contact_sent_from','Liên hệ này được gửi từ','2022-01-04 21:11:56','2022-01-04 21:11:56'),(2069,1,'vi','plugins/contact/contact','form_address','Địa chỉ','2022-01-04 21:11:56','2022-01-04 21:11:56'),(2070,1,'vi','plugins/contact/contact','form_email','Thư điện tử','2022-01-04 21:11:56','2022-01-04 21:11:56'),(2071,1,'vi','plugins/contact/contact','form_message','Thông điệp','2022-01-04 21:11:56','2022-01-04 21:11:56'),(2072,1,'vi','plugins/contact/contact','form_name','Họ tên','2022-01-04 21:11:56','2022-01-04 21:11:56'),(2073,1,'vi','plugins/contact/contact','form_phone','Số điện thoại','2022-01-04 21:11:56','2022-01-04 21:11:56'),(2074,1,'vi','plugins/contact/contact','message_content','Nội dung thông điệp','2022-01-04 21:11:56','2022-01-04 21:11:56'),(2075,1,'vi','plugins/contact/contact','required_field','Những trường có dấu (<span style=\"color: red\">*</span>) là bắt buộc.','2022-01-04 21:11:56','2022-01-04 21:11:56'),(2076,1,'vi','plugins/contact/contact','send_btn','Gửi tin nhắn','2022-01-04 21:11:56','2022-01-04 21:11:56'),(2077,1,'vi','plugins/contact/contact','sender','Người gửi','2022-01-04 21:11:56','2022-01-04 21:11:56'),(2078,1,'vi','plugins/contact/contact','sender_address','Địa chỉ','2022-01-04 21:11:56','2022-01-04 21:11:56'),(2079,1,'vi','plugins/contact/contact','sender_email','Thư điện tử','2022-01-04 21:11:56','2022-01-04 21:11:56'),(2080,1,'vi','plugins/contact/contact','sender_phone','Số điện thoại','2022-01-04 21:11:56','2022-01-04 21:11:56'),(2081,1,'vi','plugins/contact/contact','sent_from','Thư được gửi từ','2022-01-04 21:11:56','2022-01-04 21:11:56'),(2082,1,'vi','plugins/contact/contact','address','Địa chỉ','2022-01-04 21:11:56','2022-01-04 21:11:56'),(2083,1,'vi','plugins/contact/contact','message','Liên hệ','2022-01-04 21:11:56','2022-01-04 21:11:56'),(2084,1,'vi','plugins/contact/contact','new_msg_notice','Bạn có <span class=\"bold\">:count</span> tin nhắn mới','2022-01-04 21:11:56','2022-01-04 21:11:56'),(2085,1,'vi','plugins/contact/contact','phone','Điện thoại','2022-01-04 21:11:56','2022-01-04 21:11:56'),(2086,1,'vi','plugins/contact/contact','statuses.read','Đã đọc','2022-01-04 21:11:56','2022-01-04 21:11:56'),(2087,1,'vi','plugins/contact/contact','statuses.unread','Chưa đọc','2022-01-04 21:11:56','2022-01-04 21:11:56'),(2088,1,'vi','plugins/contact/contact','view_all','Xem tất cả','2022-01-04 21:11:56','2022-01-04 21:11:56'),(2089,1,'vi','plugins/contact/contact','settings.email.title','Liên hệ','2022-01-04 21:11:56','2022-01-04 21:11:56'),(2090,1,'vi','plugins/contact/contact','settings.email.description','Cấu hình thông tin cho mục liên hệ','2022-01-04 21:11:56','2022-01-04 21:11:56'),(2091,1,'vi','plugins/contact/contact','settings.email.templates.notice_title','Thông báo tới admin','2022-01-04 21:11:56','2022-01-04 21:11:56'),(2092,1,'vi','plugins/contact/contact','settings.email.templates.notice_description','Mẫu nội dung email gửi tới admin khi có liên hệ mới','2022-01-04 21:11:56','2022-01-04 21:11:56'),(2093,1,'en','plugins/cookie-consent/cookie-consent','theme_options.name','Cookie Consent','2022-01-04 21:11:56','2022-01-04 21:11:56'),(2094,1,'en','plugins/cookie-consent/cookie-consent','theme_options.description','Cookie consent settings','2022-01-04 21:11:56','2022-01-04 21:11:56'),(2095,1,'en','plugins/cookie-consent/cookie-consent','theme_options.enable','Enable cookie consent?','2022-01-04 21:11:56','2022-01-04 21:11:56'),(2096,1,'en','plugins/cookie-consent/cookie-consent','theme_options.message','Message','2022-01-04 21:11:56','2022-01-04 21:11:56'),(2097,1,'en','plugins/cookie-consent/cookie-consent','theme_options.button_text','Button text','2022-01-04 21:11:56','2022-01-04 21:11:56'),(2098,1,'en','plugins/cookie-consent/cookie-consent','theme_options.max_width','Max width (px)','2022-01-04 21:11:56','2022-01-04 21:11:56'),(2099,1,'en','plugins/cookie-consent/cookie-consent','theme_options.background_color','Background color','2022-01-04 21:11:56','2022-01-04 21:11:56'),(2100,1,'en','plugins/cookie-consent/cookie-consent','theme_options.text_color','Text color','2022-01-04 21:11:56','2022-01-04 21:11:56'),(2101,1,'en','plugins/cookie-consent/cookie-consent','theme_options.learn_more_url','Learn more URL','2022-01-04 21:11:56','2022-01-04 21:11:56'),(2102,1,'en','plugins/cookie-consent/cookie-consent','theme_options.learn_more_text','Learn more text','2022-01-04 21:11:56','2022-01-04 21:11:56'),(2103,1,'en','plugins/cookie-consent/cookie-consent','theme_options.style','Style','2022-01-04 21:11:56','2022-01-04 21:11:56'),(2104,1,'en','plugins/cookie-consent/cookie-consent','theme_options.full_width','Full width','2022-01-04 21:11:56','2022-01-04 21:11:56'),(2105,1,'en','plugins/cookie-consent/cookie-consent','theme_options.minimal','Minimal','2022-01-04 21:11:56','2022-01-04 21:11:56'),(2106,1,'en','plugins/cookie-consent/cookie-consent','message','Your experience on this site will be improved by allowing cookies.','2022-01-04 21:11:56','2022-01-04 21:11:56'),(2107,1,'en','plugins/cookie-consent/cookie-consent','button_text','Allow cookies','2022-01-04 21:11:56','2022-01-04 21:11:56'),(2108,1,'en','plugins/ecommerce/brands','name','Brands','2022-01-04 21:11:56','2022-01-04 21:11:56'),(2109,1,'en','plugins/ecommerce/brands','create','New brand','2022-01-04 21:11:56','2022-01-04 21:11:56'),(2110,1,'en','plugins/ecommerce/brands','edit','Edit brand','2022-01-04 21:11:56','2022-01-04 21:11:56'),(2111,1,'en','plugins/ecommerce/brands','form.name','Name','2022-01-04 21:11:56','2022-01-04 21:11:56'),(2112,1,'en','plugins/ecommerce/brands','form.name_placeholder','Brand\'s name (Maximum 255 characters)','2022-01-04 21:11:56','2022-01-04 21:11:56'),(2113,1,'en','plugins/ecommerce/brands','form.description','Description','2022-01-04 21:11:56','2022-01-04 21:11:56'),(2114,1,'en','plugins/ecommerce/brands','form.description_placeholder','Short description for brand (Maximum 400 characters)','2022-01-04 21:11:56','2022-01-04 21:11:56'),(2115,1,'en','plugins/ecommerce/brands','form.website','Website','2022-01-04 21:11:56','2022-01-04 21:11:56'),(2116,1,'en','plugins/ecommerce/brands','form.logo','Logo','2022-01-04 21:11:56','2022-01-04 21:11:56'),(2117,1,'en','plugins/ecommerce/brands','form.is_featured','Is featured','2022-01-04 21:11:56','2022-01-04 21:11:56'),(2118,1,'en','plugins/ecommerce/brands','logo','Logo','2022-01-04 21:11:56','2022-01-04 21:11:56'),(2119,1,'en','plugins/ecommerce/brands','website','Website','2022-01-04 21:11:56','2022-01-04 21:11:56'),(2120,1,'en','plugins/ecommerce/brands','notices.no_select','Please select at least one record to take this action!','2022-01-04 21:11:56','2022-01-04 21:11:56'),(2121,1,'en','plugins/ecommerce/brands','notices.update_success_message','Update successfully','2022-01-04 21:11:56','2022-01-04 21:11:56'),(2122,1,'en','plugins/ecommerce/brands','cannot_delete','Brand could not be deleted','2022-01-04 21:11:56','2022-01-04 21:11:56'),(2123,1,'en','plugins/ecommerce/brands','brand_deleted','Brand deleted','2022-01-04 21:11:56','2022-01-04 21:11:56'),(2124,1,'en','plugins/ecommerce/brands','menu','Brands','2022-01-04 21:11:56','2022-01-04 21:11:56'),(2125,1,'en','plugins/ecommerce/brands','no_brand','No brand','2022-01-04 21:11:56','2022-01-04 21:11:56'),(2126,1,'en','plugins/ecommerce/brands','intro.title','Manage brands','2022-01-04 21:11:56','2022-01-04 21:11:56'),(2127,1,'en','plugins/ecommerce/brands','intro.description','Manage product brands such as Nike, Adidas, Bitis ...','2022-01-04 21:11:56','2022-01-04 21:11:56'),(2128,1,'en','plugins/ecommerce/brands','intro.button_text','Create brand','2022-01-04 21:11:56','2022-01-04 21:11:56'),(2129,1,'en','plugins/ecommerce/bulk-import','name','Bulk Import','2022-01-04 21:11:56','2022-01-04 21:11:56'),(2130,1,'en','plugins/ecommerce/bulk-import','loading_text','Importing','2022-01-04 21:11:56','2022-01-04 21:11:56'),(2131,1,'en','plugins/ecommerce/bulk-import','imported_successfully','Imported successfully.','2022-01-04 21:11:56','2022-01-04 21:11:56'),(2132,1,'en','plugins/ecommerce/bulk-import','please_choose_the_file_mime','Please choose the file mime :types','2022-01-04 21:11:56','2022-01-04 21:11:56'),(2133,1,'en','plugins/ecommerce/bulk-import','please_choose_the_file','Please choose the file','2022-01-04 21:11:56','2022-01-04 21:11:56'),(2134,1,'en','plugins/ecommerce/bulk-import','start_import','Start Import','2022-01-04 21:11:56','2022-01-04 21:11:56'),(2135,1,'en','plugins/ecommerce/bulk-import','note','Note!','2022-01-04 21:11:56','2022-01-04 21:11:56'),(2136,1,'en','plugins/ecommerce/bulk-import','warning_before_importing','If this is your first time using this feature, please read the documentation or contact the Administrator for access to the correct functionality!','2022-01-04 21:11:56','2022-01-04 21:11:56'),(2137,1,'en','plugins/ecommerce/bulk-import','results','Result: :success successes, :failed failures','2022-01-04 21:11:56','2022-01-04 21:11:56'),(2138,1,'en','plugins/ecommerce/bulk-import','failures','Failures','2022-01-04 21:11:56','2022-01-04 21:11:56'),(2139,1,'en','plugins/ecommerce/bulk-import','tables.import','Import','2022-01-04 21:11:56','2022-01-04 21:11:56'),(2140,1,'en','plugins/ecommerce/bulk-import','template','Template','2022-01-04 21:11:56','2022-01-04 21:11:56'),(2141,1,'en','plugins/ecommerce/bulk-import','rules','Rules','2022-01-04 21:11:56','2022-01-04 21:11:56'),(2142,1,'en','plugins/ecommerce/bulk-import','choose_file_with_mime','Choose file with mime: (:types)','2022-01-04 21:11:56','2022-01-04 21:11:56'),(2143,1,'en','plugins/ecommerce/bulk-import','choose_file','Choose file','2022-01-04 21:11:56','2022-01-04 21:11:56'),(2144,1,'en','plugins/ecommerce/bulk-import','menu','Import products','2022-01-04 21:11:56','2022-01-04 21:11:56'),(2145,1,'en','plugins/ecommerce/bulk-import','download-csv-file','Download CSV template','2022-01-04 21:11:56','2022-01-04 21:11:56'),(2146,1,'en','plugins/ecommerce/bulk-import','download-excel-file','Download Excel template','2022-01-04 21:11:56','2022-01-04 21:11:56'),(2147,1,'en','plugins/ecommerce/bulk-import','downloading','Downloading...','2022-01-04 21:11:56','2022-01-04 21:11:56'),(2148,1,'en','plugins/ecommerce/bulk-import','export.template.input_error','Input error','2022-01-04 21:11:56','2022-01-04 21:11:56'),(2149,1,'en','plugins/ecommerce/bulk-import','export.template.number_not_allowed','Number is not allowed!','2022-01-04 21:11:56','2022-01-04 21:11:56'),(2150,1,'en','plugins/ecommerce/bulk-import','export.template.allowed_input','Allowed input','2022-01-04 21:11:56','2022-01-04 21:11:56'),(2151,1,'en','plugins/ecommerce/bulk-import','export.template.prompt_decimal','Only numbers or decimals are accepted and greater than or equal to :min.','2022-01-04 21:11:56','2022-01-04 21:11:56'),(2152,1,'en','plugins/ecommerce/bulk-import','export.template.prompt_whole_number','Only numbers are accepted and greater than or equal to :min.','2022-01-04 21:11:56','2022-01-04 21:11:56'),(2153,1,'en','plugins/ecommerce/bulk-import','export.template.prompt_list','Please pick a value from the drop-down list.','2022-01-04 21:11:56','2022-01-04 21:11:56'),(2154,1,'en','plugins/ecommerce/bulk-import','export.template.pick_from_list','Pick from list','2022-01-04 21:11:56','2022-01-04 21:11:56'),(2155,1,'en','plugins/ecommerce/bulk-import','export.template.value_not_in_list','Value is not in list.','2022-01-04 21:11:56','2022-01-04 21:11:56'),(2156,1,'en','plugins/ecommerce/bulk-import','import_failed_description','Import failed, please check the errors below!','2022-01-04 21:11:56','2022-01-04 21:11:56'),(2157,1,'en','plugins/ecommerce/currency','currencies','Currencies','2022-01-04 21:11:56','2022-01-04 21:11:56'),(2158,1,'en','plugins/ecommerce/currency','setting_description','List of currencies using on website','2022-01-04 21:11:56','2022-01-04 21:11:56'),(2159,1,'en','plugins/ecommerce/currency','name','Name','2022-01-04 21:11:56','2022-01-04 21:11:56'),(2160,1,'en','plugins/ecommerce/currency','symbol','Symbol','2022-01-04 21:11:56','2022-01-04 21:11:56'),(2161,1,'en','plugins/ecommerce/currency','number_of_decimals','Number of decimals','2022-01-04 21:11:56','2022-01-04 21:11:56'),(2162,1,'en','plugins/ecommerce/currency','exchange_rate','Exchange rate','2022-01-04 21:11:56','2022-01-04 21:11:56'),(2163,1,'en','plugins/ecommerce/currency','is_prefix_symbol','Position of symbol','2022-01-04 21:11:56','2022-01-04 21:11:56'),(2164,1,'en','plugins/ecommerce/currency','is_default','Is default?','2022-01-04 21:11:56','2022-01-04 21:11:56'),(2165,1,'en','plugins/ecommerce/currency','remove','Remove','2022-01-04 21:11:56','2022-01-04 21:11:56'),(2166,1,'en','plugins/ecommerce/currency','new_currency','Add a new currency','2022-01-04 21:11:56','2022-01-04 21:11:56'),(2167,1,'en','plugins/ecommerce/currency','save_settings','Save settings','2022-01-04 21:11:56','2022-01-04 21:11:56'),(2168,1,'en','plugins/ecommerce/currency','before_number','Before number','2022-01-04 21:11:56','2022-01-04 21:11:56'),(2169,1,'en','plugins/ecommerce/currency','after_number','After number','2022-01-04 21:11:56','2022-01-04 21:11:56'),(2170,1,'en','plugins/ecommerce/currency','require_at_least_one_currency','The system requires at least one currency!','2022-01-04 21:11:56','2022-01-04 21:11:56'),(2171,1,'en','plugins/ecommerce/currency','enable_auto_detect_visitor_currency','Enable auto-detect visitor currency?','2022-01-04 21:11:56','2022-01-04 21:11:56'),(2172,1,'en','plugins/ecommerce/customer','name','Customers','2022-01-04 21:11:56','2022-01-04 21:11:56'),(2173,1,'en','plugins/ecommerce/customer','create','Create a customer','2022-01-04 21:11:56','2022-01-04 21:11:56'),(2174,1,'en','plugins/ecommerce/customer','edit','Edit customer \":name\"','2022-01-04 21:11:56','2022-01-04 21:11:56'),(2175,1,'en','plugins/ecommerce/customer','email','Email','2022-01-04 21:11:56','2022-01-04 21:11:56'),(2176,1,'en','plugins/ecommerce/customer','email_placeholder','Ex: example@gmail.com','2022-01-04 21:11:56','2022-01-04 21:11:56'),(2177,1,'en','plugins/ecommerce/customer','password','Password','2022-01-04 21:11:56','2022-01-04 21:11:56'),(2178,1,'en','plugins/ecommerce/customer','change_password','Change password?','2022-01-04 21:11:56','2022-01-04 21:11:56'),(2179,1,'en','plugins/ecommerce/customer','password_confirmation','Password confirmation','2022-01-04 21:11:56','2022-01-04 21:11:56'),(2180,1,'en','plugins/ecommerce/customer','intro.title','Manage customers','2022-01-04 21:11:56','2022-01-04 21:11:56'),(2181,1,'en','plugins/ecommerce/customer','intro.description','When a customer buy your product(s), you will know their order histories.','2022-01-04 21:11:56','2022-01-04 21:11:56'),(2182,1,'en','plugins/ecommerce/customer','intro.button_text','Create customer','2022-01-04 21:11:56','2022-01-04 21:11:56'),(2183,1,'en','plugins/ecommerce/customer','phone','Phone','2022-01-04 21:11:56','2022-01-04 21:11:56'),(2184,1,'en','plugins/ecommerce/customer','phone_placeholder','Phone','2022-01-04 21:11:56','2022-01-04 21:11:56'),(2185,1,'en','plugins/ecommerce/customer','avatar','Avatar','2022-01-04 21:11:56','2022-01-04 21:11:56'),(2186,1,'en','plugins/ecommerce/customer','dob','Date of birth','2022-01-04 21:11:56','2022-01-04 21:11:56'),(2187,1,'en','plugins/ecommerce/customer','statuses.activated','Activated','2022-01-04 21:11:56','2022-01-04 21:11:56'),(2188,1,'en','plugins/ecommerce/customer','statuses.locked','Locked','2022-01-04 21:11:56','2022-01-04 21:11:56'),(2189,1,'en','plugins/ecommerce/customer','email_verified','Email verified?','2022-01-04 21:11:56','2022-01-04 21:11:56'),(2190,1,'en','plugins/ecommerce/discount','name','Discounts','2022-01-04 21:11:56','2022-01-04 21:11:56'),(2191,1,'en','plugins/ecommerce/discount','create','Create discount','2022-01-04 21:11:56','2022-01-04 21:11:56'),(2192,1,'en','plugins/ecommerce/discount','invalid_coupon','This coupon is invalid or expired!','2022-01-04 21:11:56','2022-01-04 21:11:56'),(2193,1,'en','plugins/ecommerce/discount','cannot_use_same_time_with_other_discount_program','Cannot use this coupon in the same time with other discount program!','2022-01-04 21:11:56','2022-01-04 21:11:56'),(2194,1,'en','plugins/ecommerce/discount','not_used','This coupon is not used yet!','2022-01-04 21:11:56','2022-01-04 21:11:56'),(2195,1,'en','plugins/ecommerce/discount','detail','Detail','2022-01-04 21:11:56','2022-01-04 21:11:56'),(2196,1,'en','plugins/ecommerce/discount','used','Used','2022-01-04 21:11:56','2022-01-04 21:11:56'),(2197,1,'en','plugins/ecommerce/discount','intro.title','Manage discount/coupon code','2022-01-04 21:11:56','2022-01-04 21:11:56'),(2198,1,'en','plugins/ecommerce/discount','intro.description','Create coupon code or promotion for your products.','2022-01-04 21:11:56','2022-01-04 21:11:56'),(2199,1,'en','plugins/ecommerce/discount','intro.button_text','Create discount','2022-01-04 21:11:56','2022-01-04 21:11:56'),(2200,1,'en','plugins/ecommerce/discount','expired','Expired','2022-01-04 21:11:56','2022-01-04 21:11:56'),(2201,1,'en','plugins/ecommerce/discount','discount_promotion','Discount promotion','2022-01-04 21:11:56','2022-01-04 21:11:56'),(2202,1,'en','plugins/ecommerce/discount','can','can','2022-01-04 21:11:56','2022-01-04 21:11:56'),(2203,1,'en','plugins/ecommerce/discount','cannot','cannot','2022-01-04 21:11:56','2022-01-04 21:11:56'),(2204,1,'en','plugins/ecommerce/discount','use_with_promotion','be used with promotion','2022-01-04 21:11:56','2022-01-04 21:11:56'),(2205,1,'en','plugins/ecommerce/discount','create_discount_validate_title_required_if','Please enter the name of the promotion','2022-01-04 21:11:56','2022-01-04 21:11:56'),(2206,1,'en','plugins/ecommerce/discount','create_discount_validate_code_required_if','Please enter the promotion code','2022-01-04 21:11:56','2022-01-04 21:11:56'),(2207,1,'en','plugins/ecommerce/discount','create_discount_validate_value_required','Amount must be greater than 0','2022-01-04 21:11:56','2022-01-04 21:11:56'),(2208,1,'en','plugins/ecommerce/discount','create_discount_validate_target_required','No object selected for promotion','2022-01-04 21:11:56','2022-01-04 21:11:56'),(2209,1,'en','plugins/ecommerce/discount','enums.type-options.amount','Amount - Fixed','2022-01-04 21:11:56','2022-01-04 21:11:56'),(2210,1,'en','plugins/ecommerce/discount','enums.type-options.percentage','Discount %','2022-01-04 21:11:56','2022-01-04 21:11:56'),(2211,1,'en','plugins/ecommerce/discount','enums.type-options.shipping','Free shipping','2022-01-04 21:11:56','2022-01-04 21:11:56'),(2212,1,'en','plugins/ecommerce/discount','enums.type-options.same-price','Same price','2022-01-04 21:11:56','2022-01-04 21:11:56'),(2213,1,'en','plugins/ecommerce/discount','discount','Discount','2022-01-04 21:11:56','2022-01-04 21:11:56'),(2214,1,'en','plugins/ecommerce/discount','create_coupon_code','Create coupon code','2022-01-04 21:11:56','2022-01-04 21:11:56'),(2215,1,'en','plugins/ecommerce/discount','create_discount_promotion','Create discount promotion','2022-01-04 21:11:56','2022-01-04 21:11:56'),(2216,1,'en','plugins/ecommerce/discount','generate_coupon_code','Generate coupon code','2022-01-04 21:11:56','2022-01-04 21:11:56'),(2217,1,'en','plugins/ecommerce/discount','customers_will_enter_this_coupon_code_when_they_checkout','Customers will enter this coupon code when they checkout','2022-01-04 21:11:56','2022-01-04 21:11:56'),(2218,1,'en','plugins/ecommerce/discount','select_type_of_discount','Select type of discount','2022-01-04 21:11:56','2022-01-04 21:11:56'),(2219,1,'en','plugins/ecommerce/discount','coupon_code','Coupon code','2022-01-04 21:11:56','2022-01-04 21:11:56'),(2220,1,'en','plugins/ecommerce/discount','promotion','Promotion','2022-01-04 21:11:56','2022-01-04 21:11:56'),(2221,1,'en','plugins/ecommerce/discount','can_be_used_with_promotion','Can be used with promotion','2022-01-04 21:11:56','2022-01-04 21:11:56'),(2222,1,'en','plugins/ecommerce/discount','unlimited_coupon','Unlimited coupon','2022-01-04 21:11:56','2022-01-04 21:11:56'),(2223,1,'en','plugins/ecommerce/discount','enter_number','Enter number','2022-01-04 21:11:56','2022-01-04 21:11:56'),(2224,1,'en','plugins/ecommerce/discount','coupon_type','Coupon type','2022-01-04 21:11:56','2022-01-04 21:11:56'),(2225,1,'en','plugins/ecommerce/discount','percentage_discount','Percentage discount (%)','2022-01-04 21:11:57','2022-01-04 21:11:57'),(2226,1,'en','plugins/ecommerce/discount','free_shipping','Free shipping','2022-01-04 21:11:57','2022-01-04 21:11:57'),(2227,1,'en','plugins/ecommerce/discount','same_price','Same price','2022-01-04 21:11:57','2022-01-04 21:11:57'),(2228,1,'en','plugins/ecommerce/discount','apply_for','apply for','2022-01-04 21:11:57','2022-01-04 21:11:57'),(2229,1,'en','plugins/ecommerce/discount','all_orders','All orders','2022-01-04 21:11:57','2022-01-04 21:11:57'),(2230,1,'en','plugins/ecommerce/discount','order_amount_from','Order amount from','2022-01-04 21:11:57','2022-01-04 21:11:57'),(2231,1,'en','plugins/ecommerce/discount','product_collection','Product collection','2022-01-04 21:11:57','2022-01-04 21:11:57'),(2232,1,'en','plugins/ecommerce/discount','product','Product','2022-01-04 21:11:57','2022-01-04 21:11:57'),(2233,1,'en','plugins/ecommerce/discount','customer','Customer','2022-01-04 21:11:57','2022-01-04 21:11:57'),(2234,1,'en','plugins/ecommerce/discount','variant','Variant','2022-01-04 21:11:57','2022-01-04 21:11:57'),(2235,1,'en','plugins/ecommerce/discount','search_product','Search product','2022-01-04 21:11:57','2022-01-04 21:11:57'),(2236,1,'en','plugins/ecommerce/discount','no_products_found','No products found!','2022-01-04 21:11:57','2022-01-04 21:11:57'),(2237,1,'en','plugins/ecommerce/discount','search_customer','Search customer','2022-01-04 21:11:57','2022-01-04 21:11:57'),(2238,1,'en','plugins/ecommerce/discount','no_customer_found','No customer found!','2022-01-04 21:11:57','2022-01-04 21:11:57'),(2239,1,'en','plugins/ecommerce/discount','one_time_per_order','One time per order','2022-01-04 21:11:57','2022-01-04 21:11:57'),(2240,1,'en','plugins/ecommerce/discount','one_time_per_product_in_cart','One time per product in cart','2022-01-04 21:11:57','2022-01-04 21:11:57'),(2241,1,'en','plugins/ecommerce/discount','number_of_products','Number of products required to apply','2022-01-04 21:11:57','2022-01-04 21:11:57'),(2242,1,'en','plugins/ecommerce/discount','selected_products','Selected products','2022-01-04 21:11:57','2022-01-04 21:11:57'),(2243,1,'en','plugins/ecommerce/discount','selected_customers','Selected customers','2022-01-04 21:11:57','2022-01-04 21:11:57'),(2244,1,'en','plugins/ecommerce/discount','time','Time','2022-01-04 21:11:57','2022-01-04 21:11:57'),(2245,1,'en','plugins/ecommerce/discount','start_date','Start date','2022-01-04 21:11:57','2022-01-04 21:11:57'),(2246,1,'en','plugins/ecommerce/discount','end_date','End date','2022-01-04 21:11:57','2022-01-04 21:11:57'),(2247,1,'en','plugins/ecommerce/discount','never_expired','Never expired','2022-01-04 21:11:57','2022-01-04 21:11:57'),(2248,1,'en','plugins/ecommerce/discount','save','Save','2022-01-04 21:11:57','2022-01-04 21:11:57'),(2249,1,'en','plugins/ecommerce/discount','enter_promotion_name','Enter promotion name','2022-01-04 21:11:57','2022-01-04 21:11:57'),(2250,1,'en','plugins/ecommerce/discount','enter_coupon_name','Enter coupon name','2022-01-04 21:11:57','2022-01-04 21:11:57'),(2251,1,'en','plugins/ecommerce/discount','cancel','Cancel','2022-01-04 21:11:57','2022-01-04 21:11:57'),(2252,1,'en','plugins/ecommerce/discount','is','Is','2022-01-04 21:11:57','2022-01-04 21:11:57'),(2253,1,'en','plugins/ecommerce/discount','when_shipping_fee_less_than','when shipping fee less than','2022-01-04 21:11:57','2022-01-04 21:11:57'),(2254,1,'en','plugins/ecommerce/ecommerce','settings','Settings','2022-01-04 21:11:57','2022-01-04 21:11:57'),(2255,1,'en','plugins/ecommerce/ecommerce','name','Ecommerce','2022-01-04 21:11:57','2022-01-04 21:11:57'),(2256,1,'en','plugins/ecommerce/ecommerce','setting.email.title','E-commerce','2022-01-04 21:11:57','2022-01-04 21:11:57'),(2257,1,'en','plugins/ecommerce/ecommerce','setting.email.description','Ecommerce email config','2022-01-04 21:11:57','2022-01-04 21:11:57'),(2258,1,'en','plugins/ecommerce/ecommerce','setting.email.order_confirm_subject','Subject of order confirmation email','2022-01-04 21:11:57','2022-01-04 21:11:57'),(2259,1,'en','plugins/ecommerce/ecommerce','setting.email.order_confirm_subject_placeholder','The subject of email confirmation send to the customer','2022-01-04 21:11:57','2022-01-04 21:11:57'),(2260,1,'en','plugins/ecommerce/ecommerce','setting.email.order_confirm_content','Content of order confirmation email','2022-01-04 21:11:57','2022-01-04 21:11:57'),(2261,1,'en','plugins/ecommerce/ecommerce','setting.email.order_status_change_subject','Subject of email when changing order\'s status','2022-01-04 21:11:57','2022-01-04 21:11:57'),(2262,1,'en','plugins/ecommerce/ecommerce','setting.email.order_status_change_subject_placeholder','Subject of email when changing order\'s status send to customer','2022-01-04 21:11:57','2022-01-04 21:11:57'),(2263,1,'en','plugins/ecommerce/ecommerce','setting.email.order_status_change_content','Content of email when changing order\'s status','2022-01-04 21:11:57','2022-01-04 21:11:57'),(2264,1,'en','plugins/ecommerce/ecommerce','setting.email.from_email','Email from','2022-01-04 21:11:57','2022-01-04 21:11:57'),(2265,1,'en','plugins/ecommerce/ecommerce','setting.email.from_email_placeholder','Email from address to display in mail. Ex: example@gmail.com','2022-01-04 21:11:57','2022-01-04 21:11:57'),(2266,1,'en','plugins/ecommerce/ecommerce','setting.title','Basic information','2022-01-04 21:11:57','2022-01-04 21:11:57'),(2267,1,'en','plugins/ecommerce/ecommerce','setting.state','State','2022-01-04 21:11:57','2022-01-04 21:11:57'),(2268,1,'en','plugins/ecommerce/ecommerce','setting.city','City','2022-01-04 21:11:57','2022-01-04 21:11:57'),(2269,1,'en','plugins/ecommerce/ecommerce','setting.country','Country','2022-01-04 21:11:57','2022-01-04 21:11:57'),(2270,1,'en','plugins/ecommerce/ecommerce','setting.select country','Select a country...','2022-01-04 21:11:57','2022-01-04 21:11:57'),(2271,1,'en','plugins/ecommerce/ecommerce','setting.weight_unit_gram','Gram (g)','2022-01-04 21:11:57','2022-01-04 21:11:57'),(2272,1,'en','plugins/ecommerce/ecommerce','setting.weight_unit_kilogram','Kilogram (kg)','2022-01-04 21:11:57','2022-01-04 21:11:57'),(2273,1,'en','plugins/ecommerce/ecommerce','setting.weight_unit_lb','Pound (lb)','2022-01-04 21:11:57','2022-01-04 21:11:57'),(2274,1,'en','plugins/ecommerce/ecommerce','setting.weight_unit_oz','Ounce (oz)','2022-01-04 21:11:57','2022-01-04 21:11:57'),(2275,1,'en','plugins/ecommerce/ecommerce','setting.height_unit_cm','Centimeter (cm)','2022-01-04 21:11:57','2022-01-04 21:11:57'),(2276,1,'en','plugins/ecommerce/ecommerce','setting.height_unit_m','Meter (m)','2022-01-04 21:11:57','2022-01-04 21:11:57'),(2277,1,'en','plugins/ecommerce/ecommerce','setting.height_unit_inch','Inch','2022-01-04 21:11:57','2022-01-04 21:11:57'),(2278,1,'en','plugins/ecommerce/ecommerce','setting.store_locator_title','Store locators','2022-01-04 21:11:57','2022-01-04 21:11:57'),(2279,1,'en','plugins/ecommerce/ecommerce','setting.store_locator_description','All the lists of your chains, main stores, branches, etc. The locations can be used to track sales and to help us configure tax rates to charge when selling products.','2022-01-04 21:11:57','2022-01-04 21:11:57'),(2280,1,'en','plugins/ecommerce/ecommerce','setting.phone','Phone','2022-01-04 21:11:57','2022-01-04 21:11:57'),(2281,1,'en','plugins/ecommerce/ecommerce','setting.address','Address','2022-01-04 21:11:57','2022-01-04 21:11:57'),(2282,1,'en','plugins/ecommerce/ecommerce','setting.is_primary','Primary?','2022-01-04 21:11:57','2022-01-04 21:11:57'),(2283,1,'en','plugins/ecommerce/ecommerce','setting.add_new','Add new','2022-01-04 21:11:57','2022-01-04 21:11:57'),(2284,1,'en','plugins/ecommerce/ecommerce','setting.or','Or','2022-01-04 21:11:57','2022-01-04 21:11:57'),(2285,1,'en','plugins/ecommerce/ecommerce','setting.change_primary_store','change default store locator','2022-01-04 21:11:57','2022-01-04 21:11:57'),(2286,1,'en','plugins/ecommerce/ecommerce','setting.other_settings','Other settings','2022-01-04 21:11:57','2022-01-04 21:11:57'),(2287,1,'en','plugins/ecommerce/ecommerce','setting.other_settings_description','Settings for cart, review...','2022-01-04 21:11:57','2022-01-04 21:11:57'),(2288,1,'en','plugins/ecommerce/ecommerce','setting.enable_cart','Enable shopping cart?','2022-01-04 21:11:57','2022-01-04 21:11:57'),(2289,1,'en','plugins/ecommerce/ecommerce','setting.enable_tax','Enable tax?','2022-01-04 21:11:57','2022-01-04 21:11:57'),(2290,1,'en','plugins/ecommerce/ecommerce','setting.display_product_price_including_taxes','Display product price including taxes?','2022-01-04 21:11:57','2022-01-04 21:11:57'),(2291,1,'en','plugins/ecommerce/ecommerce','setting.enable_review','Enable review?','2022-01-04 21:11:57','2022-01-04 21:11:57'),(2292,1,'en','plugins/ecommerce/ecommerce','setting.enable_quick_buy_button','Enable quick buy button?','2022-01-04 21:11:57','2022-01-04 21:11:57'),(2293,1,'en','plugins/ecommerce/ecommerce','setting.quick_buy_target','Quick buy target page?','2022-01-04 21:11:57','2022-01-04 21:11:57'),(2294,1,'en','plugins/ecommerce/ecommerce','setting.checkout_page','Checkout page','2022-01-04 21:11:57','2022-01-04 21:11:57'),(2295,1,'en','plugins/ecommerce/ecommerce','setting.cart_page','Cart page','2022-01-04 21:11:57','2022-01-04 21:11:57'),(2296,1,'en','plugins/ecommerce/ecommerce','setting.add_location','Add location','2022-01-04 21:11:57','2022-01-04 21:11:57'),(2297,1,'en','plugins/ecommerce/ecommerce','setting.edit_location','Edit location','2022-01-04 21:11:57','2022-01-04 21:11:57'),(2298,1,'en','plugins/ecommerce/ecommerce','setting.delete_location','Delete location','2022-01-04 21:11:57','2022-01-04 21:11:57'),(2299,1,'en','plugins/ecommerce/ecommerce','setting.change_primary_location','Change primary location','2022-01-04 21:11:57','2022-01-04 21:11:57'),(2300,1,'en','plugins/ecommerce/ecommerce','setting.delete_location_confirmation','Are you sure you want to delete this location? This action cannot be undo.','2022-01-04 21:11:57','2022-01-04 21:11:57'),(2301,1,'en','plugins/ecommerce/ecommerce','setting.save_location','Save location','2022-01-04 21:11:57','2022-01-04 21:11:57'),(2302,1,'en','plugins/ecommerce/ecommerce','setting.accept','Accept','2022-01-04 21:11:57','2022-01-04 21:11:57'),(2303,1,'en','plugins/ecommerce/ecommerce','setting.select_country','Select country','2022-01-04 21:11:57','2022-01-04 21:11:57'),(2304,1,'en','plugins/ecommerce/ecommerce','setting.zip_code_enabled','Enable Zip Code?','2022-01-04 21:11:57','2022-01-04 21:11:57'),(2305,1,'en','plugins/ecommerce/ecommerce','setting.thousands_separator','Thousands separator','2022-01-04 21:11:57','2022-01-04 21:11:57'),(2306,1,'en','plugins/ecommerce/ecommerce','setting.decimal_separator','Decimal separator','2022-01-04 21:11:57','2022-01-04 21:11:57'),(2307,1,'en','plugins/ecommerce/ecommerce','setting.separator_period','Period (.)','2022-01-04 21:11:57','2022-01-04 21:11:57'),(2308,1,'en','plugins/ecommerce/ecommerce','setting.separator_comma','Comma (,)','2022-01-04 21:11:57','2022-01-04 21:11:57'),(2309,1,'en','plugins/ecommerce/ecommerce','setting.separator_space','Space ( )','2022-01-04 21:11:57','2022-01-04 21:11:57'),(2310,1,'en','plugins/ecommerce/ecommerce','setting.available_countries','Available countries','2022-01-04 21:11:57','2022-01-04 21:11:57'),(2311,1,'en','plugins/ecommerce/ecommerce','setting.all','All','2022-01-04 21:11:57','2022-01-04 21:11:57'),(2312,1,'en','plugins/ecommerce/ecommerce','setting.verify_customer_email','Verify customer\'s email?','2022-01-04 21:11:57','2022-01-04 21:11:57'),(2313,1,'en','plugins/ecommerce/ecommerce','setting.minimum_order_amount','Minimum order amount to place an order (:currency).','2022-01-04 21:11:57','2022-01-04 21:11:57'),(2314,1,'en','plugins/ecommerce/ecommerce','setting.enable_guest_checkout','Enable guest checkout?','2022-01-04 21:11:57','2022-01-04 21:11:57'),(2315,1,'en','plugins/ecommerce/ecommerce','setting.show_number_of_products','Show number of products in the product single','2022-01-04 21:11:57','2022-01-04 21:11:57'),(2316,1,'en','plugins/ecommerce/ecommerce','setting.payment_method_cod_minimum_amount','Minimum order amount - :currency (Optional)','2022-01-04 21:11:57','2022-01-04 21:11:57'),(2317,1,'en','plugins/ecommerce/ecommerce','setting.review.max_file_size','Review max file size (MB)','2022-01-04 21:11:57','2022-01-04 21:11:57'),(2318,1,'en','plugins/ecommerce/ecommerce','setting.review.max_file_number','Review max file number','2022-01-04 21:11:57','2022-01-04 21:11:57'),(2319,1,'en','plugins/ecommerce/ecommerce','setting.using_custom_font_for_invoice','Using custom font for invoice?','2022-01-04 21:11:57','2022-01-04 21:11:57'),(2320,1,'en','plugins/ecommerce/ecommerce','setting.invoice_font_family','Invoice font family (Only work for Latin language)','2022-01-04 21:11:57','2022-01-04 21:11:57'),(2321,1,'en','plugins/ecommerce/ecommerce','setting.enable_invoice_stamp','Enable invoice stamp?','2022-01-04 21:11:57','2022-01-04 21:11:57'),(2322,1,'en','plugins/ecommerce/ecommerce','setting.make_phone_field_at_the_checkout_optional','Make phone field at the checkout optional?','2022-01-04 21:11:57','2022-01-04 21:11:57'),(2323,1,'en','plugins/ecommerce/ecommerce','setting.disable_order_invoice_until_order_confirmed','Disable order invoice until order confirmed?','2022-01-04 21:11:57','2022-01-04 21:11:57'),(2324,1,'en','plugins/ecommerce/ecommerce','setting.vat_number','VAT number','2022-01-04 21:11:57','2022-01-04 21:11:57'),(2325,1,'en','plugins/ecommerce/ecommerce','setting.enable_recaptcha_in_register_page','Enable Recaptcha in the registration page?','2022-01-04 21:11:57','2022-01-04 21:11:57'),(2326,1,'en','plugins/ecommerce/ecommerce','setting.enable_recaptcha_in_register_page_description','Need to setup Captcha in Admin -> Settings -> General first.','2022-01-04 21:11:57','2022-01-04 21:11:57'),(2327,1,'en','plugins/ecommerce/ecommerce','store_address','Store address','2022-01-04 21:11:57','2022-01-04 21:11:57'),(2328,1,'en','plugins/ecommerce/ecommerce','store_phone','Store phone','2022-01-04 21:11:57','2022-01-04 21:11:57'),(2329,1,'en','plugins/ecommerce/ecommerce','order_id','Order ID','2022-01-04 21:11:57','2022-01-04 21:11:57'),(2330,1,'en','plugins/ecommerce/ecommerce','order_token','Order token','2022-01-04 21:11:57','2022-01-04 21:11:57'),(2331,1,'en','plugins/ecommerce/ecommerce','customer_name','Customer name','2022-01-04 21:11:57','2022-01-04 21:11:57'),(2332,1,'en','plugins/ecommerce/ecommerce','customer_email','Customer email','2022-01-04 21:11:57','2022-01-04 21:11:57'),(2333,1,'en','plugins/ecommerce/ecommerce','customer_phone','Customer phone','2022-01-04 21:11:57','2022-01-04 21:11:57'),(2334,1,'en','plugins/ecommerce/ecommerce','customer_address','Customer address','2022-01-04 21:11:57','2022-01-04 21:11:57'),(2335,1,'en','plugins/ecommerce/ecommerce','product_list','List products in order','2022-01-04 21:11:57','2022-01-04 21:11:57'),(2336,1,'en','plugins/ecommerce/ecommerce','payment_detail','Payment detail','2022-01-04 21:11:57','2022-01-04 21:11:57'),(2337,1,'en','plugins/ecommerce/ecommerce','shipping_method','Shipping method','2022-01-04 21:11:57','2022-01-04 21:11:57'),(2338,1,'en','plugins/ecommerce/ecommerce','payment_method','Payment method','2022-01-04 21:11:57','2022-01-04 21:11:57'),(2339,1,'en','plugins/ecommerce/ecommerce','standard_and_format','Standard & Format','2022-01-04 21:11:57','2022-01-04 21:11:57'),(2340,1,'en','plugins/ecommerce/ecommerce','standard_and_format_description','Standards and formats are used to calculate things like product prices, shipping weights, and order times.','2022-01-04 21:11:57','2022-01-04 21:11:57'),(2341,1,'en','plugins/ecommerce/ecommerce','change_order_format','Edit order code format (optional)','2022-01-04 21:11:57','2022-01-04 21:11:57'),(2342,1,'en','plugins/ecommerce/ecommerce','change_order_format_description','The default order code starts at: number. You can change the start or end string to create the order code you want, for example \"DH-: number\" or \": number-A\"','2022-01-04 21:11:57','2022-01-04 21:11:57'),(2343,1,'en','plugins/ecommerce/ecommerce','start_with','Start with','2022-01-04 21:11:57','2022-01-04 21:11:57'),(2344,1,'en','plugins/ecommerce/ecommerce','end_with','End with','2022-01-04 21:11:57','2022-01-04 21:11:57'),(2345,1,'en','plugins/ecommerce/ecommerce','order_will_be_shown','Your order code will be shown','2022-01-04 21:11:57','2022-01-04 21:11:57'),(2346,1,'en','plugins/ecommerce/ecommerce','weight_unit','Unit of weight','2022-01-04 21:11:57','2022-01-04 21:11:57'),(2347,1,'en','plugins/ecommerce/ecommerce','height_unit','Unit length / height','2022-01-04 21:11:57','2022-01-04 21:11:57'),(2348,1,'en','plugins/ecommerce/ecommerce','theme_options.name','Ecommerce','2022-01-04 21:11:57','2022-01-04 21:11:57'),(2349,1,'en','plugins/ecommerce/ecommerce','theme_options.description','Theme options for Ecommerce','2022-01-04 21:11:57','2022-01-04 21:11:57'),(2350,1,'en','plugins/ecommerce/ecommerce','theme_options.number_products_per_page','Number of products per page','2022-01-04 21:11:57','2022-01-04 21:11:57'),(2351,1,'en','plugins/ecommerce/ecommerce','theme_options.number_of_cross_sale_product','Number of cross sale products in product detail page','2022-01-04 21:11:57','2022-01-04 21:11:57'),(2352,1,'en','plugins/ecommerce/ecommerce','theme_options.max_price_filter','Maximum price to filter','2022-01-04 21:11:57','2022-01-04 21:11:57'),(2353,1,'en','plugins/ecommerce/ecommerce','theme_options.logo_in_the_checkout_page','Logo in the checkout page (Default is the main logo)','2022-01-04 21:11:57','2022-01-04 21:11:57'),(2354,1,'en','plugins/ecommerce/ecommerce','theme_options.logo_in_invoices','Logo in invoices (Default is the main logo)','2022-01-04 21:11:57','2022-01-04 21:11:57'),(2355,1,'en','plugins/ecommerce/email','customer_new_order_title','Order confirmation','2022-01-04 21:11:57','2022-01-04 21:11:57'),(2356,1,'en','plugins/ecommerce/email','customer_new_order_description','Send email confirmation to customer when an order placed','2022-01-04 21:11:57','2022-01-04 21:11:57'),(2357,1,'en','plugins/ecommerce/email','order_cancellation_title','Order cancellation','2022-01-04 21:11:57','2022-01-04 21:11:57'),(2358,1,'en','plugins/ecommerce/email','order_cancellation_description','Send to custom when they cancelled order','2022-01-04 21:11:57','2022-01-04 21:11:57'),(2359,1,'en','plugins/ecommerce/email','delivery_confirmation_title','Delivering confirmation','2022-01-04 21:11:57','2022-01-04 21:11:57'),(2360,1,'en','plugins/ecommerce/email','delivery_confirmation_description','Send to customer when order is delivering','2022-01-04 21:11:57','2022-01-04 21:11:57'),(2361,1,'en','plugins/ecommerce/email','admin_new_order_title','Notice about new order','2022-01-04 21:11:57','2022-01-04 21:11:57'),(2362,1,'en','plugins/ecommerce/email','admin_new_order_description','Send to administrators when an order placed','2022-01-04 21:11:57','2022-01-04 21:11:57'),(2363,1,'en','plugins/ecommerce/email','order_confirmation_title','Order confirmation','2022-01-04 21:11:57','2022-01-04 21:11:57'),(2364,1,'en','plugins/ecommerce/email','order_confirmation_description','Send to customer when they order was confirmed by admins','2022-01-04 21:11:57','2022-01-04 21:11:57'),(2365,1,'en','plugins/ecommerce/email','payment_confirmation_title','Payment confirmation','2022-01-04 21:11:57','2022-01-04 21:11:57'),(2366,1,'en','plugins/ecommerce/email','payment_confirmation_description','Send to customer when their payment was confirmed','2022-01-04 21:11:57','2022-01-04 21:11:57'),(2367,1,'en','plugins/ecommerce/email','order_recover_title','Incomplete order','2022-01-04 21:11:57','2022-01-04 21:11:57'),(2368,1,'en','plugins/ecommerce/email','order_recover_description','Send to custom to remind them about incomplete orders','2022-01-04 21:11:57','2022-01-04 21:11:57'),(2369,1,'en','plugins/ecommerce/email','view_order','View order','2022-01-04 21:11:57','2022-01-04 21:11:57'),(2370,1,'en','plugins/ecommerce/email','link_go_to_our_shop','or <a href=\":link\">Go to our shop</a>','2022-01-04 21:11:57','2022-01-04 21:11:57'),(2371,1,'en','plugins/ecommerce/email','order_number','Order number: <strong>:order_id</strong>','2022-01-04 21:11:57','2022-01-04 21:11:57'),(2372,1,'en','plugins/ecommerce/email','order_information','Order information:','2022-01-04 21:11:57','2022-01-04 21:11:57'),(2373,1,'en','plugins/ecommerce/export','products.name','Export products','2022-01-04 21:11:57','2022-01-04 21:11:57'),(2374,1,'en','plugins/ecommerce/export','products.title','Export Products (CSV)','2022-01-04 21:11:57','2022-01-04 21:11:57'),(2375,1,'en','plugins/ecommerce/export','products.total_products','Total products','2022-01-04 21:11:57','2022-01-04 21:11:57'),(2376,1,'en','plugins/ecommerce/export','products.total_variations','Total variations','2022-01-04 21:11:57','2022-01-04 21:11:57'),(2377,1,'en','plugins/ecommerce/export','start_export','Start export','2022-01-04 21:11:57','2022-01-04 21:11:57'),(2378,1,'en','plugins/ecommerce/export','exporting','Exporting...','2022-01-04 21:11:57','2022-01-04 21:11:57'),(2379,1,'en','plugins/ecommerce/export','export','Export','2022-01-04 21:11:57','2022-01-04 21:11:57'),(2380,1,'en','plugins/ecommerce/flash-sale','name','Flash sales','2022-01-04 21:11:57','2022-01-04 21:11:57'),(2381,1,'en','plugins/ecommerce/flash-sale','create','New flash sale','2022-01-04 21:11:57','2022-01-04 21:11:57'),(2382,1,'en','plugins/ecommerce/flash-sale','edit','Edit flash sale','2022-01-04 21:11:57','2022-01-04 21:11:57'),(2383,1,'en','plugins/ecommerce/flash-sale','products','Products','2022-01-04 21:11:57','2022-01-04 21:11:57'),(2384,1,'en','plugins/ecommerce/order','statuses.pending','Pending','2022-01-04 21:11:58','2022-01-04 21:11:58'),(2385,1,'en','plugins/ecommerce/order','statuses.processing','Processing','2022-01-04 21:11:58','2022-01-04 21:11:58'),(2386,1,'en','plugins/ecommerce/order','statuses.completed','Completed','2022-01-04 21:11:58','2022-01-04 21:11:58'),(2387,1,'en','plugins/ecommerce/order','statuses.canceled','Canceled','2022-01-04 21:11:58','2022-01-04 21:11:58'),(2388,1,'en','plugins/ecommerce/order','menu','Orders','2022-01-04 21:11:58','2022-01-04 21:11:58'),(2389,1,'en','plugins/ecommerce/order','create','Create an order','2022-01-04 21:11:58','2022-01-04 21:11:58'),(2390,1,'en','plugins/ecommerce/order','cancel_error','The order is delivering or completed','2022-01-04 21:11:58','2022-01-04 21:11:58'),(2391,1,'en','plugins/ecommerce/order','cancel_success','You do cancel the order successful','2022-01-04 21:11:58','2022-01-04 21:11:58'),(2392,1,'en','plugins/ecommerce/order','incomplete_order','Incomplete orders','2022-01-04 21:11:58','2022-01-04 21:11:58'),(2393,1,'en','plugins/ecommerce/order','order_id','Order ID','2022-01-04 21:11:58','2022-01-04 21:11:58'),(2394,1,'en','plugins/ecommerce/order','product_id','Product ID','2022-01-04 21:11:58','2022-01-04 21:11:58'),(2395,1,'en','plugins/ecommerce/order','customer_label','Customer','2022-01-04 21:11:58','2022-01-04 21:11:58'),(2396,1,'en','plugins/ecommerce/order','tax_amount','Tax Amount','2022-01-04 21:11:58','2022-01-04 21:11:58'),(2397,1,'en','plugins/ecommerce/order','shipping_amount','Shipping amount','2022-01-04 21:11:58','2022-01-04 21:11:58'),(2398,1,'en','plugins/ecommerce/order','payment_method','Payment method','2022-01-04 21:11:58','2022-01-04 21:11:58'),(2399,1,'en','plugins/ecommerce/order','payment_status_label','Payment status','2022-01-04 21:11:58','2022-01-04 21:11:58'),(2400,1,'en','plugins/ecommerce/order','manage_orders','Manage orders','2022-01-04 21:11:58','2022-01-04 21:11:58'),(2401,1,'en','plugins/ecommerce/order','order_intro_description','Once your store has orders, this is where you will process and track those orders.','2022-01-04 21:11:58','2022-01-04 21:11:58'),(2402,1,'en','plugins/ecommerce/order','create_new_order','Create a new order','2022-01-04 21:11:58','2022-01-04 21:11:58'),(2403,1,'en','plugins/ecommerce/order','manage_incomplete_orders','Manage incomplete orders','2022-01-04 21:11:58','2022-01-04 21:11:58'),(2404,1,'en','plugins/ecommerce/order','incomplete_orders_intro_description','Incomplete order is an order created when a customer adds a product to the cart, proceeds to fill out the purchase information but does not complete the checkout process.','2022-01-04 21:11:58','2022-01-04 21:11:58'),(2405,1,'en','plugins/ecommerce/order','invoice_for_order','Invoice for order','2022-01-04 21:11:58','2022-01-04 21:11:58'),(2406,1,'en','plugins/ecommerce/order','created','Created','2022-01-04 21:11:58','2022-01-04 21:11:58'),(2407,1,'en','plugins/ecommerce/order','invoice','Invoice','2022-01-04 21:11:58','2022-01-04 21:11:58'),(2408,1,'en','plugins/ecommerce/order','return','Return','2022-01-04 21:11:58','2022-01-04 21:11:58'),(2409,1,'en','plugins/ecommerce/order','total_refund_amount','Total refund amount','2022-01-04 21:11:58','2022-01-04 21:11:58'),(2410,1,'en','plugins/ecommerce/order','total_amount_can_be_refunded','Total amount can be refunded','2022-01-04 21:11:58','2022-01-04 21:11:58'),(2411,1,'en','plugins/ecommerce/order','refund_reason','Refund reason (optional)','2022-01-04 21:11:58','2022-01-04 21:11:58'),(2412,1,'en','plugins/ecommerce/order','products','product(s)','2022-01-04 21:11:58','2022-01-04 21:11:58'),(2413,1,'en','plugins/ecommerce/order','default','Default','2022-01-04 21:11:58','2022-01-04 21:11:58'),(2414,1,'en','plugins/ecommerce/order','system','System','2022-01-04 21:11:58','2022-01-04 21:11:58'),(2415,1,'en','plugins/ecommerce/order','new_order_from','New order :order_id from :customer','2022-01-04 21:11:58','2022-01-04 21:11:58'),(2416,1,'en','plugins/ecommerce/order','confirmation_email_was_sent_to_customer','The email confirmation was sent to customer','2022-01-04 21:11:58','2022-01-04 21:11:58'),(2417,1,'en','plugins/ecommerce/order','address_name_required','The name field is required.','2022-01-04 21:11:58','2022-01-04 21:11:58'),(2418,1,'en','plugins/ecommerce/order','address_phone_required','The phone field is required.','2022-01-04 21:11:58','2022-01-04 21:11:58'),(2419,1,'en','plugins/ecommerce/order','address_email_required','The email field is required.','2022-01-04 21:11:58','2022-01-04 21:11:58'),(2420,1,'en','plugins/ecommerce/order','address_email_unique','The customer with that email is existed, please choose other email or login with this email!','2022-01-04 21:11:58','2022-01-04 21:11:58'),(2421,1,'en','plugins/ecommerce/order','address_state_required','The state field is required.','2022-01-04 21:11:58','2022-01-04 21:11:58'),(2422,1,'en','plugins/ecommerce/order','address_city_required','The city field is required.','2022-01-04 21:11:58','2022-01-04 21:11:58'),(2423,1,'en','plugins/ecommerce/order','address_country_required','The country field is required.','2022-01-04 21:11:58','2022-01-04 21:11:58'),(2424,1,'en','plugins/ecommerce/order','address_address_required','The address field is required.','2022-01-04 21:11:58','2022-01-04 21:11:58'),(2425,1,'en','plugins/ecommerce/order','create_order_from_payment_page','Order was created from checkout page','2022-01-04 21:11:58','2022-01-04 21:11:58'),(2426,1,'en','plugins/ecommerce/order','order_was_verified_by','Order was verified by %user_name%','2022-01-04 21:11:58','2022-01-04 21:11:58'),(2427,1,'en','plugins/ecommerce/order','new_order','New order :order_id','2022-01-04 21:11:58','2022-01-04 21:11:58'),(2428,1,'en','plugins/ecommerce/order','payment_was_confirmed_by','Payment was confirmed (amount :money) by %user_name%','2022-01-04 21:11:58','2022-01-04 21:11:58'),(2429,1,'en','plugins/ecommerce/order','edit_order','Edit order :code','2022-01-04 21:11:58','2022-01-04 21:11:58'),(2430,1,'en','plugins/ecommerce/order','confirm_order_success','Confirm order successfully!','2022-01-04 21:11:58','2022-01-04 21:11:58'),(2431,1,'en','plugins/ecommerce/order','error_when_sending_email','There is an error when sending email','2022-01-04 21:11:58','2022-01-04 21:11:58'),(2432,1,'en','plugins/ecommerce/order','sent_confirmation_email_success','Sent confirmation email successfully!','2022-01-04 21:11:58','2022-01-04 21:11:58'),(2433,1,'en','plugins/ecommerce/order','order_was_sent_to_shipping_team','Order was sent to shipping team','2022-01-04 21:11:58','2022-01-04 21:11:58'),(2434,1,'en','plugins/ecommerce/order','by_username','by %user_name%','2022-01-04 21:11:58','2022-01-04 21:11:58'),(2435,1,'en','plugins/ecommerce/order','shipping_was_created_from','Shipping was created from order %order_id%','2022-01-04 21:11:58','2022-01-04 21:11:58'),(2436,1,'en','plugins/ecommerce/order','shipping_was_canceled_success','Shipping was cancelled successfully!','2022-01-04 21:11:58','2022-01-04 21:11:58'),(2437,1,'en','plugins/ecommerce/order','shipping_was_canceled_by','Shipping was cancelled by %user_name%','2022-01-04 21:11:58','2022-01-04 21:11:58'),(2438,1,'en','plugins/ecommerce/order','update_shipping_address_success','Update shipping address successfully!','2022-01-04 21:11:58','2022-01-04 21:11:58'),(2439,1,'en','plugins/ecommerce/order','order_was_canceled_by','Order was cancelled by %user_name%','2022-01-04 21:11:58','2022-01-04 21:11:58'),(2440,1,'en','plugins/ecommerce/order','confirm_payment_success','Confirm payment successfully!','2022-01-04 21:11:58','2022-01-04 21:11:58'),(2441,1,'en','plugins/ecommerce/order','refund_amount_invalid','Refund amount must be lower or equal :price','2022-01-04 21:11:58','2022-01-04 21:11:58'),(2442,1,'en','plugins/ecommerce/order','number_of_products_invalid','Number of products refund is not valid!','2022-01-04 21:11:58','2022-01-04 21:11:58'),(2443,1,'en','plugins/ecommerce/order','cannot_found_payment_for_this_order','Cannot found payment for this order!','2022-01-04 21:11:58','2022-01-04 21:11:58'),(2444,1,'en','plugins/ecommerce/order','refund_success_with_price','Refund success :price','2022-01-04 21:11:58','2022-01-04 21:11:58'),(2445,1,'en','plugins/ecommerce/order','refund_success','Refund successfully!','2022-01-04 21:11:58','2022-01-04 21:11:58'),(2446,1,'en','plugins/ecommerce/order','order_is_not_existed','Order is not existed!','2022-01-04 21:11:58','2022-01-04 21:11:58'),(2447,1,'en','plugins/ecommerce/order','reorder','Reorder','2022-01-04 21:11:58','2022-01-04 21:11:58'),(2448,1,'en','plugins/ecommerce/order','sent_email_incomplete_order_success','Sent email to remind about incomplete order successfully!','2022-01-04 21:11:58','2022-01-04 21:11:58'),(2449,1,'en','plugins/ecommerce/order','applied_coupon_success','Applied coupon \":code\" successfully!','2022-01-04 21:11:58','2022-01-04 21:11:58'),(2450,1,'en','plugins/ecommerce/order','new_order_notice','You have <span class=\"bold\">:count</span> New Order(s)','2022-01-04 21:11:58','2022-01-04 21:11:58'),(2451,1,'en','plugins/ecommerce/order','view_all','View all','2022-01-04 21:11:58','2022-01-04 21:11:58'),(2452,1,'en','plugins/ecommerce/order','cancel_order','Cancel order','2022-01-04 21:11:58','2022-01-04 21:11:58'),(2453,1,'en','plugins/ecommerce/order','order_canceled','Order canceled','2022-01-04 21:11:58','2022-01-04 21:11:58'),(2454,1,'en','plugins/ecommerce/order','order_was_canceled_at','Order was canceled at','2022-01-04 21:11:58','2022-01-04 21:11:58'),(2455,1,'en','plugins/ecommerce/order','completed','Completed','2022-01-04 21:11:58','2022-01-04 21:11:58'),(2456,1,'en','plugins/ecommerce/order','uncompleted','Uncompleted','2022-01-04 21:11:58','2022-01-04 21:11:58'),(2457,1,'en','plugins/ecommerce/order','sku','SKU','2022-01-04 21:11:58','2022-01-04 21:11:58'),(2458,1,'en','plugins/ecommerce/order','warehouse','Warehouse','2022-01-04 21:11:58','2022-01-04 21:11:58'),(2459,1,'en','plugins/ecommerce/order','sub_amount','Sub amount','2022-01-04 21:11:58','2022-01-04 21:11:58'),(2460,1,'en','plugins/ecommerce/order','coupon_code','Coupon code: \":code\"','2022-01-04 21:11:58','2022-01-04 21:11:58'),(2461,1,'en','plugins/ecommerce/order','shipping_fee','Shipping fee','2022-01-04 21:11:58','2022-01-04 21:11:58'),(2462,1,'en','plugins/ecommerce/order','tax','Tax','2022-01-04 21:11:58','2022-01-04 21:11:58'),(2463,1,'en','plugins/ecommerce/order','refunded_amount','Refunded amount','2022-01-04 21:11:58','2022-01-04 21:11:58'),(2464,1,'en','plugins/ecommerce/order','amount_received','The amount actually received','2022-01-04 21:11:58','2022-01-04 21:11:58'),(2465,1,'en','plugins/ecommerce/order','download_invoice','Download invoice','2022-01-04 21:11:58','2022-01-04 21:11:58'),(2466,1,'en','plugins/ecommerce/order','add_note','Add note...','2022-01-04 21:11:58','2022-01-04 21:11:58'),(2467,1,'en','plugins/ecommerce/order','order_was_confirmed','Order was confirmed','2022-01-04 21:11:58','2022-01-04 21:11:58'),(2468,1,'en','plugins/ecommerce/order','confirm_order','Confirm order','2022-01-04 21:11:58','2022-01-04 21:11:58'),(2469,1,'en','plugins/ecommerce/order','confirm','Confirm','2022-01-04 21:11:58','2022-01-04 21:11:58'),(2470,1,'en','plugins/ecommerce/order','order_was_canceled','Order was canceled','2022-01-04 21:11:58','2022-01-04 21:11:58'),(2471,1,'en','plugins/ecommerce/order','pending_payment','Pending payment','2022-01-04 21:11:58','2022-01-04 21:11:58'),(2472,1,'en','plugins/ecommerce/order','payment_was_accepted','Payment :money was accepted','2022-01-04 21:11:58','2022-01-04 21:11:58'),(2473,1,'en','plugins/ecommerce/order','payment_was_refunded','Payment was refunded','2022-01-04 21:11:58','2022-01-04 21:11:58'),(2474,1,'en','plugins/ecommerce/order','confirm_payment','Confirm payment','2022-01-04 21:11:58','2022-01-04 21:11:58'),(2475,1,'en','plugins/ecommerce/order','refund','Refund','2022-01-04 21:11:58','2022-01-04 21:11:58'),(2476,1,'en','plugins/ecommerce/order','all_products_are_not_delivered','All products are not delivered','2022-01-04 21:11:58','2022-01-04 21:11:58'),(2477,1,'en','plugins/ecommerce/order','delivery','Delivery','2022-01-04 21:11:58','2022-01-04 21:11:58'),(2478,1,'en','plugins/ecommerce/order','history','History','2022-01-04 21:11:58','2022-01-04 21:11:58'),(2479,1,'en','plugins/ecommerce/order','order_number','Order number','2022-01-04 21:11:58','2022-01-04 21:11:58'),(2480,1,'en','plugins/ecommerce/order','from','from','2022-01-04 21:11:58','2022-01-04 21:11:58'),(2481,1,'en','plugins/ecommerce/order','status','Status','2022-01-04 21:11:58','2022-01-04 21:11:58'),(2482,1,'en','plugins/ecommerce/order','successfully','Successfully','2022-01-04 21:11:58','2022-01-04 21:11:58'),(2483,1,'en','plugins/ecommerce/order','transaction_type','Transaction\'s type','2022-01-04 21:11:58','2022-01-04 21:11:58'),(2484,1,'en','plugins/ecommerce/order','staff','Staff','2022-01-04 21:11:58','2022-01-04 21:11:58'),(2485,1,'en','plugins/ecommerce/order','refund_date','Refund date','2022-01-04 21:11:58','2022-01-04 21:11:58'),(2486,1,'en','plugins/ecommerce/order','n_a','N\\A','2022-01-04 21:11:58','2022-01-04 21:11:58'),(2487,1,'en','plugins/ecommerce/order','payment_date','Payment date','2022-01-04 21:11:58','2022-01-04 21:11:58'),(2488,1,'en','plugins/ecommerce/order','payment_gateway','Payment gateway','2022-01-04 21:11:58','2022-01-04 21:11:58'),(2489,1,'en','plugins/ecommerce/order','transaction_amount','Transaction amount','2022-01-04 21:11:58','2022-01-04 21:11:58'),(2490,1,'en','plugins/ecommerce/order','resend','Resend','2022-01-04 21:11:58','2022-01-04 21:11:58'),(2491,1,'en','plugins/ecommerce/order','default_store','Default store','2022-01-04 21:11:58','2022-01-04 21:11:58'),(2492,1,'en','plugins/ecommerce/order','update_address','Update address','2022-01-04 21:11:58','2022-01-04 21:11:58'),(2493,1,'en','plugins/ecommerce/order','have_an_account_already','Have an account already','2022-01-04 21:11:58','2022-01-04 21:11:58'),(2494,1,'en','plugins/ecommerce/order','dont_have_an_account_yet','Don\'t have an account yet','2022-01-04 21:11:58','2022-01-04 21:11:58'),(2495,1,'en','plugins/ecommerce/order','mark_payment_as_confirmed','Mark <span>:method</span> as confirmed','2022-01-04 21:11:58','2022-01-04 21:11:58'),(2496,1,'en','plugins/ecommerce/order','resend_order_confirmation','Resend order confirmation','2022-01-04 21:11:58','2022-01-04 21:11:58'),(2497,1,'en','plugins/ecommerce/order','resend_order_confirmation_description','Confirmation email will be sent to <strong>:email</strong>?','2022-01-04 21:11:58','2022-01-04 21:11:58'),(2498,1,'en','plugins/ecommerce/order','send','Send','2022-01-04 21:11:58','2022-01-04 21:11:58'),(2499,1,'en','plugins/ecommerce/order','update','Update','2022-01-04 21:11:58','2022-01-04 21:11:58'),(2500,1,'en','plugins/ecommerce/order','cancel_shipping_confirmation','Cancel shipping confirmation?','2022-01-04 21:11:58','2022-01-04 21:11:58'),(2501,1,'en','plugins/ecommerce/order','cancel_shipping_confirmation_description','Cancel shipping confirmation?','2022-01-04 21:11:58','2022-01-04 21:11:58'),(2502,1,'en','plugins/ecommerce/order','cancel_order_confirmation','Cancel order confirmation?','2022-01-04 21:11:58','2022-01-04 21:11:58'),(2503,1,'en','plugins/ecommerce/order','cancel_order_confirmation_description','Are you sure you want to cancel this order? This action cannot rollback','2022-01-04 21:11:58','2022-01-04 21:11:58'),(2504,1,'en','plugins/ecommerce/order','confirm_payment_confirmation_description','Processed by <strong>:method</strong>. Did you receive payment outside the system? This payment won\'t be saved into system and cannot be refunded','2022-01-04 21:11:58','2022-01-04 21:11:58'),(2505,1,'en','plugins/ecommerce/order','save_note','Save note','2022-01-04 21:11:58','2022-01-04 21:11:58'),(2506,1,'en','plugins/ecommerce/order','order_note','Order note','2022-01-04 21:11:58','2022-01-04 21:11:58'),(2507,1,'en','plugins/ecommerce/order','order_note_placeholder','Note about order, ex: time or shipping instruction.','2022-01-04 21:11:58','2022-01-04 21:11:58'),(2508,1,'en','plugins/ecommerce/order','order_amount','Order amount','2022-01-04 21:11:58','2022-01-04 21:11:58'),(2509,1,'en','plugins/ecommerce/order','additional_information','Additional information','2022-01-04 21:11:58','2022-01-04 21:11:58'),(2510,1,'en','plugins/ecommerce/order','notice_about_incomplete_order','Notice about incomplete order','2022-01-04 21:11:58','2022-01-04 21:11:58'),(2511,1,'en','plugins/ecommerce/order','notice_about_incomplete_order_description','Remind email about uncompleted order will be send to <strong>:email</strong>?','2022-01-04 21:11:58','2022-01-04 21:11:58'),(2512,1,'en','plugins/ecommerce/order','incomplete_order_description_1','An incomplete order is when a potential customer places items in their shopping cart, and goes all the way through to the payment page, but then doesn\'t complete the transaction.','2022-01-04 21:11:58','2022-01-04 21:11:58'),(2513,1,'en','plugins/ecommerce/order','incomplete_order_description_2','If you have contacted customers and they want to continue buying, you can help them complete their order by following the link:','2022-01-04 21:11:58','2022-01-04 21:11:58'),(2514,1,'en','plugins/ecommerce/order','send_an_email_to_recover_this_order','Send an email to customer to recover this order','2022-01-04 21:11:58','2022-01-04 21:11:58'),(2515,1,'en','plugins/ecommerce/order','see_maps','See maps','2022-01-04 21:11:58','2022-01-04 21:11:58'),(2516,1,'en','plugins/ecommerce/order','one_or_more_products_dont_have_enough_quantity','One or more products don\'t have enough quantity!','2022-01-04 21:11:58','2022-01-04 21:11:58'),(2517,1,'en','plugins/ecommerce/order','cannot_send_order_recover_to_mail','The email could not be found so it can\'t send a recovery email to the customer.','2022-01-04 21:11:58','2022-01-04 21:11:58'),(2518,1,'en','plugins/ecommerce/order','payment_info','Payment Info','2022-01-04 21:11:58','2022-01-04 21:11:58'),(2519,1,'en','plugins/ecommerce/order','payment_method_refund_automatic','Your customer will be refunded using :method automatically.','2022-01-04 21:11:58','2022-01-04 21:11:58'),(2520,1,'en','plugins/ecommerce/order','order','Order','2022-01-04 21:11:58','2022-01-04 21:11:58'),(2521,1,'en','plugins/ecommerce/order','order_information','Order information','2022-01-04 21:11:58','2022-01-04 21:11:58'),(2522,1,'en','plugins/ecommerce/order','create_a_new_product','Create a new product','2022-01-04 21:11:58','2022-01-04 21:11:58'),(2523,1,'en','plugins/ecommerce/order','out_of_stock','Out of stock','2022-01-04 21:11:58','2022-01-04 21:11:58'),(2524,1,'en','plugins/ecommerce/order','products_available','product(s) available','2022-01-04 21:11:58','2022-01-04 21:11:58'),(2525,1,'en','plugins/ecommerce/order','no_products_found','No products found!','2022-01-04 21:11:58','2022-01-04 21:11:58'),(2526,1,'en','plugins/ecommerce/order','note','Note','2022-01-04 21:11:58','2022-01-04 21:11:58'),(2527,1,'en','plugins/ecommerce/order','note_for_order','Note for order...','2022-01-04 21:11:58','2022-01-04 21:11:58'),(2528,1,'en','plugins/ecommerce/order','amount','Amount','2022-01-04 21:11:58','2022-01-04 21:11:58'),(2529,1,'en','plugins/ecommerce/order','add_discount','Add discount','2022-01-04 21:11:58','2022-01-04 21:11:58'),(2530,1,'en','plugins/ecommerce/order','discount','Discount','2022-01-04 21:11:58','2022-01-04 21:11:58'),(2531,1,'en','plugins/ecommerce/order','add_shipping_fee','Add shipping fee','2022-01-04 21:11:58','2022-01-04 21:11:58'),(2532,1,'en','plugins/ecommerce/order','shipping','Shipping','2022-01-04 21:11:58','2022-01-04 21:11:58'),(2533,1,'en','plugins/ecommerce/order','total_amount','Total amount','2022-01-04 21:11:58','2022-01-04 21:11:58'),(2534,1,'en','plugins/ecommerce/order','confirm_payment_and_create_order','Confirm payment and create order','2022-01-04 21:11:58','2022-01-04 21:11:58'),(2535,1,'en','plugins/ecommerce/order','paid','Paid','2022-01-04 21:11:58','2022-01-04 21:11:58'),(2536,1,'en','plugins/ecommerce/order','pay_later','Pay later','2022-01-04 21:11:58','2022-01-04 21:11:58'),(2537,1,'en','plugins/ecommerce/order','customer_information','Customer information','2022-01-04 21:11:58','2022-01-04 21:11:58'),(2538,1,'en','plugins/ecommerce/order','create_new_customer','Create new customer','2022-01-04 21:11:58','2022-01-04 21:11:58'),(2539,1,'en','plugins/ecommerce/order','no_customer_found','No customer found!','2022-01-04 21:11:58','2022-01-04 21:11:58'),(2540,1,'en','plugins/ecommerce/order','customer','Customer','2022-01-04 21:11:58','2022-01-04 21:11:58'),(2541,1,'en','plugins/ecommerce/order','orders','order(s)','2022-01-04 21:11:58','2022-01-04 21:11:58'),(2542,1,'en','plugins/ecommerce/order','shipping_address','Shipping Address','2022-01-04 21:11:58','2022-01-04 21:11:58'),(2543,1,'en','plugins/ecommerce/order','see_on_maps','See on maps','2022-01-04 21:11:58','2022-01-04 21:11:58'),(2544,1,'en','plugins/ecommerce/order','name','Name','2022-01-04 21:11:58','2022-01-04 21:11:58'),(2545,1,'en','plugins/ecommerce/order','price','Price','2022-01-04 21:11:58','2022-01-04 21:11:58'),(2546,1,'en','plugins/ecommerce/order','sku_optional','SKU (optional)','2022-01-04 21:11:58','2022-01-04 21:11:58'),(2547,1,'en','plugins/ecommerce/order','with_storehouse_management','With storehouse management?','2022-01-04 21:11:58','2022-01-04 21:11:58'),(2548,1,'en','plugins/ecommerce/order','quantity','Quantity','2022-01-04 21:11:58','2022-01-04 21:11:58'),(2549,1,'en','plugins/ecommerce/order','allow_customer_checkout_when_this_product_out_of_stock','Allow customer checkout when this product out of stock?','2022-01-04 21:11:58','2022-01-04 21:11:58'),(2550,1,'en','plugins/ecommerce/order','address','Address','2022-01-04 21:11:58','2022-01-04 21:11:58'),(2551,1,'en','plugins/ecommerce/order','phone','Phone','2022-01-04 21:11:58','2022-01-04 21:11:58'),(2552,1,'en','plugins/ecommerce/order','country','Country','2022-01-04 21:11:58','2022-01-04 21:11:58'),(2553,1,'en','plugins/ecommerce/order','state','State','2022-01-04 21:11:58','2022-01-04 21:11:58'),(2554,1,'en','plugins/ecommerce/order','city','City','2022-01-04 21:11:58','2022-01-04 21:11:58'),(2555,1,'en','plugins/ecommerce/order','zip_code','Zip code','2022-01-04 21:11:58','2022-01-04 21:11:58'),(2556,1,'en','plugins/ecommerce/order','discount_based_on','Discount based on','2022-01-04 21:11:58','2022-01-04 21:11:58'),(2557,1,'en','plugins/ecommerce/order','or_coupon_code','Or coupon code','2022-01-04 21:11:58','2022-01-04 21:11:58'),(2558,1,'en','plugins/ecommerce/order','description','Description','2022-01-04 21:11:58','2022-01-04 21:11:58'),(2559,1,'en','plugins/ecommerce/order','how_to_select_configured_shipping','How to select configured shipping?','2022-01-04 21:11:58','2022-01-04 21:11:58'),(2560,1,'en','plugins/ecommerce/order','please_add_customer_information_with_the_complete_shipping_address_to_see_the_configured_shipping_rates','Please add customer information with the complete shipping address to see the configured shipping rates','2022-01-04 21:11:58','2022-01-04 21:11:58'),(2561,1,'en','plugins/ecommerce/order','free_shipping','Free shipping','2022-01-04 21:11:58','2022-01-04 21:11:58'),(2562,1,'en','plugins/ecommerce/order','custom','Custom','2022-01-04 21:11:58','2022-01-04 21:11:58'),(2563,1,'en','plugins/ecommerce/order','email','Email','2022-01-04 21:11:58','2022-01-04 21:11:58'),(2564,1,'en','plugins/ecommerce/order','create_order','Create order','2022-01-04 21:11:58','2022-01-04 21:11:58'),(2565,1,'en','plugins/ecommerce/order','close','Close','2022-01-04 21:11:58','2022-01-04 21:11:58'),(2566,1,'en','plugins/ecommerce/order','confirm_payment_is_paid_for_this_order','Confirm payment is paid for this order','2022-01-04 21:11:58','2022-01-04 21:11:58'),(2567,1,'en','plugins/ecommerce/order','payment_status_of_the_order_is_paid_once_the_order_has_been_created_you_cannot_change_the_payment_method_or_status','Payment status of the order is Paid. Once the order has been created, you cannot change the payment method or status','2022-01-04 21:11:58','2022-01-04 21:11:58'),(2568,1,'en','plugins/ecommerce/order','select_payment_method','Select payment method','2022-01-04 21:11:58','2022-01-04 21:11:58'),(2569,1,'en','plugins/ecommerce/order','cash_on_delivery_cod','Cash on delivery (COD)','2022-01-04 21:11:58','2022-01-04 21:11:58'),(2570,1,'en','plugins/ecommerce/order','bank_transfer','Bank transfer','2022-01-04 21:11:58','2022-01-04 21:11:58'),(2571,1,'en','plugins/ecommerce/order','paid_amount','Paid amount','2022-01-04 21:11:58','2022-01-04 21:11:58'),(2572,1,'en','plugins/ecommerce/order','confirm_that_payment_for_this_order_will_be_paid_later','Confirm that payment for this order will be paid later','2022-01-04 21:11:58','2022-01-04 21:11:58'),(2573,1,'en','plugins/ecommerce/order','payment_status_of_the_order_is_pending_once_the_order_has_been_created_you_cannot_change_the_payment_method_or_status','Payment status of the order is Pending. Once the order has been created, you cannot change the payment method or status','2022-01-04 21:11:58','2022-01-04 21:11:58'),(2574,1,'en','plugins/ecommerce/order','pending_amount','Pending amount','2022-01-04 21:11:58','2022-01-04 21:11:58'),(2575,1,'en','plugins/ecommerce/order','update_email','Update email','2022-01-04 21:11:58','2022-01-04 21:11:58'),(2576,1,'en','plugins/ecommerce/order','save','Save','2022-01-04 21:11:58','2022-01-04 21:11:58'),(2577,1,'en','plugins/ecommerce/order','cancel','Cancel','2022-01-04 21:11:58','2022-01-04 21:11:58'),(2578,1,'en','plugins/ecommerce/order','create_a_new_order','Create a new order','2022-01-04 21:11:58','2022-01-04 21:11:58'),(2579,1,'en','plugins/ecommerce/order','search_or_create_new_product','Search or create a new product','2022-01-04 21:11:58','2022-01-04 21:11:58'),(2580,1,'en','plugins/ecommerce/order','search_or_create_new_customer','Search or create a new customer','2022-01-04 21:11:58','2022-01-04 21:11:58'),(2581,1,'en','plugins/ecommerce/order','discount_description','Discount description','2022-01-04 21:11:58','2022-01-04 21:11:58'),(2582,1,'en','plugins/ecommerce/order','cant_select_out_of_stock_product','Cannot select out of stock product!','2022-01-04 21:11:58','2022-01-04 21:11:58'),(2583,1,'en','plugins/ecommerce/payment','name','Payments','2022-01-04 21:11:58','2022-01-04 21:11:58'),(2584,1,'en','plugins/ecommerce/payment','payment_method','Payment methods','2022-01-04 21:11:58','2022-01-04 21:11:58'),(2585,1,'en','plugins/ecommerce/payment','view_payment','View payment #','2022-01-04 21:11:58','2022-01-04 21:11:58'),(2586,1,'en','plugins/ecommerce/payment','charge_id','Charge ID','2022-01-04 21:11:58','2022-01-04 21:11:58'),(2587,1,'en','plugins/ecommerce/payment','amount','Amount','2022-01-04 21:11:58','2022-01-04 21:11:58'),(2588,1,'en','plugins/ecommerce/payment','currency','Currency','2022-01-04 21:11:58','2022-01-04 21:11:58'),(2589,1,'en','plugins/ecommerce/payment','user','User','2022-01-04 21:11:58','2022-01-04 21:11:58'),(2590,1,'en','plugins/ecommerce/payment','paypal_name_required','PayPal\'s name is required!','2022-01-04 21:11:58','2022-01-04 21:11:58'),(2591,1,'en','plugins/ecommerce/payment','paypal_name_max','PayPal\'s name is too long!','2022-01-04 21:11:58','2022-01-04 21:11:58'),(2592,1,'en','plugins/ecommerce/payment','stripe_name_required','Stripe\'s name is required!','2022-01-04 21:11:58','2022-01-04 21:11:58'),(2593,1,'en','plugins/ecommerce/payment','stripe_name_max','Stripe\'s name is too long!','2022-01-04 21:11:58','2022-01-04 21:11:58'),(2594,1,'en','plugins/ecommerce/payment','status','Status','2022-01-04 21:11:58','2022-01-04 21:11:58'),(2595,1,'en','plugins/ecommerce/payment','enabled','Enabled','2022-01-04 21:11:58','2022-01-04 21:11:58'),(2596,1,'en','plugins/ecommerce/payment','disabled','Disabled','2022-01-04 21:11:58','2022-01-04 21:11:58'),(2597,1,'en','plugins/ecommerce/payment','client_id','Client ID','2022-01-04 21:11:58','2022-01-04 21:11:58'),(2598,1,'en','plugins/ecommerce/payment','client_secret','Client Secret','2022-01-04 21:11:58','2022-01-04 21:11:58'),(2599,1,'en','plugins/ecommerce/payment','mode','Mode','2022-01-04 21:11:58','2022-01-04 21:11:58'),(2600,1,'en','plugins/ecommerce/payment','sandbox','Sandbox','2022-01-04 21:11:58','2022-01-04 21:11:58'),(2601,1,'en','plugins/ecommerce/payment','live','Live','2022-01-04 21:11:58','2022-01-04 21:11:58'),(2602,1,'en','plugins/ecommerce/payment','enable_payment_log','Enable Payment Log','2022-01-04 21:11:58','2022-01-04 21:11:58'),(2603,1,'en','plugins/ecommerce/payment','yes','Yes','2022-01-04 21:11:58','2022-01-04 21:11:58'),(2604,1,'en','plugins/ecommerce/payment','no','No','2022-01-04 21:11:58','2022-01-04 21:11:58'),(2605,1,'en','plugins/ecommerce/payment','client_key','Client Key','2022-01-04 21:11:58','2022-01-04 21:11:58'),(2606,1,'en','plugins/ecommerce/payment','stripe','Stripe','2022-01-04 21:11:58','2022-01-04 21:11:58'),(2607,1,'en','plugins/ecommerce/payment','paypal','PayPal','2022-01-04 21:11:58','2022-01-04 21:11:58'),(2608,1,'en','plugins/ecommerce/payment','action','Action','2022-01-04 21:11:58','2022-01-04 21:11:58'),(2609,1,'en','plugins/ecommerce/payment','go_back','Go back','2022-01-04 21:11:58','2022-01-04 21:11:58'),(2610,1,'en','plugins/ecommerce/payment','view','View','2022-01-04 21:11:59','2022-01-04 21:11:59'),(2611,1,'en','plugins/ecommerce/payment','cash_on_delivery','Cash on delivery (COD)','2022-01-04 21:11:59','2022-01-04 21:11:59'),(2612,1,'en','plugins/ecommerce/payment','via_bank_transfer','Via bank transfer','2022-01-04 21:11:59','2022-01-04 21:11:59'),(2613,1,'en','plugins/ecommerce/payment','payment_via_cart','Payment via card','2022-01-04 21:11:59','2022-01-04 21:11:59'),(2614,1,'en','plugins/ecommerce/payment','card_number','Card number','2022-01-04 21:11:59','2022-01-04 21:11:59'),(2615,1,'en','plugins/ecommerce/payment','full_name','Full name','2022-01-04 21:11:59','2022-01-04 21:11:59'),(2616,1,'en','plugins/ecommerce/payment','payment_via_paypal','Payment via PayPal','2022-01-04 21:11:59','2022-01-04 21:11:59'),(2617,1,'en','plugins/ecommerce/payment','mm_yy','MM/YY','2022-01-04 21:11:59','2022-01-04 21:11:59'),(2618,1,'en','plugins/ecommerce/payment','cvc','CVC','2022-01-04 21:11:59','2022-01-04 21:11:59'),(2619,1,'en','plugins/ecommerce/payment','details','Details','2022-01-04 21:11:59','2022-01-04 21:11:59'),(2620,1,'en','plugins/ecommerce/payment','payer_name','Payer Name','2022-01-04 21:11:59','2022-01-04 21:11:59'),(2621,1,'en','plugins/ecommerce/payment','email','Email','2022-01-04 21:11:59','2022-01-04 21:11:59'),(2622,1,'en','plugins/ecommerce/payment','phone','Phone','2022-01-04 21:11:59','2022-01-04 21:11:59'),(2623,1,'en','plugins/ecommerce/payment','country','Country','2022-01-04 21:11:59','2022-01-04 21:11:59'),(2624,1,'en','plugins/ecommerce/payment','shipping_address','Shipping Address','2022-01-04 21:11:59','2022-01-04 21:11:59'),(2625,1,'en','plugins/ecommerce/payment','payment_details','Payment Details','2022-01-04 21:11:59','2022-01-04 21:11:59'),(2626,1,'en','plugins/ecommerce/payment','card','Card','2022-01-04 21:11:59','2022-01-04 21:11:59'),(2627,1,'en','plugins/ecommerce/payment','address','Address','2022-01-04 21:11:59','2022-01-04 21:11:59'),(2628,1,'en','plugins/ecommerce/payment','could_not_get_stripe_token','Could not get Stripe token to make a charge.','2022-01-04 21:11:59','2022-01-04 21:11:59'),(2629,1,'en','plugins/ecommerce/payment','new_payment','Payment for order :id','2022-01-04 21:11:59','2022-01-04 21:11:59'),(2630,1,'en','plugins/ecommerce/payment','payment_id','Payment ID','2022-01-04 21:11:59','2022-01-04 21:11:59'),(2631,1,'en','plugins/ecommerce/prices','name','Price','2022-01-04 21:11:59','2022-01-04 21:11:59'),(2632,1,'en','plugins/ecommerce/prices','create','New price','2022-01-04 21:11:59','2022-01-04 21:11:59'),(2633,1,'en','plugins/ecommerce/prices','edit','Edit price','2022-01-04 21:11:59','2022-01-04 21:11:59'),(2634,1,'en','plugins/ecommerce/prices','list','List price','2022-01-04 21:11:59','2022-01-04 21:11:59'),(2635,1,'en','plugins/ecommerce/product-attribute-sets','name','Product attribute sets','2022-01-04 21:11:59','2022-01-04 21:11:59'),(2636,1,'en','plugins/ecommerce/product-attribute-sets','create','New product attribute set','2022-01-04 21:11:59','2022-01-04 21:11:59'),(2637,1,'en','plugins/ecommerce/product-attribute-sets','edit','Edit product attribute set','2022-01-04 21:11:59','2022-01-04 21:11:59'),(2638,1,'en','plugins/ecommerce/product-attribute-sets','visible_in_categories','Visible in categories','2022-01-04 21:11:59','2022-01-04 21:11:59'),(2639,1,'en','plugins/ecommerce/product-attribute-sets','product_with_more_version','Product with more version','2022-01-04 21:11:59','2022-01-04 21:11:59'),(2640,1,'en','plugins/ecommerce/product-attribute-sets','create_a_version','Create a version','2022-01-04 21:11:59','2022-01-04 21:11:59'),(2641,1,'en','plugins/ecommerce/product-attribute-sets','enabled','Enabled','2022-01-04 21:11:59','2022-01-04 21:11:59'),(2642,1,'en','plugins/ecommerce/product-attribute-sets','attributes','Attributes','2022-01-04 21:11:59','2022-01-04 21:11:59'),(2643,1,'en','plugins/ecommerce/product-attribute-sets','price','Price','2022-01-04 21:11:59','2022-01-04 21:11:59'),(2644,1,'en','plugins/ecommerce/product-attribute-sets','edit_btn','Edit','2022-01-04 21:11:59','2022-01-04 21:11:59'),(2645,1,'en','plugins/ecommerce/product-attribute-sets','remove_btn','Remove','2022-01-04 21:11:59','2022-01-04 21:11:59'),(2646,1,'en','plugins/ecommerce/product-attribute-sets','product','Product','2022-01-04 21:11:59','2022-01-04 21:11:59'),(2647,1,'en','plugins/ecommerce/product-attribute-sets','back_to_product','Back to product','2022-01-04 21:11:59','2022-01-04 21:11:59'),(2648,1,'en','plugins/ecommerce/product-attribute-sets','save','Save','2022-01-04 21:11:59','2022-01-04 21:11:59'),(2649,1,'en','plugins/ecommerce/product-attribute-sets','other_existing_versions','Other existing versions','2022-01-04 21:11:59','2022-01-04 21:11:59'),(2650,1,'en','plugins/ecommerce/product-attribute-sets','version_information','Version information','2022-01-04 21:11:59','2022-01-04 21:11:59'),(2651,1,'en','plugins/ecommerce/product-attribute-sets','add_rule','Add rule','2022-01-04 21:11:59','2022-01-04 21:11:59'),(2652,1,'en','plugins/ecommerce/product-attribute-sets','rules','Rules','2022-01-04 21:11:59','2022-01-04 21:11:59'),(2653,1,'en','plugins/ecommerce/product-attribute-sets','pricing','Pricing','2022-01-04 21:11:59','2022-01-04 21:11:59'),(2654,1,'en','plugins/ecommerce/product-attribute-sets','sale_price','Sale price','2022-01-04 21:11:59','2022-01-04 21:11:59'),(2655,1,'en','plugins/ecommerce/product-attribute-sets','sale_type','Sale type','2022-01-04 21:11:59','2022-01-04 21:11:59'),(2656,1,'en','plugins/ecommerce/product-attribute-sets','no_sale_price','No sale price','2022-01-04 21:11:59','2022-01-04 21:11:59'),(2657,1,'en','plugins/ecommerce/product-attribute-sets','always_on_sale','Always on sale','2022-01-04 21:11:59','2022-01-04 21:11:59'),(2658,1,'en','plugins/ecommerce/product-attribute-sets','limited_time','Limited time','2022-01-04 21:11:59','2022-01-04 21:11:59'),(2659,1,'en','plugins/ecommerce/product-attribute-sets','from','From','2022-01-04 21:11:59','2022-01-04 21:11:59'),(2660,1,'en','plugins/ecommerce/product-attribute-sets','to','To','2022-01-04 21:11:59','2022-01-04 21:11:59'),(2661,1,'en','plugins/ecommerce/product-attribute-sets','storehouse','Storehouse','2022-01-04 21:11:59','2022-01-04 21:11:59'),(2662,1,'en','plugins/ecommerce/product-attribute-sets','no_storehouse_management','No storehouse management','2022-01-04 21:11:59','2022-01-04 21:11:59'),(2663,1,'en','plugins/ecommerce/product-attribute-sets','with_storehouse_management','With storehouse management','2022-01-04 21:11:59','2022-01-04 21:11:59'),(2664,1,'en','plugins/ecommerce/product-attribute-sets','quantity','Quantity','2022-01-04 21:11:59','2022-01-04 21:11:59'),(2665,1,'en','plugins/ecommerce/product-attribute-sets','allow_customer_checkout_out_of_stock','Allow customer checkout when this product out of stock','2022-01-04 21:11:59','2022-01-04 21:11:59'),(2666,1,'en','plugins/ecommerce/product-attribute-sets','shipping','Shipping','2022-01-04 21:11:59','2022-01-04 21:11:59'),(2667,1,'en','plugins/ecommerce/product-attribute-sets','length','Length','2022-01-04 21:11:59','2022-01-04 21:11:59'),(2668,1,'en','plugins/ecommerce/product-attribute-sets','wide','Wide','2022-01-04 21:11:59','2022-01-04 21:11:59'),(2669,1,'en','plugins/ecommerce/product-attribute-sets','height','Height','2022-01-04 21:11:59','2022-01-04 21:11:59'),(2670,1,'en','plugins/ecommerce/product-attribute-sets','weight','Weight','2022-01-04 21:11:59','2022-01-04 21:11:59'),(2671,1,'en','plugins/ecommerce/product-attribute-sets','version_images','Version images','2022-01-04 21:11:59','2022-01-04 21:11:59'),(2672,1,'en','plugins/ecommerce/product-attribute-sets','add_new_image','Add new image','2022-01-04 21:11:59','2022-01-04 21:11:59'),(2673,1,'en','plugins/ecommerce/product-attribute-sets','attribute_set','Attribute set','2022-01-04 21:11:59','2022-01-04 21:11:59'),(2674,1,'en','plugins/ecommerce/product-attribute-sets','value','Value','2022-01-04 21:11:59','2022-01-04 21:11:59'),(2675,1,'en','plugins/ecommerce/product-attribute-sets','dropdown_swatch','Dropdown Swatch','2022-01-04 21:11:59','2022-01-04 21:11:59'),(2676,1,'en','plugins/ecommerce/product-attribute-sets','visual_swatch','Visual Swatch','2022-01-04 21:11:59','2022-01-04 21:11:59'),(2677,1,'en','plugins/ecommerce/product-attribute-sets','text_swatch','Text Swatch','2022-01-04 21:11:59','2022-01-04 21:11:59'),(2678,1,'en','plugins/ecommerce/product-attribute-sets','display_layout','Display Layout','2022-01-04 21:11:59','2022-01-04 21:11:59'),(2679,1,'en','plugins/ecommerce/product-attribute-sets','searchable','Searchable','2022-01-04 21:11:59','2022-01-04 21:11:59'),(2680,1,'en','plugins/ecommerce/product-attribute-sets','comparable','Comparable','2022-01-04 21:11:59','2022-01-04 21:11:59'),(2681,1,'en','plugins/ecommerce/product-attribute-sets','use_in_product_listing','Used in product listing','2022-01-04 21:11:59','2022-01-04 21:11:59'),(2682,1,'en','plugins/ecommerce/product-attribute-sets','attributes_list','Attributes list','2022-01-04 21:11:59','2022-01-04 21:11:59'),(2683,1,'en','plugins/ecommerce/product-attribute-sets','is_default','Is default?','2022-01-04 21:11:59','2022-01-04 21:11:59'),(2684,1,'en','plugins/ecommerce/product-attribute-sets','title','Title','2022-01-04 21:11:59','2022-01-04 21:11:59'),(2685,1,'en','plugins/ecommerce/product-attribute-sets','slug','Slug','2022-01-04 21:11:59','2022-01-04 21:11:59'),(2686,1,'en','plugins/ecommerce/product-attribute-sets','color','Color','2022-01-04 21:11:59','2022-01-04 21:11:59'),(2687,1,'en','plugins/ecommerce/product-attribute-sets','image','Image','2022-01-04 21:11:59','2022-01-04 21:11:59'),(2688,1,'en','plugins/ecommerce/product-attribute-sets','remove','Remove','2022-01-04 21:11:59','2022-01-04 21:11:59'),(2689,1,'en','plugins/ecommerce/product-attribute-sets','add_new_attribute','Add new attribute','2022-01-04 21:11:59','2022-01-04 21:11:59'),(2690,1,'en','plugins/ecommerce/product-attributes','name','Product attributes','2022-01-04 21:11:59','2022-01-04 21:11:59'),(2691,1,'en','plugins/ecommerce/product-attributes','create','New product attribute','2022-01-04 21:11:59','2022-01-04 21:11:59'),(2692,1,'en','plugins/ecommerce/product-attributes','edit','Edit product attribute','2022-01-04 21:11:59','2022-01-04 21:11:59'),(2693,1,'en','plugins/ecommerce/product-attributes','intro.title','Manage product attributes','2022-01-04 21:11:59','2022-01-04 21:11:59'),(2694,1,'en','plugins/ecommerce/product-attributes','intro.description','Product attribute such as color, width, height ...','2022-01-04 21:11:59','2022-01-04 21:11:59'),(2695,1,'en','plugins/ecommerce/product-attributes','intro.button_text','Create product attribute','2022-01-04 21:11:59','2022-01-04 21:11:59'),(2696,1,'en','plugins/ecommerce/product-categories','name','Product categories','2022-01-04 21:11:59','2022-01-04 21:11:59'),(2697,1,'en','plugins/ecommerce/product-categories','create','Create new product category','2022-01-04 21:11:59','2022-01-04 21:11:59'),(2698,1,'en','plugins/ecommerce/product-categories','edit','Edit product category','2022-01-04 21:11:59','2022-01-04 21:11:59'),(2699,1,'en','plugins/ecommerce/product-categories','list','List product categories','2022-01-04 21:11:59','2022-01-04 21:11:59'),(2700,1,'en','plugins/ecommerce/product-categories','none','None','2022-01-04 21:11:59','2022-01-04 21:11:59'),(2701,1,'en','plugins/ecommerce/product-categories','menu','Product categories','2022-01-04 21:11:59','2022-01-04 21:11:59'),(2702,1,'en','plugins/ecommerce/product-categories','intro.title','Manage product categories','2022-01-04 21:11:59','2022-01-04 21:11:59'),(2703,1,'en','plugins/ecommerce/product-categories','intro.description','Such as clothes, shoes, bags, jewelry ...','2022-01-04 21:11:59','2022-01-04 21:11:59'),(2704,1,'en','plugins/ecommerce/product-categories','intro.button_text','Create product category','2022-01-04 21:11:59','2022-01-04 21:11:59'),(2705,1,'en','plugins/ecommerce/product-categories','total_products','Total products: :total','2022-01-04 21:11:59','2022-01-04 21:11:59'),(2706,1,'en','plugins/ecommerce/product-collections','name','Product collections','2022-01-04 21:11:59','2022-01-04 21:11:59'),(2707,1,'en','plugins/ecommerce/product-collections','create','New product collection','2022-01-04 21:11:59','2022-01-04 21:11:59'),(2708,1,'en','plugins/ecommerce/product-collections','edit','Edit product collection','2022-01-04 21:11:59','2022-01-04 21:11:59'),(2709,1,'en','plugins/ecommerce/product-collections','slug_help_block','Label key: <code>:slug</code>. We will use this key for filter.','2022-01-04 21:11:59','2022-01-04 21:11:59'),(2710,1,'en','plugins/ecommerce/product-collections','intro.title','Manage product collections','2022-01-04 21:11:59','2022-01-04 21:11:59'),(2711,1,'en','plugins/ecommerce/product-collections','intro.description','Group your products into collections to make it easier for customers to find them by category.','2022-01-04 21:11:59','2022-01-04 21:11:59'),(2712,1,'en','plugins/ecommerce/product-collections','intro.button_text','Create product collection','2022-01-04 21:11:59','2022-01-04 21:11:59'),(2713,1,'en','plugins/ecommerce/product-label','name','Product labels','2022-01-04 21:11:59','2022-01-04 21:11:59'),(2714,1,'en','plugins/ecommerce/product-label','create','New product label','2022-01-04 21:11:59','2022-01-04 21:11:59'),(2715,1,'en','plugins/ecommerce/product-label','edit','Edit product label','2022-01-04 21:11:59','2022-01-04 21:11:59'),(2716,1,'en','plugins/ecommerce/product-label','color','Color','2022-01-04 21:11:59','2022-01-04 21:11:59'),(2717,1,'en','plugins/ecommerce/product-label','color_placeholder','Example: #f0f0f0','2022-01-04 21:11:59','2022-01-04 21:11:59'),(2718,1,'en','plugins/ecommerce/product-tag','name','Product tags','2022-01-04 21:11:59','2022-01-04 21:11:59'),(2719,1,'en','plugins/ecommerce/product-tag','create','New product tag','2022-01-04 21:11:59','2022-01-04 21:11:59'),(2720,1,'en','plugins/ecommerce/product-tag','edit','Edit product tag','2022-01-04 21:11:59','2022-01-04 21:11:59'),(2721,1,'en','plugins/ecommerce/products','name','Products','2022-01-04 21:11:59','2022-01-04 21:11:59'),(2722,1,'en','plugins/ecommerce/products','create','New product','2022-01-04 21:11:59','2022-01-04 21:11:59'),(2723,1,'en','plugins/ecommerce/products','edit','Edit product - :name','2022-01-04 21:11:59','2022-01-04 21:11:59'),(2724,1,'en','plugins/ecommerce/products','form.name','Name','2022-01-04 21:11:59','2022-01-04 21:11:59'),(2725,1,'en','plugins/ecommerce/products','form.name_placeholder','Product\'s name (Maximum 120 characters)','2022-01-04 21:11:59','2022-01-04 21:11:59'),(2726,1,'en','plugins/ecommerce/products','form.description','Description','2022-01-04 21:11:59','2022-01-04 21:11:59'),(2727,1,'en','plugins/ecommerce/products','form.description_placeholder','Short description for product (Maximum 400 characters)','2022-01-04 21:11:59','2022-01-04 21:11:59'),(2728,1,'en','plugins/ecommerce/products','form.categories','Categories','2022-01-04 21:11:59','2022-01-04 21:11:59'),(2729,1,'en','plugins/ecommerce/products','form.content','Content','2022-01-04 21:11:59','2022-01-04 21:11:59'),(2730,1,'en','plugins/ecommerce/products','form.price','Price','2022-01-04 21:11:59','2022-01-04 21:11:59'),(2731,1,'en','plugins/ecommerce/products','form.quantity','Quantity','2022-01-04 21:11:59','2022-01-04 21:11:59'),(2732,1,'en','plugins/ecommerce/products','form.brand','Brand','2022-01-04 21:11:59','2022-01-04 21:11:59'),(2733,1,'en','plugins/ecommerce/products','form.width','Width','2022-01-04 21:11:59','2022-01-04 21:11:59'),(2734,1,'en','plugins/ecommerce/products','form.height','Height','2022-01-04 21:11:59','2022-01-04 21:11:59'),(2735,1,'en','plugins/ecommerce/products','form.weight','Weight','2022-01-04 21:11:59','2022-01-04 21:11:59'),(2736,1,'en','plugins/ecommerce/products','form.date.end','From date','2022-01-04 21:11:59','2022-01-04 21:11:59'),(2737,1,'en','plugins/ecommerce/products','form.date.start','To date','2022-01-04 21:11:59','2022-01-04 21:11:59'),(2738,1,'en','plugins/ecommerce/products','form.image','Images','2022-01-04 21:11:59','2022-01-04 21:11:59'),(2739,1,'en','plugins/ecommerce/products','form.collections','Product collections','2022-01-04 21:11:59','2022-01-04 21:11:59'),(2740,1,'en','plugins/ecommerce/products','form.labels','Labels','2022-01-04 21:11:59','2022-01-04 21:11:59'),(2741,1,'en','plugins/ecommerce/products','form.price_sale','Price sale','2022-01-04 21:11:59','2022-01-04 21:11:59'),(2742,1,'en','plugins/ecommerce/products','form.product_type.title','Product type','2022-01-04 21:11:59','2022-01-04 21:11:59'),(2743,1,'en','plugins/ecommerce/products','form.product','Product','2022-01-04 21:11:59','2022-01-04 21:11:59'),(2744,1,'en','plugins/ecommerce/products','form.total','Total','2022-01-04 21:11:59','2022-01-04 21:11:59'),(2745,1,'en','plugins/ecommerce/products','form.sub_total','Subtotal','2022-01-04 21:11:59','2022-01-04 21:11:59'),(2746,1,'en','plugins/ecommerce/products','form.shipping_fee','Shipping fee','2022-01-04 21:11:59','2022-01-04 21:11:59'),(2747,1,'en','plugins/ecommerce/products','form.discount','Discount','2022-01-04 21:11:59','2022-01-04 21:11:59'),(2748,1,'en','plugins/ecommerce/products','form.options','Options','2022-01-04 21:11:59','2022-01-04 21:11:59'),(2749,1,'en','plugins/ecommerce/products','form.shipping.height','Height','2022-01-04 21:11:59','2022-01-04 21:11:59'),(2750,1,'en','plugins/ecommerce/products','form.shipping.length','Length','2022-01-04 21:11:59','2022-01-04 21:11:59'),(2751,1,'en','plugins/ecommerce/products','form.shipping.title','Shipping','2022-01-04 21:11:59','2022-01-04 21:11:59'),(2752,1,'en','plugins/ecommerce/products','form.shipping.weight','Weight','2022-01-04 21:11:59','2022-01-04 21:11:59'),(2753,1,'en','plugins/ecommerce/products','form.shipping.wide','Wide','2022-01-04 21:11:59','2022-01-04 21:11:59'),(2754,1,'en','plugins/ecommerce/products','form.stock.allow_order_when_out','Allow customer checkout when this product out of stock','2022-01-04 21:11:59','2022-01-04 21:11:59'),(2755,1,'en','plugins/ecommerce/products','form.stock.in_stock','In stock','2022-01-04 21:11:59','2022-01-04 21:11:59'),(2756,1,'en','plugins/ecommerce/products','form.stock.out_stock','Out stock','2022-01-04 21:11:59','2022-01-04 21:11:59'),(2757,1,'en','plugins/ecommerce/products','form.stock.title','Stock status','2022-01-04 21:11:59','2022-01-04 21:11:59'),(2758,1,'en','plugins/ecommerce/products','form.storehouse.no_storehouse','No storehouse management','2022-01-04 21:11:59','2022-01-04 21:11:59'),(2759,1,'en','plugins/ecommerce/products','form.storehouse.storehouse','With storehouse management','2022-01-04 21:11:59','2022-01-04 21:11:59'),(2760,1,'en','plugins/ecommerce/products','form.storehouse.title','Storehouse','2022-01-04 21:11:59','2022-01-04 21:11:59'),(2761,1,'en','plugins/ecommerce/products','form.storehouse.quantity','Quantity','2022-01-04 21:11:59','2022-01-04 21:11:59'),(2762,1,'en','plugins/ecommerce/products','form.tax','Tax','2022-01-04 21:11:59','2022-01-04 21:11:59'),(2763,1,'en','plugins/ecommerce/products','form.is_default','Is default','2022-01-04 21:11:59','2022-01-04 21:11:59'),(2764,1,'en','plugins/ecommerce/products','form.action','Action','2022-01-04 21:11:59','2022-01-04 21:11:59'),(2765,1,'en','plugins/ecommerce/products','form.restock_quantity','Restock quantity','2022-01-04 21:11:59','2022-01-04 21:11:59'),(2766,1,'en','plugins/ecommerce/products','form.remain','Remain','2022-01-04 21:11:59','2022-01-04 21:11:59'),(2767,1,'en','plugins/ecommerce/products','form.choose_discount_period','Choose Discount Period','2022-01-04 21:11:59','2022-01-04 21:11:59'),(2768,1,'en','plugins/ecommerce/products','form.cancel','Cancel','2022-01-04 21:12:00','2022-01-04 21:12:00'),(2769,1,'en','plugins/ecommerce/products','form.no_results','No results!','2022-01-04 21:12:00','2022-01-04 21:12:00'),(2770,1,'en','plugins/ecommerce/products','form.value','Value','2022-01-04 21:12:00','2022-01-04 21:12:00'),(2771,1,'en','plugins/ecommerce/products','form.attribute_name','Attribute name','2022-01-04 21:12:00','2022-01-04 21:12:00'),(2772,1,'en','plugins/ecommerce/products','form.add_more_attribute','Add more attribute','2022-01-04 21:12:00','2022-01-04 21:12:00'),(2773,1,'en','plugins/ecommerce/products','form.continue','Continue','2022-01-04 21:12:00','2022-01-04 21:12:00'),(2774,1,'en','plugins/ecommerce/products','form.add_new_attributes','Add new attributes','2022-01-04 21:12:00','2022-01-04 21:12:00'),(2775,1,'en','plugins/ecommerce/products','form.add_new_attributes_description','Adding new attributes helps the product to have many options, such as size or color.','2022-01-04 21:12:00','2022-01-04 21:12:00'),(2776,1,'en','plugins/ecommerce/products','form.create_product_variations',':link to create product variations!','2022-01-04 21:12:00','2022-01-04 21:12:00'),(2777,1,'en','plugins/ecommerce/products','form.tags','Tags','2022-01-04 21:12:00','2022-01-04 21:12:00'),(2778,1,'en','plugins/ecommerce/products','form.write_some_tags','Write some tags','2022-01-04 21:12:00','2022-01-04 21:12:00'),(2779,1,'en','plugins/ecommerce/products','form.variation_existed','This variation is existed.','2022-01-04 21:12:00','2022-01-04 21:12:00'),(2780,1,'en','plugins/ecommerce/products','form.no_attributes_selected','No attributes selected!','2022-01-04 21:12:00','2022-01-04 21:12:00'),(2781,1,'en','plugins/ecommerce/products','form.added_variation_success','Added variation successfully!','2022-01-04 21:12:00','2022-01-04 21:12:00'),(2782,1,'en','plugins/ecommerce/products','form.updated_variation_success','Updated variation successfully!','2022-01-04 21:12:00','2022-01-04 21:12:00'),(2783,1,'en','plugins/ecommerce/products','form.created_all_variation_success','Created all variations successfully!','2022-01-04 21:12:00','2022-01-04 21:12:00'),(2784,1,'en','plugins/ecommerce/products','form.updated_product_attributes_success','Updated product attributes successfully!','2022-01-04 21:12:00','2022-01-04 21:12:00'),(2785,1,'en','plugins/ecommerce/products','form.stock_status','Stock status','2022-01-04 21:12:00','2022-01-04 21:12:00'),(2786,1,'en','plugins/ecommerce/products','form.auto_generate_sku','Auto generate SKU?','2022-01-04 21:12:00','2022-01-04 21:12:00'),(2787,1,'en','plugins/ecommerce/products','form.featured_image','Featured image (optional)','2022-01-04 21:12:00','2022-01-04 21:12:00'),(2788,1,'en','plugins/ecommerce/products','price','Price','2022-01-04 21:12:00','2022-01-04 21:12:00'),(2789,1,'en','plugins/ecommerce/products','quantity','Quantity','2022-01-04 21:12:00','2022-01-04 21:12:00'),(2790,1,'en','plugins/ecommerce/products','type','Type','2022-01-04 21:12:00','2022-01-04 21:12:00'),(2791,1,'en','plugins/ecommerce/products','image','Thumbnail','2022-01-04 21:12:00','2022-01-04 21:12:00'),(2792,1,'en','plugins/ecommerce/products','sku','SKU','2022-01-04 21:12:00','2022-01-04 21:12:00'),(2793,1,'en','plugins/ecommerce/products','brand','Brand','2022-01-04 21:12:00','2022-01-04 21:12:00'),(2794,1,'en','plugins/ecommerce/products','cannot_delete','Product could not be deleted','2022-01-04 21:12:00','2022-01-04 21:12:00'),(2795,1,'en','plugins/ecommerce/products','product_deleted','Product deleted','2022-01-04 21:12:00','2022-01-04 21:12:00'),(2796,1,'en','plugins/ecommerce/products','product_collections','Product collections','2022-01-04 21:12:00','2022-01-04 21:12:00'),(2797,1,'en','plugins/ecommerce/products','products','Products','2022-01-04 21:12:00','2022-01-04 21:12:00'),(2798,1,'en','plugins/ecommerce/products','menu','Products','2022-01-04 21:12:00','2022-01-04 21:12:00'),(2799,1,'en','plugins/ecommerce/products','control.button_add_image','Add image','2022-01-04 21:12:00','2022-01-04 21:12:00'),(2800,1,'en','plugins/ecommerce/products','price_sale','Sale price','2022-01-04 21:12:00','2022-01-04 21:12:00'),(2801,1,'en','plugins/ecommerce/products','price_group_title','Manager product price','2022-01-04 21:12:00','2022-01-04 21:12:00'),(2802,1,'en','plugins/ecommerce/products','store_house_group_title','Manager store house','2022-01-04 21:12:00','2022-01-04 21:12:00'),(2803,1,'en','plugins/ecommerce/products','shipping_group_title','Manager shipping','2022-01-04 21:12:00','2022-01-04 21:12:00'),(2804,1,'en','plugins/ecommerce/products','overview','Overview','2022-01-04 21:12:00','2022-01-04 21:12:00'),(2805,1,'en','plugins/ecommerce/products','attributes','Attributes','2022-01-04 21:12:00','2022-01-04 21:12:00'),(2806,1,'en','plugins/ecommerce/products','product_has_variations','Product has variations','2022-01-04 21:12:00','2022-01-04 21:12:00'),(2807,1,'en','plugins/ecommerce/products','manage_products','Manage products','2022-01-04 21:12:00','2022-01-04 21:12:00'),(2808,1,'en','plugins/ecommerce/products','add_new_product','Add a new product','2022-01-04 21:12:00','2022-01-04 21:12:00'),(2809,1,'en','plugins/ecommerce/products','start_by_adding_new_product','Start by adding new products.','2022-01-04 21:12:00','2022-01-04 21:12:00'),(2810,1,'en','plugins/ecommerce/products','edit_this_product','Edit this product','2022-01-04 21:12:00','2022-01-04 21:12:00'),(2811,1,'en','plugins/ecommerce/products','delete','Delete','2022-01-04 21:12:00','2022-01-04 21:12:00'),(2812,1,'en','plugins/ecommerce/products','related_products','Related products','2022-01-04 21:12:00','2022-01-04 21:12:00'),(2813,1,'en','plugins/ecommerce/products','cross_selling_products','Cross-selling products','2022-01-04 21:12:00','2022-01-04 21:12:00'),(2814,1,'en','plugins/ecommerce/products','up_selling_products','Up-selling products','2022-01-04 21:12:00','2022-01-04 21:12:00'),(2815,1,'en','plugins/ecommerce/products','grouped_products','Grouped products','2022-01-04 21:12:00','2022-01-04 21:12:00'),(2816,1,'en','plugins/ecommerce/products','search_products','Search products','2022-01-04 21:12:00','2022-01-04 21:12:00'),(2817,1,'en','plugins/ecommerce/products','selected_products','Selected products','2022-01-04 21:12:00','2022-01-04 21:12:00'),(2818,1,'en','plugins/ecommerce/products','edit_variation_item','Edit','2022-01-04 21:12:00','2022-01-04 21:12:00'),(2819,1,'en','plugins/ecommerce/products','variations_box_description','Click on \"Edit attribute\" to add/remove attributes of variation or click on \"Add new variation\" to add variation.','2022-01-04 21:12:00','2022-01-04 21:12:00'),(2820,1,'en','plugins/ecommerce/products','save_changes','Save changes','2022-01-04 21:12:00','2022-01-04 21:12:00'),(2821,1,'en','plugins/ecommerce/products','continue','Continue','2022-01-04 21:12:00','2022-01-04 21:12:00'),(2822,1,'en','plugins/ecommerce/products','edit_attribute','Edit attribute','2022-01-04 21:12:00','2022-01-04 21:12:00'),(2823,1,'en','plugins/ecommerce/products','select_attribute','Select attribute','2022-01-04 21:12:00','2022-01-04 21:12:00'),(2824,1,'en','plugins/ecommerce/products','add_new_variation','Add new variation','2022-01-04 21:12:00','2022-01-04 21:12:00'),(2825,1,'en','plugins/ecommerce/products','edit_variation','Edit variation','2022-01-04 21:12:00','2022-01-04 21:12:00'),(2826,1,'en','plugins/ecommerce/products','generate_all_variations','Generate all variations','2022-01-04 21:12:00','2022-01-04 21:12:00'),(2827,1,'en','plugins/ecommerce/products','generate_all_variations_confirmation','Are you sure you want to generate all variations for this product?','2022-01-04 21:12:00','2022-01-04 21:12:00'),(2828,1,'en','plugins/ecommerce/products','delete_variation','Delete variation?','2022-01-04 21:12:00','2022-01-04 21:12:00'),(2829,1,'en','plugins/ecommerce/products','delete_variation_confirmation','Are you sure you want to delete this variation? This action cannot be undo.','2022-01-04 21:12:00','2022-01-04 21:12:00'),(2830,1,'en','plugins/ecommerce/products','delete_variations_confirmation','Are you sure you want to delete those variations? This action cannot be undo.','2022-01-04 21:12:00','2022-01-04 21:12:00'),(2831,1,'en','plugins/ecommerce/products','product_create_validate_name_required','Please enter product\'s name','2022-01-04 21:12:00','2022-01-04 21:12:00'),(2832,1,'en','plugins/ecommerce/products','product_create_validate_sale_price_max','The discount must be less than the original price','2022-01-04 21:12:00','2022-01-04 21:12:00'),(2833,1,'en','plugins/ecommerce/products','product_create_validate_sale_price_required_if','Must enter a discount when you want to schedule a promotion','2022-01-04 21:12:00','2022-01-04 21:12:00'),(2834,1,'en','plugins/ecommerce/products','product_create_validate_end_date_after','End date must be after start date','2022-01-04 21:12:00','2022-01-04 21:12:00'),(2835,1,'en','plugins/ecommerce/products','product_create_validate_start_date_required_if','Discount start date cannot be left blank when scheduling is selected','2022-01-04 21:12:00','2022-01-04 21:12:00'),(2836,1,'en','plugins/ecommerce/products','product_create_validate_sale_price','Discounts cannot be left blank when scheduling is selected','2022-01-04 21:12:00','2022-01-04 21:12:00'),(2837,1,'en','plugins/ecommerce/products','stock_statuses.in_stock','In stock','2022-01-04 21:12:00','2022-01-04 21:12:00'),(2838,1,'en','plugins/ecommerce/products','stock_statuses.out_of_stock','Out of stock','2022-01-04 21:12:00','2022-01-04 21:12:00'),(2839,1,'en','plugins/ecommerce/products','stock_statuses.on_backorder','On backorder','2022-01-04 21:12:00','2022-01-04 21:12:00'),(2840,1,'en','plugins/ecommerce/products','stock_status','Stock status','2022-01-04 21:12:00','2022-01-04 21:12:00'),(2841,1,'en','plugins/ecommerce/products','processing','Processing...','2022-01-04 21:12:00','2022-01-04 21:12:00'),(2842,1,'en','plugins/ecommerce/products','delete_selected_variations','Delete selected variations','2022-01-04 21:12:00','2022-01-04 21:12:00'),(2843,1,'en','plugins/ecommerce/products','delete_variations','Delete variations','2022-01-04 21:12:00','2022-01-04 21:12:00'),(2844,1,'en','plugins/ecommerce/products','category','Category','2022-01-04 21:12:00','2022-01-04 21:12:00'),(2845,1,'en','plugins/ecommerce/reports','name','Report','2022-01-04 21:12:00','2022-01-04 21:12:00'),(2846,1,'en','plugins/ecommerce/reports','widget.order.title','Orders','2022-01-04 21:12:00','2022-01-04 21:12:00'),(2847,1,'en','plugins/ecommerce/reports','count.revenue','Today revenue','2022-01-04 21:12:00','2022-01-04 21:12:00'),(2848,1,'en','plugins/ecommerce/reports','count.orders','Today orders','2022-01-04 21:12:00','2022-01-04 21:12:00'),(2849,1,'en','plugins/ecommerce/reports','count.products','Total products','2022-01-04 21:12:00','2022-01-04 21:12:00'),(2850,1,'en','plugins/ecommerce/reports','count.customers','Total customers','2022-01-04 21:12:00','2022-01-04 21:12:00'),(2851,1,'en','plugins/ecommerce/reports','product_name','Product name','2022-01-04 21:12:00','2022-01-04 21:12:00'),(2852,1,'en','plugins/ecommerce/reports','quantity','Quantity','2022-01-04 21:12:00','2022-01-04 21:12:00'),(2853,1,'en','plugins/ecommerce/reports','revenue_statistics','Revenue statistics','2022-01-04 21:12:00','2022-01-04 21:12:00'),(2854,1,'en','plugins/ecommerce/reports','top_selling_products','Top Selling Products','2022-01-04 21:12:00','2022-01-04 21:12:00'),(2855,1,'en','plugins/ecommerce/reports','ranges.today','Today','2022-01-04 21:12:00','2022-01-04 21:12:00'),(2856,1,'en','plugins/ecommerce/reports','ranges.this_week','This week','2022-01-04 21:12:00','2022-01-04 21:12:00'),(2857,1,'en','plugins/ecommerce/reports','ranges.last_7_days','Last 7 days','2022-01-04 21:12:00','2022-01-04 21:12:00'),(2858,1,'en','plugins/ecommerce/reports','ranges.last_30_days','Last 30 days','2022-01-04 21:12:00','2022-01-04 21:12:00'),(2859,1,'en','plugins/ecommerce/reports','ranges.this_month','This month','2022-01-04 21:12:00','2022-01-04 21:12:00'),(2860,1,'en','plugins/ecommerce/reports','ranges.this_year','This year','2022-01-04 21:12:00','2022-01-04 21:12:00'),(2861,1,'en','plugins/ecommerce/reports','revenue_this_month','Revenue this month','2022-01-04 21:12:00','2022-01-04 21:12:00'),(2862,1,'en','plugins/ecommerce/reports','order_processing_this_month','order(s) processing in this month','2022-01-04 21:12:00','2022-01-04 21:12:00'),(2863,1,'en','plugins/ecommerce/reports','order_completed_this_month','order(s) completed in this month','2022-01-04 21:12:00','2022-01-04 21:12:00'),(2864,1,'en','plugins/ecommerce/reports','product_will_be_out_of_stock','product(s) will be out of stock soon','2022-01-04 21:12:00','2022-01-04 21:12:00'),(2865,1,'en','plugins/ecommerce/reports','product_out_of_stock','product(s) out of stock','2022-01-04 21:12:00','2022-01-04 21:12:00'),(2866,1,'en','plugins/ecommerce/reports','sales_reports','Sales Reports','2022-01-04 21:12:00','2022-01-04 21:12:00'),(2867,1,'en','plugins/ecommerce/reports','total_earnings','Total Earnings','2022-01-04 21:12:00','2022-01-04 21:12:00'),(2868,1,'en','plugins/ecommerce/reports','recent_orders','Recent Orders','2022-01-04 21:12:00','2022-01-04 21:12:00'),(2869,1,'en','plugins/ecommerce/reports','statistics','Statistics','2022-01-04 21:12:00','2022-01-04 21:12:00'),(2870,1,'en','plugins/ecommerce/reports','items_earning_sales','Items Earning Sales: :value','2022-01-04 21:12:00','2022-01-04 21:12:00'),(2871,1,'en','plugins/ecommerce/reports','revenue','Revenue','2022-01-04 21:12:00','2022-01-04 21:12:00'),(2872,1,'en','plugins/ecommerce/reports','orders','Orders','2022-01-04 21:12:00','2022-01-04 21:12:00'),(2873,1,'en','plugins/ecommerce/reports','products','Products','2022-01-04 21:12:00','2022-01-04 21:12:00'),(2874,1,'en','plugins/ecommerce/reports','customers','Customers','2022-01-04 21:12:00','2022-01-04 21:12:00'),(2875,1,'en','plugins/ecommerce/reports','earnings','Earnings','2022-01-04 21:12:00','2022-01-04 21:12:00'),(2876,1,'en','plugins/ecommerce/reports','date_range_format_value','From :from to :to','2022-01-04 21:12:00','2022-01-04 21:12:00'),(2877,1,'en','plugins/ecommerce/reports','select_range','Select Range','2022-01-04 21:12:00','2022-01-04 21:12:00'),(2878,1,'en','plugins/ecommerce/review','name','Reviews','2022-01-04 21:12:00','2022-01-04 21:12:00'),(2879,1,'en','plugins/ecommerce/review','add_review','Add review','2022-01-04 21:12:00','2022-01-04 21:12:00'),(2880,1,'en','plugins/ecommerce/review','delete_review','Delete review','2022-01-04 21:12:00','2022-01-04 21:12:00'),(2881,1,'en','plugins/ecommerce/review','create_review','Create Review','2022-01-04 21:12:00','2022-01-04 21:12:00'),(2882,1,'en','plugins/ecommerce/review','please_select_rating','Please select rating','2022-01-04 21:12:00','2022-01-04 21:12:00'),(2883,1,'en','plugins/ecommerce/review','comment','Comment','2022-01-04 21:12:00','2022-01-04 21:12:00'),(2884,1,'en','plugins/ecommerce/review','approve','Approve','2022-01-04 21:12:00','2022-01-04 21:12:00'),(2885,1,'en','plugins/ecommerce/review','approved','Approved','2022-01-04 21:12:00','2022-01-04 21:12:00'),(2886,1,'en','plugins/ecommerce/review','disapprove','Disapprove','2022-01-04 21:12:00','2022-01-04 21:12:00'),(2887,1,'en','plugins/ecommerce/review','disapproved','Disapproved','2022-01-04 21:12:00','2022-01-04 21:12:00'),(2888,1,'en','plugins/ecommerce/review','product','Product','2022-01-04 21:12:00','2022-01-04 21:12:00'),(2889,1,'en','plugins/ecommerce/review','user','User','2022-01-04 21:12:00','2022-01-04 21:12:00'),(2890,1,'en','plugins/ecommerce/review','star','Star','2022-01-04 21:12:00','2022-01-04 21:12:00'),(2891,1,'en','plugins/ecommerce/review','status','Status','2022-01-04 21:12:00','2022-01-04 21:12:00'),(2892,1,'en','plugins/ecommerce/review','list_review','Customer reviews','2022-01-04 21:12:00','2022-01-04 21:12:00'),(2893,1,'en','plugins/ecommerce/review','intro.title','Manage customer reviews','2022-01-04 21:12:00','2022-01-04 21:12:00'),(2894,1,'en','plugins/ecommerce/review','intro.description','Customer reviews will be shown here and you can manage it to show/hide in product detail page.','2022-01-04 21:12:00','2022-01-04 21:12:00'),(2895,1,'en','plugins/ecommerce/review','images','Images','2022-01-04 21:12:00','2022-01-04 21:12:00'),(2896,1,'en','plugins/ecommerce/shipping','name','Shipping Rules','2022-01-04 21:12:00','2022-01-04 21:12:00'),(2897,1,'en','plugins/ecommerce/shipping','shipping','Shipping','2022-01-04 21:12:00','2022-01-04 21:12:00'),(2898,1,'en','plugins/ecommerce/shipping','title','Title','2022-01-04 21:12:00','2022-01-04 21:12:00'),(2899,1,'en','plugins/ecommerce/shipping','amount','Amount','2022-01-04 21:12:00','2022-01-04 21:12:00'),(2900,1,'en','plugins/ecommerce/shipping','enable','Enable','2022-01-04 21:12:00','2022-01-04 21:12:00'),(2901,1,'en','plugins/ecommerce/shipping','enabled','Enabled','2022-01-04 21:12:00','2022-01-04 21:12:00'),(2902,1,'en','plugins/ecommerce/shipping','disable','Disable','2022-01-04 21:12:00','2022-01-04 21:12:00'),(2903,1,'en','plugins/ecommerce/shipping','disabled','Disabled','2022-01-04 21:12:00','2022-01-04 21:12:00'),(2904,1,'en','plugins/ecommerce/shipping','create_shipping','Create a shipping','2022-01-04 21:12:00','2022-01-04 21:12:00'),(2905,1,'en','plugins/ecommerce/shipping','edit_shipping','Edit shipping :code','2022-01-04 21:12:00','2022-01-04 21:12:00'),(2906,1,'en','plugins/ecommerce/shipping','status','Status','2022-01-04 21:12:00','2022-01-04 21:12:00'),(2907,1,'en','plugins/ecommerce/shipping','shipping_methods','Shipping methods','2022-01-04 21:12:00','2022-01-04 21:12:00'),(2908,1,'en','plugins/ecommerce/shipping','create_shipping_method','Create shipping method','2022-01-04 21:12:00','2022-01-04 21:12:00'),(2909,1,'en','plugins/ecommerce/shipping','edit_shipping_method','Edit shipping method','2022-01-04 21:12:00','2022-01-04 21:12:00'),(2910,1,'en','plugins/ecommerce/shipping','add_shipping_region','Add shipping region','2022-01-04 21:12:00','2022-01-04 21:12:00'),(2911,1,'en','plugins/ecommerce/shipping','country','Country','2022-01-04 21:12:00','2022-01-04 21:12:00'),(2912,1,'en','plugins/ecommerce/shipping','state','State','2022-01-04 21:12:00','2022-01-04 21:12:00'),(2913,1,'en','plugins/ecommerce/shipping','city','City','2022-01-04 21:12:00','2022-01-04 21:12:00'),(2914,1,'en','plugins/ecommerce/shipping','address','Address','2022-01-04 21:12:00','2022-01-04 21:12:00'),(2915,1,'en','plugins/ecommerce/shipping','phone','Phone','2022-01-04 21:12:00','2022-01-04 21:12:00'),(2916,1,'en','plugins/ecommerce/shipping','email','Email','2022-01-04 21:12:00','2022-01-04 21:12:00'),(2917,1,'en','plugins/ecommerce/shipping','zip_code','Zip code','2022-01-04 21:12:00','2022-01-04 21:12:00'),(2918,1,'en','plugins/ecommerce/shipping','methods.default','Default','2022-01-04 21:12:00','2022-01-04 21:12:00'),(2919,1,'en','plugins/ecommerce/shipping','statuses.not_approved','Not approved','2022-01-04 21:12:00','2022-01-04 21:12:00'),(2920,1,'en','plugins/ecommerce/shipping','statuses.approved','Approved','2022-01-04 21:12:00','2022-01-04 21:12:00'),(2921,1,'en','plugins/ecommerce/shipping','statuses.picking','Picking','2022-01-04 21:12:00','2022-01-04 21:12:00'),(2922,1,'en','plugins/ecommerce/shipping','statuses.delay_picking','Delay picking','2022-01-04 21:12:00','2022-01-04 21:12:00'),(2923,1,'en','plugins/ecommerce/shipping','statuses.picked','Picked','2022-01-04 21:12:00','2022-01-04 21:12:00'),(2924,1,'en','plugins/ecommerce/shipping','statuses.not_picked','Not picked','2022-01-04 21:12:00','2022-01-04 21:12:00'),(2925,1,'en','plugins/ecommerce/shipping','statuses.delivering','Delivering','2022-01-04 21:12:00','2022-01-04 21:12:00'),(2926,1,'en','plugins/ecommerce/shipping','statuses.delivered','Delivered','2022-01-04 21:12:00','2022-01-04 21:12:00'),(2927,1,'en','plugins/ecommerce/shipping','statuses.not_delivered','Not delivered','2022-01-04 21:12:00','2022-01-04 21:12:00'),(2928,1,'en','plugins/ecommerce/shipping','statuses.audited','Audited','2022-01-04 21:12:00','2022-01-04 21:12:00'),(2929,1,'en','plugins/ecommerce/shipping','statuses.canceled','Canceled','2022-01-04 21:12:00','2022-01-04 21:12:00'),(2930,1,'en','plugins/ecommerce/shipping','cod_statuses.pending','Pending','2022-01-04 21:12:00','2022-01-04 21:12:00'),(2931,1,'en','plugins/ecommerce/shipping','cod_statuses.completed','Completed','2022-01-04 21:12:00','2022-01-04 21:12:00'),(2932,1,'en','plugins/ecommerce/shipping','delete','Delete','2022-01-04 21:12:00','2022-01-04 21:12:00'),(2933,1,'en','plugins/ecommerce/shipping','shipping_rules','Shipping Rules','2022-01-04 21:12:00','2022-01-04 21:12:00'),(2934,1,'en','plugins/ecommerce/shipping','shipping_rules_description','Rules to calculate shipping fee.','2022-01-04 21:12:00','2022-01-04 21:12:00'),(2935,1,'en','plugins/ecommerce/shipping','select_country','Select country','2022-01-04 21:12:00','2022-01-04 21:12:00'),(2936,1,'en','plugins/ecommerce/shipping','add_shipping_rule','Add shipping rule','2022-01-04 21:12:00','2022-01-04 21:12:00'),(2937,1,'en','plugins/ecommerce/shipping','delete_shipping_rate','Delete shipping rate for area','2022-01-04 21:12:00','2022-01-04 21:12:00'),(2938,1,'en','plugins/ecommerce/shipping','delete_shipping_rate_confirmation','Are you sure you want to delete <strong class=\"region-price-item-label\"></strong> from this shipping area?','2022-01-04 21:12:00','2022-01-04 21:12:00'),(2939,1,'en','plugins/ecommerce/shipping','delete_shipping_area','Delete shipping area','2022-01-04 21:12:00','2022-01-04 21:12:00'),(2940,1,'en','plugins/ecommerce/shipping','delete_shipping_area_confirmation','Are you sure you want to delete shipping area <strong class=\"region-item-label\"></strong>?','2022-01-04 21:12:00','2022-01-04 21:12:00'),(2941,1,'en','plugins/ecommerce/shipping','add_shipping_fee_for_area','Add shipping fee for area','2022-01-04 21:12:00','2022-01-04 21:12:00'),(2942,1,'en','plugins/ecommerce/shipping','confirm','Confirm','2022-01-04 21:12:00','2022-01-04 21:12:00'),(2943,1,'en','plugins/ecommerce/shipping','save','Save','2022-01-04 21:12:00','2022-01-04 21:12:00'),(2944,1,'en','plugins/ecommerce/shipping','greater_than','Greater than','2022-01-04 21:12:00','2022-01-04 21:12:00'),(2945,1,'en','plugins/ecommerce/shipping','type','Type','2022-01-04 21:12:00','2022-01-04 21:12:00'),(2946,1,'en','plugins/ecommerce/shipping','shipping_rule_name','Name of shipping rule','2022-01-04 21:12:00','2022-01-04 21:12:00'),(2947,1,'en','plugins/ecommerce/shipping','shipping_fee','Shipping fee','2022-01-04 21:12:00','2022-01-04 21:12:00'),(2948,1,'en','plugins/ecommerce/shipping','cancel','Cancel','2022-01-04 21:12:00','2022-01-04 21:12:00'),(2949,1,'en','plugins/ecommerce/shipping','base_on_weight','Based on product\'s weight (:unit)','2022-01-04 21:12:00','2022-01-04 21:12:00'),(2950,1,'en','plugins/ecommerce/shipping','base_on_price','Based on product\'s price','2022-01-04 21:12:00','2022-01-04 21:12:00'),(2951,1,'en','plugins/ecommerce/shipping','shipment_canceled','Shipment was canceled','2022-01-04 21:12:00','2022-01-04 21:12:00'),(2952,1,'en','plugins/ecommerce/shipping','at','At','2022-01-04 21:12:00','2022-01-04 21:12:00'),(2953,1,'en','plugins/ecommerce/shipping','cash_on_delivery','Cash on delivery (COD)','2022-01-04 21:12:00','2022-01-04 21:12:00'),(2954,1,'en','plugins/ecommerce/shipping','update_shipping_status','Update shipping status','2022-01-04 21:12:00','2022-01-04 21:12:00'),(2955,1,'en','plugins/ecommerce/shipping','update_cod_status','Update COD status','2022-01-04 21:12:00','2022-01-04 21:12:00'),(2956,1,'en','plugins/ecommerce/shipping','history','History','2022-01-04 21:12:00','2022-01-04 21:12:00'),(2957,1,'en','plugins/ecommerce/shipping','shipment_information','Shipment information','2022-01-04 21:12:00','2022-01-04 21:12:00'),(2958,1,'en','plugins/ecommerce/shipping','order_number','Order number','2022-01-04 21:12:00','2022-01-04 21:12:00'),(2959,1,'en','plugins/ecommerce/shipping','shipping_method','Shipping method','2022-01-04 21:12:00','2022-01-04 21:12:00'),(2960,1,'en','plugins/ecommerce/shipping','select_shipping_method','Select shipping method','2022-01-04 21:12:00','2022-01-04 21:12:00'),(2961,1,'en','plugins/ecommerce/shipping','cod_status','COD status','2022-01-04 21:12:00','2022-01-04 21:12:00'),(2962,1,'en','plugins/ecommerce/shipping','shipping_status','Shipping status','2022-01-04 21:12:00','2022-01-04 21:12:00'),(2963,1,'en','plugins/ecommerce/shipping','customer_information','Customer information','2022-01-04 21:12:00','2022-01-04 21:12:00'),(2964,1,'en','plugins/ecommerce/shipping','sku','SKU','2022-01-04 21:12:00','2022-01-04 21:12:00'),(2965,1,'en','plugins/ecommerce/shipping','change_status_confirm_title','Confirm <span class=\"shipment-status-label\"></span> ?','2022-01-04 21:12:01','2022-01-04 21:12:01'),(2966,1,'en','plugins/ecommerce/shipping','change_status_confirm_description','Are you sure you want to confirm <span class=\"shipment-status-label\"></span> for this shipment?','2022-01-04 21:12:01','2022-01-04 21:12:01'),(2967,1,'en','plugins/ecommerce/shipping','accept','Accept','2022-01-04 21:12:01','2022-01-04 21:12:01'),(2968,1,'en','plugins/ecommerce/shipping','weight_unit','Weight (:unit)','2022-01-04 21:12:01','2022-01-04 21:12:01'),(2969,1,'en','plugins/ecommerce/shipping','updated_at','Last Update','2022-01-04 21:12:01','2022-01-04 21:12:01'),(2970,1,'en','plugins/ecommerce/shipping','cod_amount','Cash on delivery amount (COD)','2022-01-04 21:12:01','2022-01-04 21:12:01'),(2971,1,'en','plugins/ecommerce/shipping','cancel_shipping','Cancel shipping','2022-01-04 21:12:01','2022-01-04 21:12:01'),(2972,1,'en','plugins/ecommerce/shipping','shipping_address','Shipping address','2022-01-04 21:12:01','2022-01-04 21:12:01'),(2973,1,'en','plugins/ecommerce/shipping','packages','Packages','2022-01-04 21:12:01','2022-01-04 21:12:01'),(2974,1,'en','plugins/ecommerce/shipping','edit','Edit','2022-01-04 21:12:01','2022-01-04 21:12:01'),(2975,1,'en','plugins/ecommerce/shipping','fee','Fee','2022-01-04 21:12:01','2022-01-04 21:12:01'),(2976,1,'en','plugins/ecommerce/shipping','note','Note','2022-01-04 21:12:01','2022-01-04 21:12:01'),(2977,1,'en','plugins/ecommerce/shipping','finish','Finish','2022-01-04 21:12:01','2022-01-04 21:12:01'),(2978,1,'en','plugins/ecommerce/shipping','shipping_fee_cod','Shipping fee/COD','2022-01-04 21:12:01','2022-01-04 21:12:01'),(2979,1,'en','plugins/ecommerce/shipping','send_confirmation_email_to_customer','Send confirmation email to customer','2022-01-04 21:12:01','2022-01-04 21:12:01'),(2980,1,'en','plugins/ecommerce/shipping','form_name','Name','2022-01-04 21:12:01','2022-01-04 21:12:01'),(2981,1,'en','plugins/ecommerce/shipping','changed_shipping_status','Changed status of shipping to : :status . Updated by: %user_name%','2022-01-04 21:12:01','2022-01-04 21:12:01'),(2982,1,'en','plugins/ecommerce/shipping','order_confirmed_by','Order confirmed by %user_name%','2022-01-04 21:12:01','2022-01-04 21:12:01'),(2983,1,'en','plugins/ecommerce/shipping','shipping_canceled_by','Shipping is cancelled by %user_name%','2022-01-04 21:12:01','2022-01-04 21:12:01'),(2984,1,'en','plugins/ecommerce/shipping','update_shipping_status_success','Update shipping status successfully!','2022-01-04 21:12:01','2022-01-04 21:12:01'),(2985,1,'en','plugins/ecommerce/shipping','update_cod_status_success','Updated COD status of shipping successfully!','2022-01-04 21:12:01','2022-01-04 21:12:01'),(2986,1,'en','plugins/ecommerce/shipping','updated_cod_status_by','Updated COD status to :status . Updated by: %user_name%','2022-01-04 21:12:01','2022-01-04 21:12:01'),(2987,1,'en','plugins/ecommerce/shipping','all','All','2022-01-04 21:12:01','2022-01-04 21:12:01'),(2988,1,'en','plugins/ecommerce/shipping','error_when_adding_new_region','There is an error when adding new region!','2022-01-04 21:12:01','2022-01-04 21:12:01'),(2989,1,'en','plugins/ecommerce/shipping','delivery','Delivery','2022-01-04 21:12:01','2022-01-04 21:12:01'),(2990,1,'en','plugins/ecommerce/shipping','adjustment_price_of','Adjustment price of :key','2022-01-04 21:12:01','2022-01-04 21:12:01'),(2991,1,'en','plugins/ecommerce/shipping','warehouse','Warehouse','2022-01-04 21:12:01','2022-01-04 21:12:01'),(2992,1,'en','plugins/ecommerce/shipping','delivery_note','Delivery note','2022-01-04 21:12:01','2022-01-04 21:12:01'),(2993,1,'en','plugins/ecommerce/shipping','shipments','Shipments','2022-01-04 21:12:01','2022-01-04 21:12:01'),(2994,1,'en','plugins/ecommerce/shipping','order_id','Order ID','2022-01-04 21:12:01','2022-01-04 21:12:01'),(2995,1,'en','plugins/ecommerce/shipping','not_available','Not available','2022-01-04 21:12:01','2022-01-04 21:12:01'),(2996,1,'en','plugins/ecommerce/shipping','shipping_amount','Shipping Amount','2022-01-04 21:12:01','2022-01-04 21:12:01'),(2997,1,'en','plugins/ecommerce/shipping','additional_shipment_information','Additional shipment information','2022-01-04 21:12:01','2022-01-04 21:12:01'),(2998,1,'en','plugins/ecommerce/shipping','shipping_company_name','Shipping Company Name','2022-01-04 21:12:01','2022-01-04 21:12:01'),(2999,1,'en','plugins/ecommerce/shipping','tracking_id','Tracking ID','2022-01-04 21:12:01','2022-01-04 21:12:01'),(3000,1,'en','plugins/ecommerce/shipping','tracking_link','Tracking Link','2022-01-04 21:12:01','2022-01-04 21:12:01'),(3001,1,'en','plugins/ecommerce/shipping','estimate_date_shipped','Estimate Date Shipped','2022-01-04 21:12:01','2022-01-04 21:12:01'),(3002,1,'en','plugins/ecommerce/shipping','date_shipped','Date Shipped','2022-01-04 21:12:01','2022-01-04 21:12:01'),(3003,1,'en','plugins/ecommerce/shipping','add_note','Add note...','2022-01-04 21:12:01','2022-01-04 21:12:01'),(3004,1,'en','plugins/ecommerce/shipping','view_order','View Order :order_id','2022-01-04 21:12:01','2022-01-04 21:12:01'),(3005,1,'en','plugins/ecommerce/store-locator','name','Store locators','2022-01-04 21:12:01','2022-01-04 21:12:01'),(3006,1,'en','plugins/ecommerce/store-locator','description','This address will appear on your invoice and will be used to calculate your shipping price.','2022-01-04 21:12:01','2022-01-04 21:12:01'),(3007,1,'en','plugins/ecommerce/store-locator','shop_name','Shop name','2022-01-04 21:12:01','2022-01-04 21:12:01'),(3008,1,'en','plugins/ecommerce/store-locator','phone','Phone','2022-01-04 21:12:01','2022-01-04 21:12:01'),(3009,1,'en','plugins/ecommerce/store-locator','email','Email','2022-01-04 21:12:01','2022-01-04 21:12:01'),(3010,1,'en','plugins/ecommerce/store-locator','state','State','2022-01-04 21:12:01','2022-01-04 21:12:01'),(3011,1,'en','plugins/ecommerce/store-locator','city','City','2022-01-04 21:12:01','2022-01-04 21:12:01'),(3012,1,'en','plugins/ecommerce/store-locator','country','Country','2022-01-04 21:12:01','2022-01-04 21:12:01'),(3013,1,'en','plugins/ecommerce/store-locator','address','Address','2022-01-04 21:12:01','2022-01-04 21:12:01'),(3014,1,'en','plugins/ecommerce/store-locator','primary_store_is','Primary store is','2022-01-04 21:12:01','2022-01-04 21:12:01'),(3015,1,'en','plugins/ecommerce/store-locator','store_name','Store name','2022-01-04 21:12:01','2022-01-04 21:12:01'),(3016,1,'en','plugins/ecommerce/store-locator','select_country','Select country...','2022-01-04 21:12:01','2022-01-04 21:12:01'),(3017,1,'en','plugins/ecommerce/store-locator','default_shipping_location','Default shipping location','2022-01-04 21:12:01','2022-01-04 21:12:01'),(3018,1,'en','plugins/ecommerce/store-locator','default_store','Default store','2022-01-04 21:12:01','2022-01-04 21:12:01'),(3019,1,'en','plugins/ecommerce/tax','name','Taxes','2022-01-04 21:12:01','2022-01-04 21:12:01'),(3020,1,'en','plugins/ecommerce/tax','create','Create a tax','2022-01-04 21:12:01','2022-01-04 21:12:01'),(3021,1,'en','plugins/ecommerce/tax','edit','Edit tax :title','2022-01-04 21:12:01','2022-01-04 21:12:01'),(3022,1,'en','plugins/ecommerce/tax','title','Title','2022-01-04 21:12:01','2022-01-04 21:12:01'),(3023,1,'en','plugins/ecommerce/tax','percentage','Percentage %','2022-01-04 21:12:01','2022-01-04 21:12:01'),(3024,1,'en','plugins/ecommerce/tax','priority','Priority','2022-01-04 21:12:01','2022-01-04 21:12:01'),(3025,1,'en','plugins/ecommerce/tax','select_tax','-- select --','2022-01-04 21:12:01','2022-01-04 21:12:01'),(3026,1,'vi','plugins/ecommerce/brands','name','Thương hiệu','2022-01-04 21:12:01','2022-01-04 21:12:01'),(3027,1,'vi','plugins/ecommerce/brands','create','Thêm thương hiệu mới','2022-01-04 21:12:01','2022-01-04 21:12:01'),(3028,1,'vi','plugins/ecommerce/brands','edit','Sửa thương hiệu','2022-01-04 21:12:01','2022-01-04 21:12:01'),(3029,1,'vi','plugins/ecommerce/brands','form.name','Tên','2022-01-04 21:12:01','2022-01-04 21:12:01'),(3030,1,'vi','plugins/ecommerce/brands','form.name_placeholder','Tên thương hiệu (tối đa 255 kí tự)','2022-01-04 21:12:01','2022-01-04 21:12:01'),(3031,1,'vi','plugins/ecommerce/brands','form.description','Mô tả','2022-01-04 21:12:01','2022-01-04 21:12:01'),(3032,1,'vi','plugins/ecommerce/brands','form.description_placeholder','Mô tả ngắn cho thương hiệu này (tối đa 400 kí tự)','2022-01-04 21:12:01','2022-01-04 21:12:01'),(3033,1,'vi','plugins/ecommerce/brands','form.website','Website','2022-01-04 21:12:01','2022-01-04 21:12:01'),(3034,1,'vi','plugins/ecommerce/brands','form.logo','Logo','2022-01-04 21:12:01','2022-01-04 21:12:01'),(3035,1,'vi','plugins/ecommerce/brands','form.is_featured','Nổi bật?','2022-01-04 21:12:01','2022-01-04 21:12:01'),(3036,1,'vi','plugins/ecommerce/brands','logo','Logo','2022-01-04 21:12:01','2022-01-04 21:12:01'),(3037,1,'vi','plugins/ecommerce/brands','website','Website','2022-01-04 21:12:01','2022-01-04 21:12:01'),(3038,1,'vi','plugins/ecommerce/brands','notices.no_select','Không có bản ghi nào được chọn!','2022-01-04 21:12:01','2022-01-04 21:12:01'),(3039,1,'vi','plugins/ecommerce/brands','notices.update_success_message','Cập nhật thành công','2022-01-04 21:12:01','2022-01-04 21:12:01'),(3040,1,'vi','plugins/ecommerce/brands','cannot_delete','Xoá không thành công','2022-01-04 21:12:01','2022-01-04 21:12:01'),(3041,1,'vi','plugins/ecommerce/brands','brand_deleted','Xoá thương hiệu thành công','2022-01-04 21:12:01','2022-01-04 21:12:01'),(3042,1,'vi','plugins/ecommerce/brands','menu','Thương hiệu','2022-01-04 21:12:01','2022-01-04 21:12:01'),(3043,1,'vi','plugins/ecommerce/brands','intro.title','Quản lý danh sách thương hiệu','2022-01-04 21:12:01','2022-01-04 21:12:01'),(3044,1,'vi','plugins/ecommerce/brands','intro.description','Các thương hiệu của sản phẩm như Nike, Adidas, Bitis ...','2022-01-04 21:12:01','2022-01-04 21:12:01'),(3045,1,'vi','plugins/ecommerce/brands','intro.button_text','Tạo thương hiệu','2022-01-04 21:12:01','2022-01-04 21:12:01'),(3046,1,'vi','plugins/ecommerce/brands','no_brand','Không có thương hiệu','2022-01-04 21:12:01','2022-01-04 21:12:01'),(3047,1,'vi','plugins/ecommerce/currencies','name','Tiền tệ','2022-01-04 21:12:01','2022-01-04 21:12:01'),(3048,1,'vi','plugins/ecommerce/currencies','create','Thêm loại tiền tệ mới','2022-01-04 21:12:01','2022-01-04 21:12:01'),(3049,1,'vi','plugins/ecommerce/currencies','edit','Sửa tiền tệ','2022-01-04 21:12:01','2022-01-04 21:12:01'),(3050,1,'vi','plugins/ecommerce/currencies','list','Danh sách tiền tệ','2022-01-04 21:12:01','2022-01-04 21:12:01'),(3051,1,'vi','plugins/ecommerce/currencies','tables.title','Tên','2022-01-04 21:12:01','2022-01-04 21:12:01'),(3052,1,'vi','plugins/ecommerce/currencies','tables.code','Mã','2022-01-04 21:12:01','2022-01-04 21:12:01'),(3053,1,'vi','plugins/ecommerce/currencies','tables.symbol','Kí hiệu','2022-01-04 21:12:01','2022-01-04 21:12:01'),(3054,1,'vi','plugins/ecommerce/currencies','tables.is_prefix_symbol','Sử dụng ký hiệu trước số tiền','2022-01-04 21:12:01','2022-01-04 21:12:01'),(3055,1,'vi','plugins/ecommerce/currencies','tables.status','Trạng thái','2022-01-04 21:12:01','2022-01-04 21:12:01'),(3056,1,'vi','plugins/ecommerce/currencies','tables.order','Sắp xếp','2022-01-04 21:12:01','2022-01-04 21:12:01'),(3057,1,'vi','plugins/ecommerce/currencies','forms.title','Tiêu đề','2022-01-04 21:12:01','2022-01-04 21:12:01'),(3058,1,'vi','plugins/ecommerce/currencies','forms.code','Mã','2022-01-04 21:12:01','2022-01-04 21:12:01'),(3059,1,'vi','plugins/ecommerce/currencies','forms.symbol','Kí hiệu','2022-01-04 21:12:01','2022-01-04 21:12:01'),(3060,1,'vi','plugins/ecommerce/currencies','forms.is_prefix_symbol','Sử dụng ký hiệu trước số tiền','2022-01-04 21:12:01','2022-01-04 21:12:01'),(3061,1,'vi','plugins/ecommerce/currencies','forms.status','Trạng thái','2022-01-04 21:12:01','2022-01-04 21:12:01'),(3062,1,'vi','plugins/ecommerce/currencies','forms.order','Sắp xếp','2022-01-04 21:12:01','2022-01-04 21:12:01'),(3063,1,'vi','plugins/ecommerce/currencies','forms.decimals','Số kí tự sau dấu phân cách','2022-01-04 21:12:01','2022-01-04 21:12:01'),(3064,1,'vi','plugins/ecommerce/currencies','forms.activated','Đã kích hoạt','2022-01-04 21:12:01','2022-01-04 21:12:01'),(3065,1,'vi','plugins/ecommerce/currencies','forms.deactivated','Đã bị huỷ kích hoạt','2022-01-04 21:12:01','2022-01-04 21:12:01'),(3066,1,'vi','plugins/ecommerce/currencies','forms.yes','Có','2022-01-04 21:12:01','2022-01-04 21:12:01'),(3067,1,'vi','plugins/ecommerce/currencies','forms.no','Không','2022-01-04 21:12:01','2022-01-04 21:12:01'),(3068,1,'vi','plugins/ecommerce/currency','currencies','Tiền tệ','2022-01-04 21:12:01','2022-01-04 21:12:01'),(3069,1,'vi','plugins/ecommerce/currency','setting_description','Các loại tiền tệ được sử dụng trên website.','2022-01-04 21:12:01','2022-01-04 21:12:01'),(3070,1,'vi','plugins/ecommerce/currency','name','Tên','2022-01-04 21:12:01','2022-01-04 21:12:01'),(3071,1,'vi','plugins/ecommerce/currency','symbol','Ký hiệu','2022-01-04 21:12:01','2022-01-04 21:12:01'),(3072,1,'vi','plugins/ecommerce/currency','number_of_decimals','Số thập phân','2022-01-04 21:12:01','2022-01-04 21:12:01'),(3073,1,'vi','plugins/ecommerce/currency','exchange_rate','Tỷ giá','2022-01-04 21:12:01','2022-01-04 21:12:01'),(3074,1,'vi','plugins/ecommerce/currency','is_prefix_symbol','Vị trí ký hiệu','2022-01-04 21:12:01','2022-01-04 21:12:01'),(3075,1,'vi','plugins/ecommerce/currency','is_default','Mặc định?','2022-01-04 21:12:01','2022-01-04 21:12:01'),(3076,1,'vi','plugins/ecommerce/currency','remove','Xoá','2022-01-04 21:12:01','2022-01-04 21:12:01'),(3077,1,'vi','plugins/ecommerce/currency','new_currency','Thêm tiền tệ mới','2022-01-04 21:12:01','2022-01-04 21:12:01'),(3078,1,'vi','plugins/ecommerce/currency','save_settings','Lưu cài đặt','2022-01-04 21:12:01','2022-01-04 21:12:01'),(3079,1,'vi','plugins/ecommerce/currency','before_number','Trước số','2022-01-04 21:12:01','2022-01-04 21:12:01'),(3080,1,'vi','plugins/ecommerce/currency','after_number','Sau số','2022-01-04 21:12:01','2022-01-04 21:12:01'),(3081,1,'vi','plugins/ecommerce/customer','name','Khách hàng','2022-01-04 21:12:01','2022-01-04 21:12:01'),(3082,1,'vi','plugins/ecommerce/customer','create','Create a customer','2022-01-04 21:12:01','2022-01-04 21:12:01'),(3083,1,'vi','plugins/ecommerce/customer','edit','Edit customer \":name\"','2022-01-04 21:12:01','2022-01-04 21:12:01'),(3084,1,'vi','plugins/ecommerce/customer','email','Email','2022-01-04 21:12:01','2022-01-04 21:12:01'),(3085,1,'vi','plugins/ecommerce/customer','email_placeholder','Ex: example@gmail.com','2022-01-04 21:12:01','2022-01-04 21:12:01'),(3086,1,'vi','plugins/ecommerce/customer','password','Password','2022-01-04 21:12:01','2022-01-04 21:12:01'),(3087,1,'vi','plugins/ecommerce/customer','change_password','Change password?','2022-01-04 21:12:01','2022-01-04 21:12:01'),(3088,1,'vi','plugins/ecommerce/customer','password_confirmation','Password confirmation','2022-01-04 21:12:01','2022-01-04 21:12:01'),(3089,1,'vi','plugins/ecommerce/customer','intro.title','Quản lý danh sách khách hàng','2022-01-04 21:12:01','2022-01-04 21:12:01'),(3090,1,'vi','plugins/ecommerce/customer','intro.description','Khi khách hàng đặt hàng, bạn sẽ biết được thông tin và lịch sử mua hàng của khách hàng.','2022-01-04 21:12:01','2022-01-04 21:12:01'),(3091,1,'vi','plugins/ecommerce/customer','intro.button_text','Tạo khách hàng','2022-01-04 21:12:02','2022-01-04 21:12:02'),(3092,1,'vi','plugins/ecommerce/discount','name','Khuyến mãi','2022-01-04 21:12:02','2022-01-04 21:12:02'),(3093,1,'vi','plugins/ecommerce/discount','invalid_coupon','Mã khuyến mãi không hợp lệ hoặc đã hết hạn!','2022-01-04 21:12:02','2022-01-04 21:12:02'),(3094,1,'vi','plugins/ecommerce/discount','cannot_use_same_time_with_other_discount_program','Mã khuyến mãi này không thể sử dụng chung với chương trình khuyến mãi!','2022-01-04 21:12:02','2022-01-04 21:12:02'),(3095,1,'vi','plugins/ecommerce/discount','not_used','Chưa sử dụng mã giảm giá này','2022-01-04 21:12:02','2022-01-04 21:12:02'),(3096,1,'vi','plugins/ecommerce/discount','detail','Detail','2022-01-04 21:12:02','2022-01-04 21:12:02'),(3097,1,'vi','plugins/ecommerce/discount','used','Used','2022-01-04 21:12:02','2022-01-04 21:12:02'),(3098,1,'vi','plugins/ecommerce/discount','start_date','Start date','2022-01-04 21:12:02','2022-01-04 21:12:02'),(3099,1,'vi','plugins/ecommerce/discount','end_date','End date','2022-01-04 21:12:02','2022-01-04 21:12:02'),(3100,1,'vi','plugins/ecommerce/discount','intro.title','Chương trình khuyến mãi','2022-01-04 21:12:02','2022-01-04 21:12:02'),(3101,1,'vi','plugins/ecommerce/discount','intro.description','Tạo ra các mã coupon, cài đặt một sản phẩm, hoặc một nhóm sản phẩm khuyến mãi dành cho các khách hàng thân thiết của bạn.','2022-01-04 21:12:02','2022-01-04 21:12:02'),(3102,1,'vi','plugins/ecommerce/discount','intro.button_text','Tạo khuyến mãi','2022-01-04 21:12:02','2022-01-04 21:12:02'),(3103,1,'vi','plugins/ecommerce/discount','create','Create discount','2022-01-04 21:12:02','2022-01-04 21:12:02'),(3104,1,'vi','plugins/ecommerce/discount','expired','Expired','2022-01-04 21:12:02','2022-01-04 21:12:02'),(3105,1,'vi','plugins/ecommerce/discount','discount_promotion','Discount promotion','2022-01-04 21:12:02','2022-01-04 21:12:02'),(3106,1,'vi','plugins/ecommerce/discount','can','can','2022-01-04 21:12:02','2022-01-04 21:12:02'),(3107,1,'vi','plugins/ecommerce/discount','cannot','cannot','2022-01-04 21:12:02','2022-01-04 21:12:02'),(3108,1,'vi','plugins/ecommerce/discount','use_with_promotion','be used with promotion','2022-01-04 21:12:02','2022-01-04 21:12:02'),(3109,1,'vi','plugins/ecommerce/discount','create_discount_validate_title_required_if','Please enter the name of the promotion','2022-01-04 21:12:02','2022-01-04 21:12:02'),(3110,1,'vi','plugins/ecommerce/discount','create_discount_validate_code_required_if','Please enter the promotion code','2022-01-04 21:12:02','2022-01-04 21:12:02'),(3111,1,'vi','plugins/ecommerce/discount','create_discount_validate_value_required','Amount must be greater than 0','2022-01-04 21:12:02','2022-01-04 21:12:02'),(3112,1,'vi','plugins/ecommerce/discount','create_discount_validate_target_required','No object selected for promotion','2022-01-04 21:12:02','2022-01-04 21:12:02'),(3113,1,'vi','plugins/ecommerce/discount','enums.type-options.amount','Amount - Fixed','2022-01-04 21:12:02','2022-01-04 21:12:02'),(3114,1,'vi','plugins/ecommerce/discount','enums.type-options.percentage','Discount %','2022-01-04 21:12:02','2022-01-04 21:12:02'),(3115,1,'vi','plugins/ecommerce/discount','enums.type-options.shipping','Free shipping','2022-01-04 21:12:02','2022-01-04 21:12:02'),(3116,1,'vi','plugins/ecommerce/discount','enums.type-options.same-price','Same price','2022-01-04 21:12:02','2022-01-04 21:12:02'),(3117,1,'vi','plugins/ecommerce/discount','discount','Discount','2022-01-04 21:12:02','2022-01-04 21:12:02'),(3118,1,'vi','plugins/ecommerce/discount','create_coupon_code','Tạo mã khuyến mãi','2022-01-04 21:12:02','2022-01-04 21:12:02'),(3119,1,'vi','plugins/ecommerce/discount','create_discount_promotion','Create discount promotion','2022-01-04 21:12:02','2022-01-04 21:12:02'),(3120,1,'vi','plugins/ecommerce/discount','generate_coupon_code','Generate coupon code','2022-01-04 21:12:02','2022-01-04 21:12:02'),(3121,1,'vi','plugins/ecommerce/discount','customers_will_enter_this_coupon_code_when_they_checkout','Customers will enter this coupon code when they checkout','2022-01-04 21:12:02','2022-01-04 21:12:02'),(3122,1,'vi','plugins/ecommerce/discount','select_type_of_discount','Select type of discount','2022-01-04 21:12:02','2022-01-04 21:12:02'),(3123,1,'vi','plugins/ecommerce/discount','coupon_code','Coupon code','2022-01-04 21:12:02','2022-01-04 21:12:02'),(3124,1,'vi','plugins/ecommerce/discount','promotion','Promotion','2022-01-04 21:12:02','2022-01-04 21:12:02'),(3125,1,'vi','plugins/ecommerce/discount','can_be_used_with_promotion','Can be used with promotion','2022-01-04 21:12:02','2022-01-04 21:12:02'),(3126,1,'vi','plugins/ecommerce/discount','unlimited_coupon','Unlimited coupon','2022-01-04 21:12:02','2022-01-04 21:12:02'),(3127,1,'vi','plugins/ecommerce/discount','enter_number','Enter number','2022-01-04 21:12:02','2022-01-04 21:12:02'),(3128,1,'vi','plugins/ecommerce/discount','coupon_type','Coupon type','2022-01-04 21:12:02','2022-01-04 21:12:02'),(3129,1,'vi','plugins/ecommerce/discount','percentage_discount','Percentage discount (%)','2022-01-04 21:12:02','2022-01-04 21:12:02'),(3130,1,'vi','plugins/ecommerce/discount','free_shipping','Free shipping','2022-01-04 21:12:02','2022-01-04 21:12:02'),(3131,1,'vi','plugins/ecommerce/discount','same_price','Same price','2022-01-04 21:12:02','2022-01-04 21:12:02'),(3132,1,'vi','plugins/ecommerce/discount','apply_for','apply for','2022-01-04 21:12:02','2022-01-04 21:12:02'),(3133,1,'vi','plugins/ecommerce/discount','all_orders','All orders','2022-01-04 21:12:02','2022-01-04 21:12:02'),(3134,1,'vi','plugins/ecommerce/discount','order_amount_from','Order amount from','2022-01-04 21:12:02','2022-01-04 21:12:02'),(3135,1,'vi','plugins/ecommerce/discount','product_collection','Product collection','2022-01-04 21:12:02','2022-01-04 21:12:02'),(3136,1,'vi','plugins/ecommerce/discount','product','Product','2022-01-04 21:12:02','2022-01-04 21:12:02'),(3137,1,'vi','plugins/ecommerce/discount','customer','Customer','2022-01-04 21:12:02','2022-01-04 21:12:02'),(3138,1,'vi','plugins/ecommerce/discount','variant','Variant','2022-01-04 21:12:02','2022-01-04 21:12:02'),(3139,1,'vi','plugins/ecommerce/discount','search_product','Search product','2022-01-04 21:12:02','2022-01-04 21:12:02'),(3140,1,'vi','plugins/ecommerce/discount','no_products_found','No products found!','2022-01-04 21:12:02','2022-01-04 21:12:02'),(3141,1,'vi','plugins/ecommerce/discount','search_customer','Search customer','2022-01-04 21:12:02','2022-01-04 21:12:02'),(3142,1,'vi','plugins/ecommerce/discount','no_customer_found','No customer found!','2022-01-04 21:12:02','2022-01-04 21:12:02'),(3143,1,'vi','plugins/ecommerce/discount','one_time_per_order','One time per order','2022-01-04 21:12:02','2022-01-04 21:12:02'),(3144,1,'vi','plugins/ecommerce/discount','one_time_per_product_in_cart','One time per product in cart','2022-01-04 21:12:02','2022-01-04 21:12:02'),(3145,1,'vi','plugins/ecommerce/discount','number_of_products','Number of products required to apply','2022-01-04 21:12:02','2022-01-04 21:12:02'),(3146,1,'vi','plugins/ecommerce/discount','selected_products','Selected products','2022-01-04 21:12:02','2022-01-04 21:12:02'),(3147,1,'vi','plugins/ecommerce/discount','selected_customers','Selected customers','2022-01-04 21:12:03','2022-01-04 21:12:03'),(3148,1,'vi','plugins/ecommerce/discount','time','Time','2022-01-04 21:12:03','2022-01-04 21:12:03'),(3149,1,'vi','plugins/ecommerce/discount','never_expired','Never expired','2022-01-04 21:12:03','2022-01-04 21:12:03'),(3150,1,'vi','plugins/ecommerce/discount','save','Save','2022-01-04 21:12:03','2022-01-04 21:12:03'),(3151,1,'vi','plugins/ecommerce/discount','enter_promotion_name','Enter promotion name','2022-01-04 21:12:03','2022-01-04 21:12:03'),(3152,1,'vi','plugins/ecommerce/discount','enter_coupon_name','Enter coupon name','2022-01-04 21:12:03','2022-01-04 21:12:03'),(3153,1,'vi','plugins/ecommerce/discount','cancel','Cancel','2022-01-04 21:12:03','2022-01-04 21:12:03'),(3154,1,'vi','plugins/ecommerce/discount','is','Is','2022-01-04 21:12:03','2022-01-04 21:12:03'),(3155,1,'vi','plugins/ecommerce/discount','when_shipping_fee_less_than','when shipping fee less than','2022-01-04 21:12:03','2022-01-04 21:12:03'),(3156,1,'vi','plugins/ecommerce/ecommerce','settings','Cài đặt','2022-01-04 21:12:03','2022-01-04 21:12:03'),(3157,1,'vi','plugins/ecommerce/ecommerce','name','Thương mại điện tử','2022-01-04 21:12:03','2022-01-04 21:12:03'),(3158,1,'vi','plugins/ecommerce/ecommerce','setting.email.title','E-commerce','2022-01-04 21:12:03','2022-01-04 21:12:03'),(3159,1,'vi','plugins/ecommerce/ecommerce','setting.email.description','Ecommerce email config','2022-01-04 21:12:03','2022-01-04 21:12:03'),(3160,1,'vi','plugins/ecommerce/ecommerce','setting.email.order_confirm_subject','Subject of order confirmation email','2022-01-04 21:12:03','2022-01-04 21:12:03'),(3161,1,'vi','plugins/ecommerce/ecommerce','setting.email.order_confirm_subject_placeholder','The subject of email confirmation send to the customer','2022-01-04 21:12:03','2022-01-04 21:12:03'),(3162,1,'vi','plugins/ecommerce/ecommerce','setting.email.order_confirm_content','Content of order confirmation email','2022-01-04 21:12:03','2022-01-04 21:12:03'),(3163,1,'vi','plugins/ecommerce/ecommerce','setting.email.order_status_change_subject','Subject of email when changing order\'s status','2022-01-04 21:12:03','2022-01-04 21:12:03'),(3164,1,'vi','plugins/ecommerce/ecommerce','setting.email.order_status_change_subject_placeholder','Subject of email when changing order\'s status send to customer','2022-01-04 21:12:03','2022-01-04 21:12:03'),(3165,1,'vi','plugins/ecommerce/ecommerce','setting.email.order_status_change_content','Content of email when changing order\'s status','2022-01-04 21:12:03','2022-01-04 21:12:03'),(3166,1,'vi','plugins/ecommerce/ecommerce','setting.email.from_email','Email from','2022-01-04 21:12:03','2022-01-04 21:12:03'),(3167,1,'vi','plugins/ecommerce/ecommerce','setting.email.from_email_placeholder','Email from address to display in mail. Ex: example@gmail.com','2022-01-04 21:12:03','2022-01-04 21:12:03'),(3168,1,'vi','plugins/ecommerce/ecommerce','store_address','Địa chỉ cửa hàng','2022-01-04 21:12:03','2022-01-04 21:12:03'),(3169,1,'vi','plugins/ecommerce/ecommerce','store_phone','Số điện thoại cửa hàng','2022-01-04 21:12:03','2022-01-04 21:12:03'),(3170,1,'vi','plugins/ecommerce/ecommerce','order_id','Mã đơn hàng','2022-01-04 21:12:03','2022-01-04 21:12:03'),(3171,1,'vi','plugins/ecommerce/ecommerce','order_token','Chuỗi mã hoá đơn hàng','2022-01-04 21:12:03','2022-01-04 21:12:03'),(3172,1,'vi','plugins/ecommerce/ecommerce','customer_name','Tên khách hàng','2022-01-04 21:12:03','2022-01-04 21:12:03'),(3173,1,'vi','plugins/ecommerce/ecommerce','customer_email','Email khách hàng','2022-01-04 21:12:03','2022-01-04 21:12:03'),(3174,1,'vi','plugins/ecommerce/ecommerce','customer_phone','Số điện thoại khách hàng','2022-01-04 21:12:03','2022-01-04 21:12:03'),(3175,1,'vi','plugins/ecommerce/ecommerce','customer_address','Địa chỉ khách hàng','2022-01-04 21:12:03','2022-01-04 21:12:03'),(3176,1,'vi','plugins/ecommerce/ecommerce','product_list','Danh sách sản phẩm trong đơn hàng','2022-01-04 21:12:03','2022-01-04 21:12:03'),(3177,1,'vi','plugins/ecommerce/ecommerce','payment_detail','Chi tiết thanh toán','2022-01-04 21:12:03','2022-01-04 21:12:03'),(3178,1,'vi','plugins/ecommerce/ecommerce','shipping_method','Phương thức vận chuyển','2022-01-04 21:12:03','2022-01-04 21:12:03'),(3179,1,'vi','plugins/ecommerce/ecommerce','payment_method','Phương thức thanh toán','2022-01-04 21:12:03','2022-01-04 21:12:03'),(3180,1,'vi','plugins/ecommerce/ecommerce','standard_and_format','Tiêu chuẩn & Định dạng','2022-01-04 21:12:03','2022-01-04 21:12:03'),(3181,1,'vi','plugins/ecommerce/ecommerce','standard_and_format_description','Các tiêu chuẩn và các định dạng được sử dụng để tính toán những thứ như giá cả sản phẩm, trọng lượng vận chuyển và thời gian đơn hàng được đặt.','2022-01-04 21:12:03','2022-01-04 21:12:03'),(3182,1,'vi','plugins/ecommerce/ecommerce','change_order_format','Chỉnh sửa định dạng mã đơn hàng (tùy chọn)','2022-01-04 21:12:03','2022-01-04 21:12:03'),(3183,1,'vi','plugins/ecommerce/ecommerce','change_order_format_description','Mã đơn hàng mặc định bắt đầu từ :number. Bạn có thể thay đổi chuỗi bắt đầu hoặc kết thúc để tạo mã đơn hàng theo ý bạn, ví dụ \"DH-:number\" hoặc \":number-A\"','2022-01-04 21:12:03','2022-01-04 21:12:03'),(3184,1,'vi','plugins/ecommerce/ecommerce','start_with','Bắt đầu bằng','2022-01-04 21:12:03','2022-01-04 21:12:03'),(3185,1,'vi','plugins/ecommerce/ecommerce','end_with','Kết thúc bằng','2022-01-04 21:12:03','2022-01-04 21:12:03'),(3186,1,'vi','plugins/ecommerce/ecommerce','order_will_be_shown','Mã đơn hàng của bạn sẽ hiển thị theo mẫu','2022-01-04 21:12:03','2022-01-04 21:12:03'),(3187,1,'vi','plugins/ecommerce/ecommerce','weight_unit','Đơn vị cân nặng','2022-01-04 21:12:03','2022-01-04 21:12:03'),(3188,1,'vi','plugins/ecommerce/ecommerce','height_unit','Đơn vị chiều dài/chiều cao','2022-01-04 21:12:03','2022-01-04 21:12:03'),(3189,1,'vi','plugins/ecommerce/email','customer_new_order_title','Xác nhận đơn hàng','2022-01-04 21:12:03','2022-01-04 21:12:03'),(3190,1,'vi','plugins/ecommerce/email','customer_new_order_description','Được gửi khi khách hàng tạo đơn hàng','2022-01-04 21:12:03','2022-01-04 21:12:03'),(3191,1,'vi','plugins/ecommerce/email','order_cancellation_title','Hủy đơn hàng','2022-01-04 21:12:03','2022-01-04 21:12:03'),(3192,1,'vi','plugins/ecommerce/email','order_cancellation_description','Được gửi khi khách hàng hủy đơn hàng','2022-01-04 21:12:03','2022-01-04 21:12:03'),(3193,1,'vi','plugins/ecommerce/email','delivery_confirmation_title','Xác nhận giao hàng','2022-01-04 21:12:03','2022-01-04 21:12:03'),(3194,1,'vi','plugins/ecommerce/email','delivery_confirmation_description','Được gửi đến khách hàng khi bắt đầu giao hàng','2022-01-04 21:12:03','2022-01-04 21:12:03'),(3195,1,'vi','plugins/ecommerce/email','admin_new_order_title','Thông báo có đơn hàng mới','2022-01-04 21:12:03','2022-01-04 21:12:03'),(3196,1,'vi','plugins/ecommerce/email','admin_new_order_description','Được gửi cho quản trị viên khi có khách mua hàng','2022-01-04 21:12:03','2022-01-04 21:12:03'),(3197,1,'vi','plugins/ecommerce/email','order_confirmation_title','Xác nhận đơn hàng','2022-01-04 21:12:03','2022-01-04 21:12:03'),(3198,1,'vi','plugins/ecommerce/email','order_confirmation_description','Email được gửi đến khách hàng khi đơn hàng xác nhận','2022-01-04 21:12:03','2022-01-04 21:12:03'),(3199,1,'vi','plugins/ecommerce/email','payment_confirmation_title','Xác nhận thanh toán','2022-01-04 21:12:03','2022-01-04 21:12:03'),(3200,1,'vi','plugins/ecommerce/email','payment_confirmation_description','Email được gửi đến khách hàng khi đơn hàng xác nhận thanh toán','2022-01-04 21:12:04','2022-01-04 21:12:04'),(3201,1,'vi','plugins/ecommerce/email','order_recover_title','Đơn hàng đang chờ hoàn tất','2022-01-04 21:12:04','2022-01-04 21:12:04'),(3202,1,'vi','plugins/ecommerce/email','order_recover_description','Email nhắc nhở khách hàng hoàn tất đơn hàng','2022-01-04 21:12:04','2022-01-04 21:12:04'),(3203,1,'vi','plugins/ecommerce/email','link_go_to_our_shop','hoặc <a href=\":link\">Truy cập website</a>','2022-01-04 21:12:04','2022-01-04 21:12:04'),(3204,1,'vi','plugins/ecommerce/email','order_information','Thông tin đơn hàng','2022-01-04 21:12:04','2022-01-04 21:12:04'),(3205,1,'vi','plugins/ecommerce/email','order_number','Mã đơn hàng: <strong>:order_id</strong>','2022-01-04 21:12:04','2022-01-04 21:12:04'),(3206,1,'vi','plugins/ecommerce/email','view_order','Xem đơn hàng','2022-01-04 21:12:04','2022-01-04 21:12:04'),(3207,1,'vi','plugins/ecommerce/order','statuses.pending','Chưa xử lý','2022-01-04 21:12:04','2022-01-04 21:12:04'),(3208,1,'vi','plugins/ecommerce/order','statuses.processing','Đang xử lý','2022-01-04 21:12:04','2022-01-04 21:12:04'),(3209,1,'vi','plugins/ecommerce/order','statuses.completed','Hoàn thành','2022-01-04 21:12:04','2022-01-04 21:12:04'),(3210,1,'vi','plugins/ecommerce/order','statuses.canceled','Bị huỷ','2022-01-04 21:12:04','2022-01-04 21:12:04'),(3211,1,'vi','plugins/ecommerce/order','name','Đơn hàng','2022-01-04 21:12:04','2022-01-04 21:12:04'),(3212,1,'vi','plugins/ecommerce/order','incomplete_order','Đơn hàng chưa hoàn tất','2022-01-04 21:12:04','2022-01-04 21:12:04'),(3213,1,'vi','plugins/ecommerce/order','order_id','Mã đơn hàng','2022-01-04 21:12:04','2022-01-04 21:12:04'),(3214,1,'vi','plugins/ecommerce/order','customer_label','Khách hàng','2022-01-04 21:12:04','2022-01-04 21:12:04'),(3215,1,'vi','plugins/ecommerce/order','amount','Tổng cộng','2022-01-04 21:12:04','2022-01-04 21:12:04'),(3216,1,'vi','plugins/ecommerce/order','shipping_amount','Phí vận chuyển','2022-01-04 21:12:04','2022-01-04 21:12:04'),(3217,1,'vi','plugins/ecommerce/order','payment_method','Phương thức thanh toán','2022-01-04 21:12:04','2022-01-04 21:12:04'),(3218,1,'vi','plugins/ecommerce/order','payment_status_label','Trạng thái thanh toán','2022-01-04 21:12:04','2022-01-04 21:12:04'),(3219,1,'vi','plugins/ecommerce/order','manage_orders','Quản lý đơn hàng','2022-01-04 21:12:04','2022-01-04 21:12:04'),(3220,1,'vi','plugins/ecommerce/order','order_intro_description','Một khi cửa hàng của bạn có đơn đặt hàng, đây sẽ là nơi bạn xử lý và theo dõi những đơn đặt hàng đó.','2022-01-04 21:12:04','2022-01-04 21:12:04'),(3221,1,'vi','plugins/ecommerce/order','create_new_order','Tạo đơn hàng','2022-01-04 21:12:04','2022-01-04 21:12:04'),(3222,1,'vi','plugins/ecommerce/order','manage_incomplete_orders','Quản lý đơn hàng chưa hoàn tất','2022-01-04 21:12:04','2022-01-04 21:12:04'),(3223,1,'vi','plugins/ecommerce/order','incomplete_orders_intro_description','Đơn hàng chưa hoàn tất là đơn hàng được tạo khi khách hàng thêm sản phẩm vào giỏ hàng, tiến hành điền thông tin mua hàng nhưng không hoàn tất quá trình thanh toán.','2022-01-04 21:12:04','2022-01-04 21:12:04'),(3224,1,'vi','plugins/ecommerce/order','cannot_send_order_recover_to_mail','Không tìm thấy email nên không thể gửi email khôi phục cho khách hàng.','2022-01-04 21:12:04','2022-01-04 21:12:04'),(3225,1,'vi','plugins/ecommerce/order','menu','Đơn hàng','2022-01-04 21:12:04','2022-01-04 21:12:04'),(3226,1,'vi','plugins/ecommerce/order','order_information','Thông tin đơn hàng','2022-01-04 21:12:04','2022-01-04 21:12:04'),(3227,1,'vi','plugins/ecommerce/order','create','Create an order','2022-01-04 21:12:04','2022-01-04 21:12:04'),(3228,1,'vi','plugins/ecommerce/order','cancel_error','The order is delivering or completed','2022-01-04 21:12:04','2022-01-04 21:12:04'),(3229,1,'vi','plugins/ecommerce/order','cancel_success','You do cancel the order successful','2022-01-04 21:12:04','2022-01-04 21:12:04'),(3230,1,'vi','plugins/ecommerce/order','product_id','Product ID','2022-01-04 21:12:04','2022-01-04 21:12:04'),(3231,1,'vi','plugins/ecommerce/order','tax_amount','Tax Amount','2022-01-04 21:12:04','2022-01-04 21:12:04'),(3232,1,'vi','plugins/ecommerce/order','invoice_for_order','Invoice for order','2022-01-04 21:12:04','2022-01-04 21:12:04'),(3233,1,'vi','plugins/ecommerce/order','created','Created','2022-01-04 21:12:04','2022-01-04 21:12:04'),(3234,1,'vi','plugins/ecommerce/order','invoice','Invoice','2022-01-04 21:12:04','2022-01-04 21:12:04'),(3235,1,'vi','plugins/ecommerce/order','return','Return','2022-01-04 21:12:04','2022-01-04 21:12:04'),(3236,1,'vi','plugins/ecommerce/order','total_refund_amount','Total refund amount','2022-01-04 21:12:04','2022-01-04 21:12:04'),(3237,1,'vi','plugins/ecommerce/order','total_amount_can_be_refunded','Total amount can be refunded','2022-01-04 21:12:04','2022-01-04 21:12:04'),(3238,1,'vi','plugins/ecommerce/order','refund_reason','Refund reason (optional)','2022-01-04 21:12:04','2022-01-04 21:12:04'),(3239,1,'vi','plugins/ecommerce/order','products','product(s)','2022-01-04 21:12:04','2022-01-04 21:12:04'),(3240,1,'vi','plugins/ecommerce/order','default','Default','2022-01-04 21:12:04','2022-01-04 21:12:04'),(3241,1,'vi','plugins/ecommerce/order','system','System','2022-01-04 21:12:04','2022-01-04 21:12:04'),(3242,1,'vi','plugins/ecommerce/order','new_order_from','New order :order_id from :customer','2022-01-04 21:12:04','2022-01-04 21:12:04'),(3243,1,'vi','plugins/ecommerce/order','confirmation_email_was_sent_to_customer','The email confirmation was sent to customer','2022-01-04 21:12:04','2022-01-04 21:12:04'),(3244,1,'vi','plugins/ecommerce/order','address_name_required','The name field is required.','2022-01-04 21:12:04','2022-01-04 21:12:04'),(3245,1,'vi','plugins/ecommerce/order','address_phone_required','The phone field is required.','2022-01-04 21:12:04','2022-01-04 21:12:04'),(3246,1,'vi','plugins/ecommerce/order','address_email_required','The email field is required.','2022-01-04 21:12:04','2022-01-04 21:12:04'),(3247,1,'vi','plugins/ecommerce/order','address_email_unique','The customer with that email is existed, please choose other email or login with this email!','2022-01-04 21:12:04','2022-01-04 21:12:04'),(3248,1,'vi','plugins/ecommerce/order','address_state_required','The state field is required.','2022-01-04 21:12:04','2022-01-04 21:12:04'),(3249,1,'vi','plugins/ecommerce/order','address_city_required','The city field is required.','2022-01-04 21:12:04','2022-01-04 21:12:04'),(3250,1,'vi','plugins/ecommerce/order','address_country_required','The country field is required.','2022-01-04 21:12:04','2022-01-04 21:12:04'),(3251,1,'vi','plugins/ecommerce/order','address_address_required','The address field is required.','2022-01-04 21:12:04','2022-01-04 21:12:04'),(3252,1,'vi','plugins/ecommerce/order','create_order_from_payment_page','Order was created from checkout page','2022-01-04 21:12:04','2022-01-04 21:12:04'),(3253,1,'vi','plugins/ecommerce/order','order_was_verified_by','Order was verified by %user_name%','2022-01-04 21:12:04','2022-01-04 21:12:04'),(3254,1,'vi','plugins/ecommerce/order','new_order','New order :order_id','2022-01-04 21:12:04','2022-01-04 21:12:04'),(3255,1,'vi','plugins/ecommerce/order','payment_was_confirmed_by','Payment was confirmed (amount :money) by %user_name%','2022-01-04 21:12:04','2022-01-04 21:12:04'),(3256,1,'vi','plugins/ecommerce/order','edit_order','Edit order :code','2022-01-04 21:12:04','2022-01-04 21:12:04'),(3257,1,'vi','plugins/ecommerce/order','confirm_order_success','Confirm order successfully!','2022-01-04 21:12:04','2022-01-04 21:12:04'),(3258,1,'vi','plugins/ecommerce/order','error_when_sending_email','There is an error when sending email','2022-01-04 21:12:04','2022-01-04 21:12:04'),(3259,1,'vi','plugins/ecommerce/order','sent_confirmation_email_success','Sent confirmation email successfully!','2022-01-04 21:12:04','2022-01-04 21:12:04'),(3260,1,'vi','plugins/ecommerce/order','order_was_sent_to_shipping_team','Order was sent to shipping team','2022-01-04 21:12:04','2022-01-04 21:12:04'),(3261,1,'vi','plugins/ecommerce/order','by_username','by %user_name%','2022-01-04 21:12:04','2022-01-04 21:12:04'),(3262,1,'vi','plugins/ecommerce/order','shipping_was_created_from','Shipping was created from order %order_id%','2022-01-04 21:12:04','2022-01-04 21:12:04'),(3263,1,'vi','plugins/ecommerce/order','shipping_was_canceled_success','Shipping was cancelled successfully!','2022-01-04 21:12:04','2022-01-04 21:12:04'),(3264,1,'vi','plugins/ecommerce/order','shipping_was_canceled_by','Shipping was cancelled by %user_name%','2022-01-04 21:12:04','2022-01-04 21:12:04'),(3265,1,'vi','plugins/ecommerce/order','update_shipping_address_success','Update shipping address successfully!','2022-01-04 21:12:04','2022-01-04 21:12:04'),(3266,1,'vi','plugins/ecommerce/order','order_was_canceled_by','Order was cancelled by %user_name%','2022-01-04 21:12:04','2022-01-04 21:12:04'),(3267,1,'vi','plugins/ecommerce/order','confirm_payment_success','Confirm payment successfully!','2022-01-04 21:12:04','2022-01-04 21:12:04'),(3268,1,'vi','plugins/ecommerce/order','refund_amount_invalid','Refund amount must be lower or equal :price','2022-01-04 21:12:04','2022-01-04 21:12:04'),(3269,1,'vi','plugins/ecommerce/order','number_of_products_invalid','Number of products refund is not valid!','2022-01-04 21:12:04','2022-01-04 21:12:04'),(3270,1,'vi','plugins/ecommerce/order','cannot_found_payment_for_this_order','Cannot found payment for this order!','2022-01-04 21:12:04','2022-01-04 21:12:04'),(3271,1,'vi','plugins/ecommerce/order','refund_success_with_price','Refund success :price','2022-01-04 21:12:04','2022-01-04 21:12:04'),(3272,1,'vi','plugins/ecommerce/order','refund_success','Refund successfully!','2022-01-04 21:12:04','2022-01-04 21:12:04'),(3273,1,'vi','plugins/ecommerce/order','order_is_not_existed','Order is not existed!','2022-01-04 21:12:04','2022-01-04 21:12:04'),(3274,1,'vi','plugins/ecommerce/order','reorder','Reorder','2022-01-04 21:12:04','2022-01-04 21:12:04'),(3275,1,'vi','plugins/ecommerce/order','sent_email_incomplete_order_success','Sent email to remind about incomplete order successfully!','2022-01-04 21:12:04','2022-01-04 21:12:04'),(3276,1,'vi','plugins/ecommerce/order','applied_coupon_success','Applied coupon \":code\" successfully!','2022-01-04 21:12:04','2022-01-04 21:12:04'),(3277,1,'vi','plugins/ecommerce/order','new_order_notice','You have <span class=\"bold\">:count</span> New Order(s)','2022-01-04 21:12:04','2022-01-04 21:12:04'),(3278,1,'vi','plugins/ecommerce/order','view_all','View all','2022-01-04 21:12:04','2022-01-04 21:12:04'),(3279,1,'vi','plugins/ecommerce/order','cancel_order','Cancel order','2022-01-04 21:12:04','2022-01-04 21:12:04'),(3280,1,'vi','plugins/ecommerce/order','order_canceled','Order canceled','2022-01-04 21:12:04','2022-01-04 21:12:04'),(3281,1,'vi','plugins/ecommerce/order','order_was_canceled_at','Order was canceled at','2022-01-04 21:12:04','2022-01-04 21:12:04'),(3282,1,'vi','plugins/ecommerce/order','completed','Completed','2022-01-04 21:12:04','2022-01-04 21:12:04'),(3283,1,'vi','plugins/ecommerce/order','uncompleted','Uncompleted','2022-01-04 21:12:04','2022-01-04 21:12:04'),(3284,1,'vi','plugins/ecommerce/order','sku','SKU','2022-01-04 21:12:04','2022-01-04 21:12:04'),(3285,1,'vi','plugins/ecommerce/order','warehouse','Warehouse','2022-01-04 21:12:04','2022-01-04 21:12:04'),(3286,1,'vi','plugins/ecommerce/order','sub_amount','Sub amount','2022-01-04 21:12:04','2022-01-04 21:12:04'),(3287,1,'vi','plugins/ecommerce/order','coupon_code','Coupon code: \":code\"','2022-01-04 21:12:04','2022-01-04 21:12:04'),(3288,1,'vi','plugins/ecommerce/order','shipping_fee','Shipping fee','2022-01-04 21:12:04','2022-01-04 21:12:04'),(3289,1,'vi','plugins/ecommerce/order','tax','Tax','2022-01-04 21:12:04','2022-01-04 21:12:04'),(3290,1,'vi','plugins/ecommerce/order','refunded_amount','Refunded amount','2022-01-04 21:12:04','2022-01-04 21:12:04'),(3291,1,'vi','plugins/ecommerce/order','amount_received','The amount actually received','2022-01-04 21:12:04','2022-01-04 21:12:04'),(3292,1,'vi','plugins/ecommerce/order','download_invoice','Download invoice','2022-01-04 21:12:04','2022-01-04 21:12:04'),(3293,1,'vi','plugins/ecommerce/order','add_note','Add note...','2022-01-04 21:12:04','2022-01-04 21:12:04'),(3294,1,'vi','plugins/ecommerce/order','order_was_confirmed','Order was confirmed','2022-01-04 21:12:04','2022-01-04 21:12:04'),(3295,1,'vi','plugins/ecommerce/order','confirm_order','Confirm order','2022-01-04 21:12:04','2022-01-04 21:12:04'),(3296,1,'vi','plugins/ecommerce/order','confirm','Confirm','2022-01-04 21:12:04','2022-01-04 21:12:04'),(3297,1,'vi','plugins/ecommerce/order','order_was_canceled','Order was canceled','2022-01-04 21:12:04','2022-01-04 21:12:04'),(3298,1,'vi','plugins/ecommerce/order','pending_payment','Pending payment','2022-01-04 21:12:04','2022-01-04 21:12:04'),(3299,1,'vi','plugins/ecommerce/order','payment_was_accepted','Payment :money was accepted','2022-01-04 21:12:04','2022-01-04 21:12:04'),(3300,1,'vi','plugins/ecommerce/order','payment_was_refunded','Payment was refunded','2022-01-04 21:12:04','2022-01-04 21:12:04'),(3301,1,'vi','plugins/ecommerce/order','confirm_payment','Confirm payment','2022-01-04 21:12:04','2022-01-04 21:12:04'),(3302,1,'vi','plugins/ecommerce/order','refund','Refund','2022-01-04 21:12:04','2022-01-04 21:12:04'),(3303,1,'vi','plugins/ecommerce/order','all_products_are_not_delivered','All products are not delivered','2022-01-04 21:12:04','2022-01-04 21:12:04'),(3304,1,'vi','plugins/ecommerce/order','delivery','Delivery','2022-01-04 21:12:04','2022-01-04 21:12:04'),(3305,1,'vi','plugins/ecommerce/order','history','History','2022-01-04 21:12:04','2022-01-04 21:12:04'),(3306,1,'vi','plugins/ecommerce/order','order_number','Order number','2022-01-04 21:12:04','2022-01-04 21:12:04'),(3307,1,'vi','plugins/ecommerce/order','from','from','2022-01-04 21:12:04','2022-01-04 21:12:04'),(3308,1,'vi','plugins/ecommerce/order','status','Status','2022-01-04 21:12:04','2022-01-04 21:12:04'),(3309,1,'vi','plugins/ecommerce/order','successfully','Successfully','2022-01-04 21:12:04','2022-01-04 21:12:04'),(3310,1,'vi','plugins/ecommerce/order','transaction_type','Transaction\'s type','2022-01-04 21:12:04','2022-01-04 21:12:04'),(3311,1,'vi','plugins/ecommerce/order','staff','Staff','2022-01-04 21:12:04','2022-01-04 21:12:04'),(3312,1,'vi','plugins/ecommerce/order','refund_date','Refund date','2022-01-04 21:12:04','2022-01-04 21:12:04'),(3313,1,'vi','plugins/ecommerce/order','n_a','N\\A','2022-01-04 21:12:04','2022-01-04 21:12:04'),(3314,1,'vi','plugins/ecommerce/order','payment_date','Payment date','2022-01-04 21:12:04','2022-01-04 21:12:04'),(3315,1,'vi','plugins/ecommerce/order','payment_gateway','Payment gateway','2022-01-04 21:12:04','2022-01-04 21:12:04'),(3316,1,'vi','plugins/ecommerce/order','transaction_amount','Transaction amount','2022-01-04 21:12:04','2022-01-04 21:12:04'),(3317,1,'vi','plugins/ecommerce/order','resend','Resend','2022-01-04 21:12:04','2022-01-04 21:12:04'),(3318,1,'vi','plugins/ecommerce/order','default_store','Default store','2022-01-04 21:12:04','2022-01-04 21:12:04'),(3319,1,'vi','plugins/ecommerce/order','update_address','Update address','2022-01-04 21:12:04','2022-01-04 21:12:04'),(3320,1,'vi','plugins/ecommerce/order','have_an_account_already','Have an account already','2022-01-04 21:12:04','2022-01-04 21:12:04'),(3321,1,'vi','plugins/ecommerce/order','dont_have_an_account_yet','Don\'t have an account yet','2022-01-04 21:12:04','2022-01-04 21:12:04'),(3322,1,'vi','plugins/ecommerce/order','mark_payment_as_confirmed','Mark <span>:method</span> as confirmed','2022-01-04 21:12:04','2022-01-04 21:12:04'),(3323,1,'vi','plugins/ecommerce/order','resend_order_confirmation','Resend order confirmation','2022-01-04 21:12:04','2022-01-04 21:12:04'),(3324,1,'vi','plugins/ecommerce/order','resend_order_confirmation_description','Confirmation email will be sent to <strong>:email</strong>?','2022-01-04 21:12:04','2022-01-04 21:12:04'),(3325,1,'vi','plugins/ecommerce/order','send','Send','2022-01-04 21:12:04','2022-01-04 21:12:04'),(3326,1,'vi','plugins/ecommerce/order','update','Update','2022-01-04 21:12:04','2022-01-04 21:12:04'),(3327,1,'vi','plugins/ecommerce/order','cancel_shipping_confirmation','Cancel shipping confirmation?','2022-01-04 21:12:04','2022-01-04 21:12:04'),(3328,1,'vi','plugins/ecommerce/order','cancel_shipping_confirmation_description','Cancel shipping confirmation?','2022-01-04 21:12:04','2022-01-04 21:12:04'),(3329,1,'vi','plugins/ecommerce/order','cancel_order_confirmation','Cancel order confirmation?','2022-01-04 21:12:04','2022-01-04 21:12:04'),(3330,1,'vi','plugins/ecommerce/order','cancel_order_confirmation_description','Are you sure you want to cancel this order? This action cannot rollback','2022-01-04 21:12:04','2022-01-04 21:12:04'),(3331,1,'vi','plugins/ecommerce/order','confirm_payment_confirmation_description','Processed by <strong>:method</strong>. Did you receive payment outside the system? This payment won\'t be saved into system and cannot be refunded','2022-01-04 21:12:05','2022-01-04 21:12:05'),(3332,1,'vi','plugins/ecommerce/order','save_note','Save note','2022-01-04 21:12:05','2022-01-04 21:12:05'),(3333,1,'vi','plugins/ecommerce/order','order_note','Order note','2022-01-04 21:12:05','2022-01-04 21:12:05'),(3334,1,'vi','plugins/ecommerce/order','order_note_placeholder','Note about order, ex: time or shipping instruction.','2022-01-04 21:12:05','2022-01-04 21:12:05'),(3335,1,'vi','plugins/ecommerce/order','order_amount','Order amount','2022-01-04 21:12:05','2022-01-04 21:12:05'),(3336,1,'vi','plugins/ecommerce/order','additional_information','Additional information','2022-01-04 21:12:05','2022-01-04 21:12:05'),(3337,1,'vi','plugins/ecommerce/order','notice_about_incomplete_order','Notice about incomplete order','2022-01-04 21:12:05','2022-01-04 21:12:05'),(3338,1,'vi','plugins/ecommerce/order','notice_about_incomplete_order_description','Remind email about uncompleted order will be send to <strong>:email</strong>?','2022-01-04 21:12:05','2022-01-04 21:12:05'),(3339,1,'vi','plugins/ecommerce/order','incomplete_order_description_1','An incomplete order is when a potential customer places items in their shopping cart, and goes all the way through to the payment page, but then doesn\'t complete the transaction.','2022-01-04 21:12:05','2022-01-04 21:12:05'),(3340,1,'vi','plugins/ecommerce/order','incomplete_order_description_2','If you have contacted customers and they want to continue buying, you can help them complete their order by following the link:','2022-01-04 21:12:05','2022-01-04 21:12:05'),(3341,1,'vi','plugins/ecommerce/order','send_an_email_to_recover_this_order','Send an email to customer to recover this order','2022-01-04 21:12:05','2022-01-04 21:12:05'),(3342,1,'vi','plugins/ecommerce/order','see_maps','See maps','2022-01-04 21:12:05','2022-01-04 21:12:05'),(3343,1,'vi','plugins/ecommerce/order','one_or_more_products_dont_have_enough_quantity','One or more products don\'t have enough quantity!','2022-01-04 21:12:05','2022-01-04 21:12:05'),(3344,1,'vi','plugins/ecommerce/order','payment_info','Payment Info','2022-01-04 21:12:05','2022-01-04 21:12:05'),(3345,1,'vi','plugins/ecommerce/order','payment_method_refund_automatic','Your customer will be refunded using :method automatically.','2022-01-04 21:12:05','2022-01-04 21:12:05'),(3346,1,'vi','plugins/ecommerce/order','order','Order','2022-01-04 21:12:05','2022-01-04 21:12:05'),(3347,1,'vi','plugins/ecommerce/order','create_a_new_product','Create a new product','2022-01-04 21:12:05','2022-01-04 21:12:05'),(3348,1,'vi','plugins/ecommerce/order','out_of_stock','Out of stock','2022-01-04 21:12:05','2022-01-04 21:12:05'),(3349,1,'vi','plugins/ecommerce/order','products_available','product(s) available','2022-01-04 21:12:05','2022-01-04 21:12:05'),(3350,1,'vi','plugins/ecommerce/order','no_products_found','No products found!','2022-01-04 21:12:05','2022-01-04 21:12:05'),(3351,1,'vi','plugins/ecommerce/order','note','Note','2022-01-04 21:12:05','2022-01-04 21:12:05'),(3352,1,'vi','plugins/ecommerce/order','note_for_order','Note for order...','2022-01-04 21:12:05','2022-01-04 21:12:05'),(3353,1,'vi','plugins/ecommerce/order','add_discount','Add discount','2022-01-04 21:12:05','2022-01-04 21:12:05'),(3354,1,'vi','plugins/ecommerce/order','discount','Discount','2022-01-04 21:12:05','2022-01-04 21:12:05'),(3355,1,'vi','plugins/ecommerce/order','add_shipping_fee','Add shipping fee','2022-01-04 21:12:05','2022-01-04 21:12:05'),(3356,1,'vi','plugins/ecommerce/order','shipping','Shipping','2022-01-04 21:12:05','2022-01-04 21:12:05'),(3357,1,'vi','plugins/ecommerce/order','total_amount','Total amount','2022-01-04 21:12:05','2022-01-04 21:12:05'),(3358,1,'vi','plugins/ecommerce/order','confirm_payment_and_create_order','Confirm payment and create order','2022-01-04 21:12:05','2022-01-04 21:12:05'),(3359,1,'vi','plugins/ecommerce/order','paid','Paid','2022-01-04 21:12:05','2022-01-04 21:12:05'),(3360,1,'vi','plugins/ecommerce/order','pay_later','Pay later','2022-01-04 21:12:05','2022-01-04 21:12:05'),(3361,1,'vi','plugins/ecommerce/order','customer_information','Customer information','2022-01-04 21:12:05','2022-01-04 21:12:05'),(3362,1,'vi','plugins/ecommerce/order','create_new_customer','Create new customer','2022-01-04 21:12:05','2022-01-04 21:12:05'),(3363,1,'vi','plugins/ecommerce/order','no_customer_found','No customer found!','2022-01-04 21:12:05','2022-01-04 21:12:05'),(3364,1,'vi','plugins/ecommerce/order','customer','Customer','2022-01-04 21:12:05','2022-01-04 21:12:05'),(3365,1,'vi','plugins/ecommerce/order','orders','order(s)','2022-01-04 21:12:05','2022-01-04 21:12:05'),(3366,1,'vi','plugins/ecommerce/order','shipping_address','Shipping Address','2022-01-04 21:12:05','2022-01-04 21:12:05'),(3367,1,'vi','plugins/ecommerce/order','see_on_maps','See on maps','2022-01-04 21:12:05','2022-01-04 21:12:05'),(3368,1,'vi','plugins/ecommerce/order','price','Price','2022-01-04 21:12:05','2022-01-04 21:12:05'),(3369,1,'vi','plugins/ecommerce/order','sku_optional','SKU (optional)','2022-01-04 21:12:05','2022-01-04 21:12:05'),(3370,1,'vi','plugins/ecommerce/order','with_storehouse_management','With storehouse management?','2022-01-04 21:12:05','2022-01-04 21:12:05'),(3371,1,'vi','plugins/ecommerce/order','quantity','Quantity','2022-01-04 21:12:05','2022-01-04 21:12:05'),(3372,1,'vi','plugins/ecommerce/order','allow_customer_checkout_when_this_product_out_of_stock','Allow customer checkout when this product out of stock?','2022-01-04 21:12:05','2022-01-04 21:12:05'),(3373,1,'vi','plugins/ecommerce/order','address','Address','2022-01-04 21:12:05','2022-01-04 21:12:05'),(3374,1,'vi','plugins/ecommerce/order','phone','Phone','2022-01-04 21:12:05','2022-01-04 21:12:05'),(3375,1,'vi','plugins/ecommerce/order','country','Country','2022-01-04 21:12:05','2022-01-04 21:12:05'),(3376,1,'vi','plugins/ecommerce/order','state','State','2022-01-04 21:12:05','2022-01-04 21:12:05'),(3377,1,'vi','plugins/ecommerce/order','city','City','2022-01-04 21:12:05','2022-01-04 21:12:05'),(3378,1,'vi','plugins/ecommerce/order','zip_code','Zip code','2022-01-04 21:12:05','2022-01-04 21:12:05'),(3379,1,'vi','plugins/ecommerce/order','discount_based_on','Discount based on','2022-01-04 21:12:05','2022-01-04 21:12:05'),(3380,1,'vi','plugins/ecommerce/order','or_coupon_code','Or coupon code','2022-01-04 21:12:05','2022-01-04 21:12:05'),(3381,1,'vi','plugins/ecommerce/order','description','Description','2022-01-04 21:12:05','2022-01-04 21:12:05'),(3382,1,'vi','plugins/ecommerce/order','how_to_select_configured_shipping','How to select configured shipping?','2022-01-04 21:12:05','2022-01-04 21:12:05'),(3383,1,'vi','plugins/ecommerce/order','please_add_customer_information_with_the_complete_shipping_address_to_see_the_configured_shipping_rates','Please add customer information with the complete shipping address to see the configured shipping rates','2022-01-04 21:12:05','2022-01-04 21:12:05'),(3384,1,'vi','plugins/ecommerce/order','free_shipping','Free shipping','2022-01-04 21:12:05','2022-01-04 21:12:05'),(3385,1,'vi','plugins/ecommerce/order','custom','Custom','2022-01-04 21:12:05','2022-01-04 21:12:05'),(3386,1,'vi','plugins/ecommerce/order','email','Email','2022-01-04 21:12:05','2022-01-04 21:12:05'),(3387,1,'vi','plugins/ecommerce/order','create_order','Create order','2022-01-04 21:12:05','2022-01-04 21:12:05'),(3388,1,'vi','plugins/ecommerce/order','close','Close','2022-01-04 21:12:05','2022-01-04 21:12:05'),(3389,1,'vi','plugins/ecommerce/order','confirm_payment_is_paid_for_this_order','Confirm payment is paid for this order','2022-01-04 21:12:05','2022-01-04 21:12:05'),(3390,1,'vi','plugins/ecommerce/order','payment_status_of_the_order_is_paid_once_the_order_has_been_created_you_cannot_change_the_payment_method_or_status','Payment status of the order is Paid. Once the order has been created, you cannot change the payment method or status','2022-01-04 21:12:05','2022-01-04 21:12:05'),(3391,1,'vi','plugins/ecommerce/order','select_payment_method','Select payment method','2022-01-04 21:12:05','2022-01-04 21:12:05'),(3392,1,'vi','plugins/ecommerce/order','cash_on_delivery_cod','Cash on delivery (COD)','2022-01-04 21:12:05','2022-01-04 21:12:05'),(3393,1,'vi','plugins/ecommerce/order','bank_transfer','Bank transfer','2022-01-04 21:12:05','2022-01-04 21:12:05'),(3394,1,'vi','plugins/ecommerce/order','paid_amount','Paid amount','2022-01-04 21:12:05','2022-01-04 21:12:05'),(3395,1,'vi','plugins/ecommerce/order','confirm_that_payment_for_this_order_will_be_paid_later','Confirm that payment for this order will be paid later','2022-01-04 21:12:05','2022-01-04 21:12:05'),(3396,1,'vi','plugins/ecommerce/order','payment_status_of_the_order_is_pending_once_the_order_has_been_created_you_cannot_change_the_payment_method_or_status','Payment status of the order is Pending. Once the order has been created, you cannot change the payment method or status','2022-01-04 21:12:05','2022-01-04 21:12:05'),(3397,1,'vi','plugins/ecommerce/order','pending_amount','Pending amount','2022-01-04 21:12:05','2022-01-04 21:12:05'),(3398,1,'vi','plugins/ecommerce/order','update_email','Update email','2022-01-04 21:12:05','2022-01-04 21:12:05'),(3399,1,'vi','plugins/ecommerce/order','save','Save','2022-01-04 21:12:05','2022-01-04 21:12:05'),(3400,1,'vi','plugins/ecommerce/order','cancel','Cancel','2022-01-04 21:12:05','2022-01-04 21:12:05'),(3401,1,'vi','plugins/ecommerce/order','create_a_new_order','Create a new order','2022-01-04 21:12:05','2022-01-04 21:12:05'),(3402,1,'vi','plugins/ecommerce/order','search_or_create_new_product','Search or create a new product','2022-01-04 21:12:05','2022-01-04 21:12:05'),(3403,1,'vi','plugins/ecommerce/order','search_or_create_new_customer','Search or create a new customer','2022-01-04 21:12:05','2022-01-04 21:12:05'),(3404,1,'vi','plugins/ecommerce/order','discount_description','Discount description','2022-01-04 21:12:05','2022-01-04 21:12:05'),(3405,1,'vi','plugins/ecommerce/order','cant_select_out_of_stock_product','Cannot select out of stock product!','2022-01-04 21:12:05','2022-01-04 21:12:05'),(3406,1,'vi','plugins/ecommerce/payment','name','Thanh toán','2022-01-04 21:12:05','2022-01-04 21:12:05'),(3407,1,'vi','plugins/ecommerce/payment','payment_method','Phương thức thanh toán','2022-01-04 21:12:05','2022-01-04 21:12:05'),(3408,1,'vi','plugins/ecommerce/payment','view_payment','Xem thanh toán #','2022-01-04 21:12:05','2022-01-04 21:12:05'),(3409,1,'vi','plugins/ecommerce/payment','charge_id','Mã giao dịch','2022-01-04 21:12:05','2022-01-04 21:12:05'),(3410,1,'vi','plugins/ecommerce/payment','amount','Số tiền','2022-01-04 21:12:05','2022-01-04 21:12:05'),(3411,1,'vi','plugins/ecommerce/payment','currency','Đơn vị tiền tệ','2022-01-04 21:12:05','2022-01-04 21:12:05'),(3412,1,'vi','plugins/ecommerce/payment','user','Người dùng','2022-01-04 21:12:05','2022-01-04 21:12:05'),(3413,1,'vi','plugins/ecommerce/payment','paypal_name_required','Tên của phương thức PayPal là bắt buộc!','2022-01-04 21:12:05','2022-01-04 21:12:05'),(3414,1,'vi','plugins/ecommerce/payment','paypal_name_max','Tên của phương thức PayPal quá dài!','2022-01-04 21:12:05','2022-01-04 21:12:05'),(3415,1,'vi','plugins/ecommerce/payment','stripe_name_required','Tên của phương thức Stripe là bắt buộc!','2022-01-04 21:12:05','2022-01-04 21:12:05'),(3416,1,'vi','plugins/ecommerce/payment','stripe_name_max','Tên của phương thức Stripe quá dài!','2022-01-04 21:12:05','2022-01-04 21:12:05'),(3417,1,'vi','plugins/ecommerce/payment','status','Trạng thái','2022-01-04 21:12:05','2022-01-04 21:12:05'),(3418,1,'vi','plugins/ecommerce/payment','enabled','Bật','2022-01-04 21:12:05','2022-01-04 21:12:05'),(3419,1,'vi','plugins/ecommerce/payment','disabled','Tắt','2022-01-04 21:12:05','2022-01-04 21:12:05'),(3420,1,'vi','plugins/ecommerce/payment','client_id','Client ID','2022-01-04 21:12:05','2022-01-04 21:12:05'),(3421,1,'vi','plugins/ecommerce/payment','client_secret','Client Secret','2022-01-04 21:12:05','2022-01-04 21:12:05'),(3422,1,'vi','plugins/ecommerce/payment','mode','Chế độ','2022-01-04 21:12:05','2022-01-04 21:12:05'),(3423,1,'vi','plugins/ecommerce/payment','sandbox','Sandbox','2022-01-04 21:12:05','2022-01-04 21:12:05'),(3424,1,'vi','plugins/ecommerce/payment','live','Live','2022-01-04 21:12:05','2022-01-04 21:12:05'),(3425,1,'vi','plugins/ecommerce/payment','enable_payment_log','Bật lưu nhật ký thanh toán','2022-01-04 21:12:05','2022-01-04 21:12:05'),(3426,1,'vi','plugins/ecommerce/payment','yes','Có','2022-01-04 21:12:05','2022-01-04 21:12:05'),(3427,1,'vi','plugins/ecommerce/payment','no','Không','2022-01-04 21:12:05','2022-01-04 21:12:05'),(3428,1,'vi','plugins/ecommerce/payment','client_key','Client Key','2022-01-04 21:12:05','2022-01-04 21:12:05'),(3429,1,'vi','plugins/ecommerce/payment','stripe','Stripe','2022-01-04 21:12:05','2022-01-04 21:12:05'),(3430,1,'vi','plugins/ecommerce/payment','paypal','PayPal','2022-01-04 21:12:05','2022-01-04 21:12:05'),(3431,1,'vi','plugins/ecommerce/payment','action','Hành động','2022-01-04 21:12:05','2022-01-04 21:12:05'),(3432,1,'vi','plugins/ecommerce/payment','go_back','Quay lại','2022-01-04 21:12:05','2022-01-04 21:12:05'),(3433,1,'vi','plugins/ecommerce/payment','view','Xem','2022-01-04 21:12:05','2022-01-04 21:12:05'),(3434,1,'vi','plugins/ecommerce/payment','cash_on_delivery','Thanh toán khi nhận hàng (COD)','2022-01-04 21:12:05','2022-01-04 21:12:05'),(3435,1,'vi','plugins/ecommerce/payment','via_bank_transfer','Thông qua chuyển khoản ngân hàng','2022-01-04 21:12:05','2022-01-04 21:12:05'),(3436,1,'vi','plugins/ecommerce/payment','payment_via_cart','Thanh toán bằng thẻ','2022-01-04 21:12:05','2022-01-04 21:12:05'),(3437,1,'vi','plugins/ecommerce/payment','card_number','Số thẻ','2022-01-04 21:12:05','2022-01-04 21:12:05'),(3438,1,'vi','plugins/ecommerce/payment','full_name','Tên trên thẻ','2022-01-04 21:12:05','2022-01-04 21:12:05'),(3439,1,'vi','plugins/ecommerce/payment','payment_via_paypal','Thanh toán thông qua PayPal','2022-01-04 21:12:05','2022-01-04 21:12:05'),(3440,1,'vi','plugins/ecommerce/payment','mm_yy','MM/YY','2022-01-04 21:12:05','2022-01-04 21:12:05'),(3441,1,'vi','plugins/ecommerce/payment','cvc','CVC','2022-01-04 21:12:05','2022-01-04 21:12:05'),(3442,1,'vi','plugins/ecommerce/payment','details','Chi tiết','2022-01-04 21:12:05','2022-01-04 21:12:05'),(3443,1,'vi','plugins/ecommerce/payment','payer_name','Người thanh toán','2022-01-04 21:12:05','2022-01-04 21:12:05'),(3444,1,'vi','plugins/ecommerce/payment','email','Địa chỉ email','2022-01-04 21:12:05','2022-01-04 21:12:05'),(3445,1,'vi','plugins/ecommerce/payment','phone','Điện thoại','2022-01-04 21:12:05','2022-01-04 21:12:05'),(3446,1,'vi','plugins/ecommerce/payment','country','Quốc gia','2022-01-04 21:12:05','2022-01-04 21:12:05'),(3447,1,'vi','plugins/ecommerce/payment','shipping_address','Địa chỉ giao hàng','2022-01-04 21:12:05','2022-01-04 21:12:05'),(3448,1,'vi','plugins/ecommerce/payment','payment_details','Chi tiết giao dịch','2022-01-04 21:12:05','2022-01-04 21:12:05'),(3449,1,'vi','plugins/ecommerce/payment','card','Thẻ','2022-01-04 21:12:05','2022-01-04 21:12:05'),(3450,1,'vi','plugins/ecommerce/payment','address','Địa chỉ','2022-01-04 21:12:05','2022-01-04 21:12:05'),(3451,1,'vi','plugins/ecommerce/payment','could_not_get_stripe_token','Không thể lấy mã Stripe để thanh toán','2022-01-04 21:12:05','2022-01-04 21:12:05'),(3452,1,'vi','plugins/ecommerce/payment','new_payment','Thanh toán cho đơn hàng :id','2022-01-04 21:12:05','2022-01-04 21:12:05'),(3453,1,'vi','plugins/ecommerce/payment','payment_id','Mã thanh toán','2022-01-04 21:12:05','2022-01-04 21:12:05'),(3454,1,'vi','plugins/ecommerce/prices','name','Price','2022-01-04 21:12:05','2022-01-04 21:12:05'),(3455,1,'vi','plugins/ecommerce/prices','create','New price','2022-01-04 21:12:05','2022-01-04 21:12:05'),(3456,1,'vi','plugins/ecommerce/prices','edit','Edit price','2022-01-04 21:12:05','2022-01-04 21:12:05'),(3457,1,'vi','plugins/ecommerce/prices','list','List price','2022-01-04 21:12:05','2022-01-04 21:12:05'),(3458,1,'vi','plugins/ecommerce/product-attribute-sets','name','Product attribute sets','2022-01-04 21:12:05','2022-01-04 21:12:05'),(3459,1,'vi','plugins/ecommerce/product-attribute-sets','create','New product attribute set','2022-01-04 21:12:05','2022-01-04 21:12:05'),(3460,1,'vi','plugins/ecommerce/product-attribute-sets','edit','Edit product attribute set','2022-01-04 21:12:05','2022-01-04 21:12:05'),(3461,1,'vi','plugins/ecommerce/product-attribute-sets','visible_in_categories','Visible in categories','2022-01-04 21:12:05','2022-01-04 21:12:05'),(3462,1,'vi','plugins/ecommerce/product-attribute-sets','product_with_more_version','Product with more version','2022-01-04 21:12:05','2022-01-04 21:12:05'),(3463,1,'vi','plugins/ecommerce/product-attribute-sets','create_a_version','Create a version','2022-01-04 21:12:05','2022-01-04 21:12:05'),(3464,1,'vi','plugins/ecommerce/product-attribute-sets','enabled','Enabled','2022-01-04 21:12:05','2022-01-04 21:12:05'),(3465,1,'vi','plugins/ecommerce/product-attribute-sets','attributes','Attributes','2022-01-04 21:12:05','2022-01-04 21:12:05'),(3466,1,'vi','plugins/ecommerce/product-attribute-sets','price','Price','2022-01-04 21:12:05','2022-01-04 21:12:05'),(3467,1,'vi','plugins/ecommerce/product-attribute-sets','edit_btn','Edit','2022-01-04 21:12:05','2022-01-04 21:12:05'),(3468,1,'vi','plugins/ecommerce/product-attribute-sets','remove_btn','Remove','2022-01-04 21:12:05','2022-01-04 21:12:05'),(3469,1,'vi','plugins/ecommerce/product-attribute-sets','product','Product','2022-01-04 21:12:05','2022-01-04 21:12:05'),(3470,1,'vi','plugins/ecommerce/product-attribute-sets','back_to_product','Back to product','2022-01-04 21:12:05','2022-01-04 21:12:05'),(3471,1,'vi','plugins/ecommerce/product-attribute-sets','save','Save','2022-01-04 21:12:05','2022-01-04 21:12:05'),(3472,1,'vi','plugins/ecommerce/product-attribute-sets','other_existing_versions','Other existing versions','2022-01-04 21:12:05','2022-01-04 21:12:05'),(3473,1,'vi','plugins/ecommerce/product-attribute-sets','version_information','Version information','2022-01-04 21:12:05','2022-01-04 21:12:05'),(3474,1,'vi','plugins/ecommerce/product-attribute-sets','add_rule','Add rule','2022-01-04 21:12:05','2022-01-04 21:12:05'),(3475,1,'vi','plugins/ecommerce/product-attribute-sets','rules','Rules','2022-01-04 21:12:05','2022-01-04 21:12:05'),(3476,1,'vi','plugins/ecommerce/product-attribute-sets','pricing','Pricing','2022-01-04 21:12:05','2022-01-04 21:12:05'),(3477,1,'vi','plugins/ecommerce/product-attribute-sets','sale_price','Sale price','2022-01-04 21:12:05','2022-01-04 21:12:05'),(3478,1,'vi','plugins/ecommerce/product-attribute-sets','sale_type','Sale type','2022-01-04 21:12:05','2022-01-04 21:12:05'),(3479,1,'vi','plugins/ecommerce/product-attribute-sets','no_sale_price','No sale price','2022-01-04 21:12:05','2022-01-04 21:12:05'),(3480,1,'vi','plugins/ecommerce/product-attribute-sets','always_on_sale','Always on sale','2022-01-04 21:12:05','2022-01-04 21:12:05'),(3481,1,'vi','plugins/ecommerce/product-attribute-sets','limited_time','Limited time','2022-01-04 21:12:05','2022-01-04 21:12:05'),(3482,1,'vi','plugins/ecommerce/product-attribute-sets','from','From','2022-01-04 21:12:06','2022-01-04 21:12:06'),(3483,1,'vi','plugins/ecommerce/product-attribute-sets','to','To','2022-01-04 21:12:06','2022-01-04 21:12:06'),(3484,1,'vi','plugins/ecommerce/product-attribute-sets','storehouse','Storehouse','2022-01-04 21:12:06','2022-01-04 21:12:06'),(3485,1,'vi','plugins/ecommerce/product-attribute-sets','no_storehouse_management','No storehouse management','2022-01-04 21:12:06','2022-01-04 21:12:06'),(3486,1,'vi','plugins/ecommerce/product-attribute-sets','with_storehouse_management','With storehouse management','2022-01-04 21:12:06','2022-01-04 21:12:06'),(3487,1,'vi','plugins/ecommerce/product-attribute-sets','quantity','Quantity','2022-01-04 21:12:06','2022-01-04 21:12:06'),(3488,1,'vi','plugins/ecommerce/product-attribute-sets','allow_customer_checkout_out_of_stock','Allow customer checkout when this product out of stock','2022-01-04 21:12:06','2022-01-04 21:12:06'),(3489,1,'vi','plugins/ecommerce/product-attribute-sets','shipping','Shipping','2022-01-04 21:12:06','2022-01-04 21:12:06'),(3490,1,'vi','plugins/ecommerce/product-attribute-sets','length','Length','2022-01-04 21:12:06','2022-01-04 21:12:06'),(3491,1,'vi','plugins/ecommerce/product-attribute-sets','wide','Wide','2022-01-04 21:12:06','2022-01-04 21:12:06'),(3492,1,'vi','plugins/ecommerce/product-attribute-sets','height','Height','2022-01-04 21:12:06','2022-01-04 21:12:06'),(3493,1,'vi','plugins/ecommerce/product-attribute-sets','weight','Weight','2022-01-04 21:12:06','2022-01-04 21:12:06'),(3494,1,'vi','plugins/ecommerce/product-attribute-sets','version_images','Version images','2022-01-04 21:12:06','2022-01-04 21:12:06'),(3495,1,'vi','plugins/ecommerce/product-attribute-sets','add_new_image','Add new image','2022-01-04 21:12:06','2022-01-04 21:12:06'),(3496,1,'vi','plugins/ecommerce/product-attribute-sets','attribute_set','Attribute set','2022-01-04 21:12:06','2022-01-04 21:12:06'),(3497,1,'vi','plugins/ecommerce/product-attribute-sets','value','Value','2022-01-04 21:12:06','2022-01-04 21:12:06'),(3498,1,'vi','plugins/ecommerce/product-attribute-sets','dropdown_swatch','Dropdown Swatch','2022-01-04 21:12:06','2022-01-04 21:12:06'),(3499,1,'vi','plugins/ecommerce/product-attribute-sets','visual_swatch','Visual Swatch','2022-01-04 21:12:06','2022-01-04 21:12:06'),(3500,1,'vi','plugins/ecommerce/product-attribute-sets','text_swatch','Text Swatch','2022-01-04 21:12:06','2022-01-04 21:12:06'),(3501,1,'vi','plugins/ecommerce/product-attributes','name','Thuộc tính sản phẩm','2022-01-04 21:12:06','2022-01-04 21:12:06'),(3502,1,'vi','plugins/ecommerce/product-attributes','create','Tạo','2022-01-04 21:12:06','2022-01-04 21:12:06'),(3503,1,'vi','plugins/ecommerce/product-attributes','edit','Sửa','2022-01-04 21:12:06','2022-01-04 21:12:06'),(3504,1,'vi','plugins/ecommerce/product-attributes','intro.title','Quản lý danh sách thuộc tính sản phẩm','2022-01-04 21:12:06','2022-01-04 21:12:06'),(3505,1,'vi','plugins/ecommerce/product-attributes','intro.description','Các thuộc tính của sản phẩm như màu sắc, kích thước ...','2022-01-04 21:12:06','2022-01-04 21:12:06'),(3506,1,'vi','plugins/ecommerce/product-attributes','intro.button_text','Tạo thuộc tính sản phẩm','2022-01-04 21:12:06','2022-01-04 21:12:06'),(3507,1,'vi','plugins/ecommerce/product-categories','create','Create new product category','2022-01-04 21:12:06','2022-01-04 21:12:06'),(3508,1,'vi','plugins/ecommerce/product-categories','edit','Edit product category','2022-01-04 21:12:06','2022-01-04 21:12:06'),(3509,1,'vi','plugins/ecommerce/product-categories','name','Danh mục sản phẩm','2022-01-04 21:12:06','2022-01-04 21:12:06'),(3510,1,'vi','plugins/ecommerce/product-categories','none','Không có','2022-01-04 21:12:06','2022-01-04 21:12:06'),(3511,1,'vi','plugins/ecommerce/product-categories','menu','Danh mục sản phẩm','2022-01-04 21:12:06','2022-01-04 21:12:06'),(3512,1,'vi','plugins/ecommerce/product-categories','intro.title','Quản lý danh sách danh mục sản phẩm','2022-01-04 21:12:06','2022-01-04 21:12:06'),(3513,1,'vi','plugins/ecommerce/product-categories','intro.description','Danh mục sản phẩm như quần áo, giày dép, linh kiện điện tử ...','2022-01-04 21:12:06','2022-01-04 21:12:06'),(3514,1,'vi','plugins/ecommerce/product-categories','intro.button_text','Tạo danh mục sản phẩm','2022-01-04 21:12:06','2022-01-04 21:12:06'),(3515,1,'vi','plugins/ecommerce/product-categories','total_products','Tổng sản phẩm: :total','2022-01-04 21:12:06','2022-01-04 21:12:06'),(3516,1,'vi','plugins/ecommerce/product-collections','name','Nhóm sản phẩm','2022-01-04 21:12:06','2022-01-04 21:12:06'),(3517,1,'vi','plugins/ecommerce/product-collections','create','Thêm nhóm sản phẩm','2022-01-04 21:12:06','2022-01-04 21:12:06'),(3518,1,'vi','plugins/ecommerce/product-collections','edit','Sửa nhóm sản phẩm','2022-01-04 21:12:06','2022-01-04 21:12:06'),(3519,1,'vi','plugins/ecommerce/product-collections','slug_help_block','Label key: <code>:slug</code>. We will use this key for filter.','2022-01-04 21:12:06','2022-01-04 21:12:06'),(3520,1,'vi','plugins/ecommerce/product-collections','intro.title','Quản lý nhóm sản phẩm','2022-01-04 21:12:06','2022-01-04 21:12:06'),(3521,1,'vi','plugins/ecommerce/product-collections','intro.description','Nhóm sản phẩm giúp quản lý sản phẩm và khách hàng tìm kiếm sản phẩm một cách dễ dàng.','2022-01-04 21:12:06','2022-01-04 21:12:06'),(3522,1,'vi','plugins/ecommerce/product-collections','intro.button_text','Tạo nhóm sản phẩm','2022-01-04 21:12:06','2022-01-04 21:12:06'),(3523,1,'vi','plugins/ecommerce/products','name','Sản phẩm','2022-01-04 21:12:06','2022-01-04 21:12:06'),(3524,1,'vi','plugins/ecommerce/products','create','Thêm sản phẩm mới','2022-01-04 21:12:06','2022-01-04 21:12:06'),(3525,1,'vi','plugins/ecommerce/products','edit','Sửa sản phẩm - :name','2022-01-04 21:12:06','2022-01-04 21:12:06'),(3526,1,'vi','plugins/ecommerce/products','form.name','Tên sản phẩm','2022-01-04 21:12:06','2022-01-04 21:12:06'),(3527,1,'vi','plugins/ecommerce/products','form.name_placeholder','Tên sản phẩm (Tối đa 120 chữ cái)','2022-01-04 21:12:06','2022-01-04 21:12:06'),(3528,1,'vi','plugins/ecommerce/products','form.description','Mô tả ngắn','2022-01-04 21:12:06','2022-01-04 21:12:06'),(3529,1,'vi','plugins/ecommerce/products','form.description_placeholder','Mô tả ngắn gọn cho sản phẩm (Tối đa 400 chữ cái)','2022-01-04 21:12:06','2022-01-04 21:12:06'),(3530,1,'vi','plugins/ecommerce/products','form.categories','Danh mục','2022-01-04 21:12:06','2022-01-04 21:12:06'),(3531,1,'vi','plugins/ecommerce/products','form.content','Chi tiết sản phẩm','2022-01-04 21:12:06','2022-01-04 21:12:06'),(3532,1,'vi','plugins/ecommerce/products','form.price','Giá cơ bản','2022-01-04 21:12:06','2022-01-04 21:12:06'),(3533,1,'vi','plugins/ecommerce/products','form.price_sale','Giá giảm','2022-01-04 21:12:06','2022-01-04 21:12:06'),(3534,1,'vi','plugins/ecommerce/products','form.quantity','Số lượng','2022-01-04 21:12:06','2022-01-04 21:12:06'),(3535,1,'vi','plugins/ecommerce/products','form.brand','Thương hiệu','2022-01-04 21:12:06','2022-01-04 21:12:06'),(3536,1,'vi','plugins/ecommerce/products','form.width','Rộng','2022-01-04 21:12:06','2022-01-04 21:12:06'),(3537,1,'vi','plugins/ecommerce/products','form.height','Cao','2022-01-04 21:12:06','2022-01-04 21:12:06'),(3538,1,'vi','plugins/ecommerce/products','form.weight','Cân nặng','2022-01-04 21:12:06','2022-01-04 21:12:06'),(3539,1,'vi','plugins/ecommerce/products','form.image','Hình ảnh','2022-01-04 21:12:06','2022-01-04 21:12:06'),(3540,1,'vi','plugins/ecommerce/products','form.product_type.title','Loại sản phẩm','2022-01-04 21:12:06','2022-01-04 21:12:06'),(3541,1,'vi','plugins/ecommerce/products','form.stock.title','Tình trạng kho','2022-01-04 21:12:06','2022-01-04 21:12:06'),(3542,1,'vi','plugins/ecommerce/products','form.stock.in_stock','Còn hàng','2022-01-04 21:12:06','2022-01-04 21:12:06'),(3543,1,'vi','plugins/ecommerce/products','form.stock.out_stock','Hết hàng','2022-01-04 21:12:06','2022-01-04 21:12:06'),(3544,1,'vi','plugins/ecommerce/products','form.stock.allow_order_when_out','Cho phép đặt hàng khi hết','2022-01-04 21:12:06','2022-01-04 21:12:06'),(3545,1,'vi','plugins/ecommerce/products','form.storehouse.title','Quản lý kho','2022-01-04 21:12:06','2022-01-04 21:12:06'),(3546,1,'vi','plugins/ecommerce/products','form.storehouse.no_storehouse','Không quản lý kho','2022-01-04 21:12:06','2022-01-04 21:12:06'),(3547,1,'vi','plugins/ecommerce/products','form.storehouse.storehouse','Quản lý kho','2022-01-04 21:12:06','2022-01-04 21:12:06'),(3548,1,'vi','plugins/ecommerce/products','form.storehouse.quantity','Số lượng','2022-01-04 21:12:06','2022-01-04 21:12:06'),(3549,1,'vi','plugins/ecommerce/products','form.shipping.title','Giao hàng','2022-01-04 21:12:06','2022-01-04 21:12:06'),(3550,1,'vi','plugins/ecommerce/products','form.shipping.length','Chiều dài','2022-01-04 21:12:06','2022-01-04 21:12:06'),(3551,1,'vi','plugins/ecommerce/products','form.shipping.wide','Chiều rộng','2022-01-04 21:12:06','2022-01-04 21:12:06'),(3552,1,'vi','plugins/ecommerce/products','form.shipping.height','Chiều cao','2022-01-04 21:12:06','2022-01-04 21:12:06'),(3553,1,'vi','plugins/ecommerce/products','form.shipping.weight','Cân nặng','2022-01-04 21:12:06','2022-01-04 21:12:06'),(3554,1,'vi','plugins/ecommerce/products','form.date.start','Ngày bắt đầu','2022-01-04 21:12:06','2022-01-04 21:12:06'),(3555,1,'vi','plugins/ecommerce/products','form.date.end','Ngày kết thúc','2022-01-04 21:12:06','2022-01-04 21:12:06'),(3556,1,'vi','plugins/ecommerce/products','form.tags','Nhãn','2022-01-04 21:12:06','2022-01-04 21:12:06'),(3557,1,'vi','plugins/ecommerce/products','form.tax','Thuế','2022-01-04 21:12:06','2022-01-04 21:12:06'),(3558,1,'vi','plugins/ecommerce/products','price','Giá cơ bản','2022-01-04 21:12:06','2022-01-04 21:12:06'),(3559,1,'vi','plugins/ecommerce/products','price_sale','Giá giảm','2022-01-04 21:12:06','2022-01-04 21:12:06'),(3560,1,'vi','plugins/ecommerce/products','quantity','Số lượng','2022-01-04 21:12:06','2022-01-04 21:12:06'),(3561,1,'vi','plugins/ecommerce/products','type','Loại sản phẩm','2022-01-04 21:12:06','2022-01-04 21:12:06'),(3562,1,'vi','plugins/ecommerce/products','image','Ảnh','2022-01-04 21:12:06','2022-01-04 21:12:06'),(3563,1,'vi','plugins/ecommerce/products','sku','Mã sản phẩm','2022-01-04 21:12:06','2022-01-04 21:12:06'),(3564,1,'vi','plugins/ecommerce/products','brand','Thương hiệu','2022-01-04 21:12:06','2022-01-04 21:12:06'),(3565,1,'vi','plugins/ecommerce/products','cannot_delete','Product could not be deleted','2022-01-04 21:12:06','2022-01-04 21:12:06'),(3566,1,'vi','plugins/ecommerce/products','product_deleted','Product deleted','2022-01-04 21:12:06','2022-01-04 21:12:06'),(3567,1,'vi','plugins/ecommerce/products','products','Sản phẩm','2022-01-04 21:12:06','2022-01-04 21:12:06'),(3568,1,'vi','plugins/ecommerce/products','menu','Sản phẩm','2022-01-04 21:12:06','2022-01-04 21:12:06'),(3569,1,'vi','plugins/ecommerce/products','control.button_add_image','Thêm hình ảnh','2022-01-04 21:12:06','2022-01-04 21:12:06'),(3570,1,'vi','plugins/ecommerce/products','overview','Tổng quan','2022-01-04 21:12:06','2022-01-04 21:12:06'),(3571,1,'vi','plugins/ecommerce/products','attributes','Thuộc tính','2022-01-04 21:12:06','2022-01-04 21:12:06'),(3572,1,'vi','plugins/ecommerce/products','product_has_variations','Sản phẩm có nhiều phiên bản','2022-01-04 21:12:06','2022-01-04 21:12:06'),(3573,1,'vi','plugins/ecommerce/products','manage_products','Quản lý danh sách sản phẩm','2022-01-04 21:12:06','2022-01-04 21:12:06'),(3574,1,'vi','plugins/ecommerce/products','add_new_product','Tạo sản phẩm','2022-01-04 21:12:06','2022-01-04 21:12:06'),(3575,1,'vi','plugins/ecommerce/products','start_by_adding_new_product','Bắt đầu bán hàng bằng việc thêm sản phẩm.','2022-01-04 21:12:06','2022-01-04 21:12:06'),(3576,1,'vi','plugins/ecommerce/reports','name','Báo cáo','2022-01-04 21:12:06','2022-01-04 21:12:06'),(3577,1,'vi','plugins/ecommerce/reports','widget.order.title','Đơn hàng','2022-01-04 21:12:06','2022-01-04 21:12:06'),(3578,1,'vi','plugins/ecommerce/reports','count.revenue','Doanh thu hôm nay','2022-01-04 21:12:06','2022-01-04 21:12:06'),(3579,1,'vi','plugins/ecommerce/reports','count.orders','Đơn hàng hôm nay','2022-01-04 21:12:06','2022-01-04 21:12:06'),(3580,1,'vi','plugins/ecommerce/reports','count.products','Sản phẩm','2022-01-04 21:12:06','2022-01-04 21:12:06'),(3581,1,'vi','plugins/ecommerce/reports','count.customers','Khách hàng','2022-01-04 21:12:06','2022-01-04 21:12:06'),(3582,1,'vi','plugins/ecommerce/reports','product_name','Tên sản phẩm','2022-01-04 21:12:06','2022-01-04 21:12:06'),(3583,1,'vi','plugins/ecommerce/reports','quantity','Số lượng','2022-01-04 21:12:06','2022-01-04 21:12:06'),(3584,1,'vi','plugins/ecommerce/reports','revenue_statistics','Thống kê doanh thu','2022-01-04 21:12:06','2022-01-04 21:12:06'),(3585,1,'vi','plugins/ecommerce/reports','top_selling_products','Sản phẩm bán chạy trong tháng','2022-01-04 21:12:06','2022-01-04 21:12:06'),(3586,1,'vi','plugins/ecommerce/review','name','Đánh giá','2022-01-04 21:12:06','2022-01-04 21:12:06'),(3587,1,'vi','plugins/ecommerce/review','list_review','Khách hàng đánh giá','2022-01-04 21:12:06','2022-01-04 21:12:06'),(3588,1,'vi','plugins/ecommerce/review','add_review','Thêm đánh giá','2022-01-04 21:12:06','2022-01-04 21:12:06'),(3589,1,'vi','plugins/ecommerce/review','delete_review','Xóa đánh giá','2022-01-04 21:12:06','2022-01-04 21:12:06'),(3590,1,'vi','plugins/ecommerce/review','create_review','Tạo đánh giá','2022-01-04 21:12:06','2022-01-04 21:12:06'),(3591,1,'vi','plugins/ecommerce/review','please_select_rating','Chọn đánh giá','2022-01-04 21:12:06','2022-01-04 21:12:06'),(3592,1,'vi','plugins/ecommerce/review','comment','Bình luận','2022-01-04 21:12:06','2022-01-04 21:12:06'),(3593,1,'vi','plugins/ecommerce/review','approve','Chấp thuận','2022-01-04 21:12:06','2022-01-04 21:12:06'),(3594,1,'vi','plugins/ecommerce/review','approved','Đã chấp thuận','2022-01-04 21:12:06','2022-01-04 21:12:06'),(3595,1,'vi','plugins/ecommerce/review','disapprove','Không chấp thuận','2022-01-04 21:12:06','2022-01-04 21:12:06'),(3596,1,'vi','plugins/ecommerce/review','disapproved','Đã không chấp thuận','2022-01-04 21:12:06','2022-01-04 21:12:06'),(3597,1,'vi','plugins/ecommerce/review','product','Sản phẩm','2022-01-04 21:12:06','2022-01-04 21:12:06'),(3598,1,'vi','plugins/ecommerce/review','user','Người dùng','2022-01-04 21:12:06','2022-01-04 21:12:06'),(3599,1,'vi','plugins/ecommerce/review','star','Sao','2022-01-04 21:12:06','2022-01-04 21:12:06'),(3600,1,'vi','plugins/ecommerce/review','status','Trạng thái','2022-01-04 21:12:06','2022-01-04 21:12:06'),(3601,1,'vi','plugins/ecommerce/review','intro.title','Quản lý danh sách nhận xét của khách hàng','2022-01-04 21:12:06','2022-01-04 21:12:06'),(3602,1,'vi','plugins/ecommerce/review','intro.description','Lưu trữ các nhận xét, đánh giá của khách hàng','2022-01-04 21:12:06','2022-01-04 21:12:06'),(3603,1,'vi','plugins/ecommerce/shipping','name','Phí vận chuyển','2022-01-04 21:12:06','2022-01-04 21:12:06'),(3604,1,'vi','plugins/ecommerce/shipping','shipping','Vận chuyển','2022-01-04 21:12:06','2022-01-04 21:12:06'),(3605,1,'vi','plugins/ecommerce/shipping','title','Title','2022-01-04 21:12:06','2022-01-04 21:12:06'),(3606,1,'vi','plugins/ecommerce/shipping','country','Quốc gia','2022-01-04 21:12:06','2022-01-04 21:12:06'),(3607,1,'vi','plugins/ecommerce/shipping','state','State','2022-01-04 21:12:06','2022-01-04 21:12:06'),(3608,1,'vi','plugins/ecommerce/shipping','city','City','2022-01-04 21:12:06','2022-01-04 21:12:06'),(3609,1,'vi','plugins/ecommerce/shipping','amount','Amount','2022-01-04 21:12:06','2022-01-04 21:12:06'),(3610,1,'vi','plugins/ecommerce/shipping','enable','Enable','2022-01-04 21:12:06','2022-01-04 21:12:06'),(3611,1,'vi','plugins/ecommerce/shipping','enabled','Enabled','2022-01-04 21:12:06','2022-01-04 21:12:06'),(3612,1,'vi','plugins/ecommerce/shipping','disable','Disable','2022-01-04 21:12:06','2022-01-04 21:12:06'),(3613,1,'vi','plugins/ecommerce/shipping','disabled','Disabled','2022-01-04 21:12:06','2022-01-04 21:12:06'),(3614,1,'vi','plugins/ecommerce/shipping','create_shipping','Create a shipping','2022-01-04 21:12:06','2022-01-04 21:12:06'),(3615,1,'vi','plugins/ecommerce/shipping','edit_shipping','Edit shipping #','2022-01-04 21:12:06','2022-01-04 21:12:06'),(3616,1,'vi','plugins/ecommerce/shipping','status','Status','2022-01-04 21:12:06','2022-01-04 21:12:06'),(3617,1,'vi','plugins/ecommerce/shipping','shipping_methods','Phương thức vận chuyển','2022-01-04 21:12:06','2022-01-04 21:12:06'),(3618,1,'vi','plugins/ecommerce/shipping','create_shipping_method','Tạo phương thức vận chuyển','2022-01-04 21:12:06','2022-01-04 21:12:06'),(3619,1,'vi','plugins/ecommerce/shipping','edit_shipping_method','Sửa phương thức vận chuyển','2022-01-04 21:12:06','2022-01-04 21:12:06'),(3620,1,'vi','plugins/ecommerce/shipping','add_shipping_region','Thêm khu vực vận chuyển','2022-01-04 21:12:06','2022-01-04 21:12:06'),(3621,1,'vi','plugins/ecommerce/shipping','methods.default','Default','2022-01-04 21:12:06','2022-01-04 21:12:06'),(3622,1,'vi','plugins/ecommerce/shipping','statuses.not_approved','Not approved','2022-01-04 21:12:06','2022-01-04 21:12:06'),(3623,1,'vi','plugins/ecommerce/shipping','statuses.approved','Approved','2022-01-04 21:12:06','2022-01-04 21:12:06'),(3624,1,'vi','plugins/ecommerce/shipping','statuses.picking','Picking','2022-01-04 21:12:06','2022-01-04 21:12:06'),(3625,1,'vi','plugins/ecommerce/shipping','statuses.delay_picking','Delay picking','2022-01-04 21:12:06','2022-01-04 21:12:06'),(3626,1,'vi','plugins/ecommerce/shipping','statuses.picked','Picked','2022-01-04 21:12:06','2022-01-04 21:12:06'),(3627,1,'vi','plugins/ecommerce/shipping','statuses.not_picked','Not picked','2022-01-04 21:12:06','2022-01-04 21:12:06'),(3628,1,'vi','plugins/ecommerce/shipping','statuses.delivering','Delivering','2022-01-04 21:12:06','2022-01-04 21:12:06'),(3629,1,'vi','plugins/ecommerce/shipping','statuses.delivered','Delivered','2022-01-04 21:12:06','2022-01-04 21:12:06'),(3630,1,'vi','plugins/ecommerce/shipping','statuses.not_delivered','Not delivered','2022-01-04 21:12:06','2022-01-04 21:12:06'),(3631,1,'vi','plugins/ecommerce/shipping','statuses.audited','Audited','2022-01-04 21:12:06','2022-01-04 21:12:06'),(3632,1,'vi','plugins/ecommerce/shipping','statuses.canceled','Canceled','2022-01-04 21:12:06','2022-01-04 21:12:06'),(3633,1,'vi','plugins/ecommerce/shipping','cod_statuses.pending','Pending','2022-01-04 21:12:06','2022-01-04 21:12:06'),(3634,1,'vi','plugins/ecommerce/shipping','cod_statuses.completed','Completed','2022-01-04 21:12:06','2022-01-04 21:12:06'),(3635,1,'vi','plugins/ecommerce/store-locator','name','Địa chỉ cửa hàng','2022-01-04 21:12:06','2022-01-04 21:12:06'),(3636,1,'vi','plugins/ecommerce/store-locator','description','Địa chỉ này sẽ xuất hiện trên hoá đơn của bạn và sẽ được sử dụng để tính toán mức giá vận chuyển của bạn.','2022-01-04 21:12:06','2022-01-04 21:12:06'),(3637,1,'vi','plugins/ecommerce/store-locator','shop_name','Tên cửa hàng','2022-01-04 21:12:06','2022-01-04 21:12:06'),(3638,1,'vi','plugins/ecommerce/store-locator','phone','Điện thoại','2022-01-04 21:12:06','2022-01-04 21:12:06'),(3639,1,'vi','plugins/ecommerce/store-locator','address','Địa chỉ','2022-01-04 21:12:06','2022-01-04 21:12:06'),(3640,1,'vi','plugins/ecommerce/tax','name','Thuế','2022-01-04 21:12:06','2022-01-04 21:12:06'),(3641,1,'vi','plugins/ecommerce/tax','create','Tạo thuế','2022-01-04 21:12:06','2022-01-04 21:12:06'),(3642,1,'vi','plugins/ecommerce/tax','edit','Chỉnh sửa thuế :title','2022-01-04 21:12:06','2022-01-04 21:12:06'),(3643,1,'vi','plugins/ecommerce/tax','title','Tiêu đề','2022-01-04 21:12:06','2022-01-04 21:12:06'),(3644,1,'vi','plugins/ecommerce/tax','percentage','Tỉ lệ phần trăm %','2022-01-04 21:12:06','2022-01-04 21:12:06'),(3645,1,'vi','plugins/ecommerce/tax','priority','Thứ tự ưu tiên','2022-01-04 21:12:06','2022-01-04 21:12:06'),(3646,1,'vi','plugins/ecommerce/tax','select_tax','-- lựa chọn --','2022-01-04 21:12:06','2022-01-04 21:12:06'),(3647,1,'en','plugins/faq/faq-category','name','Categories','2022-01-04 21:12:07','2022-01-04 21:12:07'),(3648,1,'en','plugins/faq/faq-category','create','New category','2022-01-04 21:12:07','2022-01-04 21:12:07'),(3649,1,'en','plugins/faq/faq-category','edit','Edit category','2022-01-04 21:12:07','2022-01-04 21:12:07'),(3650,1,'en','plugins/faq/faq','name','FAQ','2022-01-04 21:12:07','2022-01-04 21:12:07'),(3651,1,'en','plugins/faq/faq','create','New faq','2022-01-04 21:12:07','2022-01-04 21:12:07'),(3652,1,'en','plugins/faq/faq','edit','Edit faq','2022-01-04 21:12:07','2022-01-04 21:12:07'),(3653,1,'en','plugins/faq/faq','question','Question','2022-01-04 21:12:07','2022-01-04 21:12:07'),(3654,1,'en','plugins/faq/faq','answer','Answer','2022-01-04 21:12:07','2022-01-04 21:12:07'),(3655,1,'en','plugins/faq/faq','category','Category','2022-01-04 21:12:07','2022-01-04 21:12:07'),(3656,1,'en','plugins/faq/faq','all','All','2022-01-04 21:12:07','2022-01-04 21:12:07'),(3657,1,'en','plugins/faq/faq','faq_schema_config','FAQ schema configuration (:link)','2022-01-04 21:12:07','2022-01-04 21:12:07'),(3658,1,'en','plugins/faq/faq','learn_more','Learn more','2022-01-04 21:12:07','2022-01-04 21:12:07'),(3659,1,'en','plugins/faq/faq','settings.title','FAQ','2022-01-04 21:12:07','2022-01-04 21:12:07'),(3660,1,'en','plugins/faq/faq','settings.description','Settings for FAQ','2022-01-04 21:12:07','2022-01-04 21:12:07'),(3661,1,'en','plugins/faq/faq','settings.enable_faq_schema','Enable FAQ Schema?','2022-01-04 21:12:07','2022-01-04 21:12:07'),(3662,1,'en','plugins/faq/faq','settings.enable_faq_schema_description','Learn more: https://developers.google.com/search/docs/data-types/faqpage','2022-01-04 21:12:07','2022-01-04 21:12:07'),(3663,1,'en','plugins/faq/faq','select_category','Select a category','2022-01-04 21:12:07','2022-01-04 21:12:07'),(3664,1,'en','plugins/faq/faq','add_item','Add item','2022-01-04 21:12:07','2022-01-04 21:12:07'),(3665,1,'en','plugins/language/language','name','Languages','2022-01-04 21:12:07','2022-01-04 21:12:07'),(3666,1,'en','plugins/language/language','choose_language','Choose a language','2022-01-04 21:12:07','2022-01-04 21:12:07'),(3667,1,'en','plugins/language/language','select_language','Select language','2022-01-04 21:12:07','2022-01-04 21:12:07'),(3668,1,'en','plugins/language/language','choose_language_helper','You can choose a language in the list or directly edit it below.','2022-01-04 21:12:07','2022-01-04 21:12:07'),(3669,1,'en','plugins/language/language','language_name','Language name','2022-01-04 21:12:07','2022-01-04 21:12:07'),(3670,1,'en','plugins/language/language','language_name_helper','The name is how it is displayed on your site (for example: English).','2022-01-04 21:12:07','2022-01-04 21:12:07'),(3671,1,'en','plugins/language/language','locale','Locale','2022-01-04 21:12:07','2022-01-04 21:12:07'),(3672,1,'en','plugins/language/language','locale_helper','Laravel Locale for the language (for example: <code>en</code>).','2022-01-04 21:12:07','2022-01-04 21:12:07'),(3673,1,'en','plugins/language/language','language_code','Language code','2022-01-04 21:12:07','2022-01-04 21:12:07'),(3674,1,'en','plugins/language/language','language_code_helper','Language code - preferably 2-letters ISO 639-1 (for example: en)','2022-01-04 21:12:07','2022-01-04 21:12:07'),(3675,1,'en','plugins/language/language','text_direction','Text direction','2022-01-04 21:12:07','2022-01-04 21:12:07'),(3676,1,'en','plugins/language/language','text_direction_helper','Choose the text direction for the language','2022-01-04 21:12:07','2022-01-04 21:12:07'),(3677,1,'en','plugins/language/language','left_to_right','Left to right','2022-01-04 21:12:07','2022-01-04 21:12:07'),(3678,1,'en','plugins/language/language','right_to_left','Right to left','2022-01-04 21:12:07','2022-01-04 21:12:07'),(3679,1,'en','plugins/language/language','flag','Flag','2022-01-04 21:12:07','2022-01-04 21:12:07'),(3680,1,'en','plugins/language/language','flag_helper','Choose a flag for the language.','2022-01-04 21:12:07','2022-01-04 21:12:07'),(3681,1,'en','plugins/language/language','order','Order','2022-01-04 21:12:07','2022-01-04 21:12:07'),(3682,1,'en','plugins/language/language','order_helper','Position of the language in the language switcher','2022-01-04 21:12:07','2022-01-04 21:12:07'),(3683,1,'en','plugins/language/language','add_new_language','Add new language','2022-01-04 21:12:07','2022-01-04 21:12:07'),(3684,1,'en','plugins/language/language','code','Code','2022-01-04 21:12:07','2022-01-04 21:12:07'),(3685,1,'en','plugins/language/language','default_language','Is default?','2022-01-04 21:12:07','2022-01-04 21:12:07'),(3686,1,'en','plugins/language/language','actions','Actions','2022-01-04 21:12:07','2022-01-04 21:12:07'),(3687,1,'en','plugins/language/language','translations','Translations','2022-01-04 21:12:07','2022-01-04 21:12:07'),(3688,1,'en','plugins/language/language','edit','Edit','2022-01-04 21:12:07','2022-01-04 21:12:07'),(3689,1,'en','plugins/language/language','edit_tooltip','Edit this language','2022-01-04 21:12:07','2022-01-04 21:12:07'),(3690,1,'en','plugins/language/language','delete','Delete','2022-01-04 21:12:07','2022-01-04 21:12:07'),(3691,1,'en','plugins/language/language','delete_tooltip','Delete this language and all its associated data','2022-01-04 21:12:07','2022-01-04 21:12:07'),(3692,1,'en','plugins/language/language','choose_default_language','Choose :language as default language','2022-01-04 21:12:07','2022-01-04 21:12:07'),(3693,1,'en','plugins/language/language','current_language','Current record\'s language','2022-01-04 21:12:07','2022-01-04 21:12:07'),(3694,1,'en','plugins/language/language','edit_related','Edit related language for this record','2022-01-04 21:12:07','2022-01-04 21:12:07'),(3695,1,'en','plugins/language/language','add_language_for_item','Add other language version for this record','2022-01-04 21:12:07','2022-01-04 21:12:07'),(3696,1,'en','plugins/language/language','settings','Settings','2022-01-04 21:12:07','2022-01-04 21:12:07'),(3697,1,'en','plugins/language/language','language_hide_default','Hide default language from URL?','2022-01-04 21:12:07','2022-01-04 21:12:07'),(3698,1,'en','plugins/language/language','language_display_flag_only','Flag only','2022-01-04 21:12:07','2022-01-04 21:12:07'),(3699,1,'en','plugins/language/language','language_display_name_only','Name only','2022-01-04 21:12:07','2022-01-04 21:12:07'),(3700,1,'en','plugins/language/language','language_display_all','Display all flag and name','2022-01-04 21:12:07','2022-01-04 21:12:07'),(3701,1,'en','plugins/language/language','language_display','Language display','2022-01-04 21:12:07','2022-01-04 21:12:07'),(3702,1,'en','plugins/language/language','switcher_display','Switcher language display','2022-01-04 21:12:07','2022-01-04 21:12:07'),(3703,1,'en','plugins/language/language','language_switcher_display_dropdown','Dropdown','2022-01-04 21:12:07','2022-01-04 21:12:07'),(3704,1,'en','plugins/language/language','language_switcher_display_list','List','2022-01-04 21:12:07','2022-01-04 21:12:07'),(3705,1,'en','plugins/language/language','current_language_edit_notification','You are editing \"<strong class=\"current_language_text\">:language</strong>\" version','2022-01-04 21:12:07','2022-01-04 21:12:07'),(3706,1,'en','plugins/language/language','confirm-change-language','Confirm change language','2022-01-04 21:12:07','2022-01-04 21:12:07'),(3707,1,'en','plugins/language/language','confirm-change-language-message','Do you really want to change language to \"<strong class=\"change_to_language_text\"></strong>\" ? This action will be override \"<strong class=\"change_to_language_text\"></strong>\" version if it\'s existed!','2022-01-04 21:12:07','2022-01-04 21:12:07'),(3708,1,'en','plugins/language/language','confirm-change-language-btn','Confirm change','2022-01-04 21:12:07','2022-01-04 21:12:07'),(3709,1,'en','plugins/language/language','hide_languages','Hide languages','2022-01-04 21:12:07','2022-01-04 21:12:07'),(3710,1,'en','plugins/language/language','hide_languages_description','You can completely hide content in specific languages from visitors and search engines, but still view it yourself. This allows reviewing translations that are in progress.','2022-01-04 21:12:07','2022-01-04 21:12:07'),(3711,1,'en','plugins/language/language','hide_languages_helper_display_hidden','{0} All languages are currently displayed.|{1} :language is currently hidden to visitors.|[2, Inf] :language are currently hidden to visitors.','2022-01-04 21:12:07','2022-01-04 21:12:07'),(3712,1,'en','plugins/language/language','show_all','Show all','2022-01-04 21:12:07','2022-01-04 21:12:07'),(3713,1,'en','plugins/language/language','change_language','Language','2022-01-04 21:12:07','2022-01-04 21:12:07'),(3714,1,'en','plugins/language/language','language_show_default_item_if_current_version_not_existed','Show item in default language if it is not existed in current language','2022-01-04 21:12:07','2022-01-04 21:12:07'),(3715,1,'en','plugins/language/language','select_flag','Select a flag...','2022-01-04 21:12:07','2022-01-04 21:12:07'),(3716,1,'en','plugins/language/language','delete_confirmation_message','Do you really want to delete this language? It also deletes all items in this language and cannot rollback!','2022-01-04 21:12:07','2022-01-04 21:12:07'),(3717,1,'en','plugins/language/language','added_already','This language was added already!','2022-01-04 21:12:07','2022-01-04 21:12:07'),(3718,1,'en','plugins/language/language','language_auto_detect_user_language','Auto detect user language?','2022-01-04 21:12:07','2022-01-04 21:12:07'),(3719,1,'en','plugins/newsletter/newsletter','name','Newsletters','2022-01-04 21:12:07','2022-01-04 21:12:07'),(3720,1,'en','plugins/newsletter/newsletter','settings.email.templates.title','Newsletter','2022-01-04 21:12:07','2022-01-04 21:12:07'),(3721,1,'en','plugins/newsletter/newsletter','settings.email.templates.description','Config newsletter email templates','2022-01-04 21:12:07','2022-01-04 21:12:07'),(3722,1,'en','plugins/newsletter/newsletter','settings.email.templates.to_admin.title','Email send to admin','2022-01-04 21:12:07','2022-01-04 21:12:07'),(3723,1,'en','plugins/newsletter/newsletter','settings.email.templates.to_admin.description','Template for sending email to admin','2022-01-04 21:12:07','2022-01-04 21:12:07'),(3724,1,'en','plugins/newsletter/newsletter','settings.email.templates.to_user.title','Email send to user','2022-01-04 21:12:07','2022-01-04 21:12:07'),(3725,1,'en','plugins/newsletter/newsletter','settings.email.templates.to_user.description','Template for sending email to subscriber','2022-01-04 21:12:07','2022-01-04 21:12:07'),(3726,1,'en','plugins/newsletter/newsletter','settings.title','Newsletter','2022-01-04 21:12:07','2022-01-04 21:12:07'),(3727,1,'en','plugins/newsletter/newsletter','settings.description','Settings for newsletter','2022-01-04 21:12:07','2022-01-04 21:12:07'),(3728,1,'en','plugins/newsletter/newsletter','settings.mailchimp_api_key','Mailchimp API Key','2022-01-04 21:12:07','2022-01-04 21:12:07'),(3729,1,'en','plugins/newsletter/newsletter','settings.mailchimp_list_id','Mailchimp List ID','2022-01-04 21:12:07','2022-01-04 21:12:07'),(3730,1,'en','plugins/newsletter/newsletter','settings.mailchimp_list','Mailchimp List','2022-01-04 21:12:07','2022-01-04 21:12:07'),(3731,1,'en','plugins/newsletter/newsletter','settings.sendgrid_api_key','Sendgrid API Key','2022-01-04 21:12:07','2022-01-04 21:12:07'),(3732,1,'en','plugins/newsletter/newsletter','settings.sendgrid_list_id','Sendgrid List ID','2022-01-04 21:12:07','2022-01-04 21:12:07'),(3733,1,'en','plugins/newsletter/newsletter','settings.sendgrid_list','Sendgrid List','2022-01-04 21:12:07','2022-01-04 21:12:07'),(3734,1,'en','plugins/newsletter/newsletter','statuses.subscribed','Subscribed','2022-01-04 21:12:07','2022-01-04 21:12:07'),(3735,1,'en','plugins/newsletter/newsletter','statuses.unsubscribed','Unsubscribed','2022-01-04 21:12:07','2022-01-04 21:12:07'),(3736,1,'en','plugins/payment/payment','payments','Payments','2022-01-04 21:12:07','2022-01-04 21:12:07'),(3737,1,'en','plugins/payment/payment','checkout_success','Checkout successfully!','2022-01-04 21:12:07','2022-01-04 21:12:07'),(3738,1,'en','plugins/payment/payment','view_payment','View payment #','2022-01-04 21:12:07','2022-01-04 21:12:07'),(3739,1,'en','plugins/payment/payment','charge_id','Charge ID','2022-01-04 21:12:07','2022-01-04 21:12:07'),(3740,1,'en','plugins/payment/payment','amount','Amount','2022-01-04 21:12:07','2022-01-04 21:12:07'),(3741,1,'en','plugins/payment/payment','currency','Currency','2022-01-04 21:12:07','2022-01-04 21:12:07'),(3742,1,'en','plugins/payment/payment','user','User','2022-01-04 21:12:07','2022-01-04 21:12:07'),(3743,1,'en','plugins/payment/payment','stripe','Stripe','2022-01-04 21:12:07','2022-01-04 21:12:07'),(3744,1,'en','plugins/payment/payment','paypal','PayPal','2022-01-04 21:12:07','2022-01-04 21:12:07'),(3745,1,'en','plugins/payment/payment','action','Action','2022-01-04 21:12:07','2022-01-04 21:12:07'),(3746,1,'en','plugins/payment/payment','payment_via_card','Payment via card','2022-01-04 21:12:07','2022-01-04 21:12:07'),(3747,1,'en','plugins/payment/payment','card_number','Card number','2022-01-04 21:12:07','2022-01-04 21:12:07'),(3748,1,'en','plugins/payment/payment','full_name','Full name','2022-01-04 21:12:07','2022-01-04 21:12:07'),(3749,1,'en','plugins/payment/payment','payment_via_paypal','Fast and safe online payment via PayPal.','2022-01-04 21:12:07','2022-01-04 21:12:07'),(3750,1,'en','plugins/payment/payment','mm_yy','MM/YY','2022-01-04 21:12:07','2022-01-04 21:12:07'),(3751,1,'en','plugins/payment/payment','cvc','CVC','2022-01-04 21:12:07','2022-01-04 21:12:07'),(3752,1,'en','plugins/payment/payment','details','Details','2022-01-04 21:12:07','2022-01-04 21:12:07'),(3753,1,'en','plugins/payment/payment','payer_name','Payer Name','2022-01-04 21:12:07','2022-01-04 21:12:07'),(3754,1,'en','plugins/payment/payment','email','Email','2022-01-04 21:12:07','2022-01-04 21:12:07'),(3755,1,'en','plugins/payment/payment','phone','Phone','2022-01-04 21:12:07','2022-01-04 21:12:07'),(3756,1,'en','plugins/payment/payment','country','Country','2022-01-04 21:12:07','2022-01-04 21:12:07'),(3757,1,'en','plugins/payment/payment','shipping_address','Shipping Address','2022-01-04 21:12:07','2022-01-04 21:12:07'),(3758,1,'en','plugins/payment/payment','payment_details','Payment Details','2022-01-04 21:12:07','2022-01-04 21:12:07'),(3759,1,'en','plugins/payment/payment','card','Card','2022-01-04 21:12:07','2022-01-04 21:12:07'),(3760,1,'en','plugins/payment/payment','address','Address','2022-01-04 21:12:07','2022-01-04 21:12:07'),(3761,1,'en','plugins/payment/payment','could_not_get_stripe_token','Could not get Stripe token to make a charge.','2022-01-04 21:12:07','2022-01-04 21:12:07'),(3762,1,'en','plugins/payment/payment','payment_id','Payment ID','2022-01-04 21:12:07','2022-01-04 21:12:07'),(3763,1,'en','plugins/payment/payment','payment_methods','Payment methods','2022-01-04 21:12:07','2022-01-04 21:12:07'),(3764,1,'en','plugins/payment/payment','transactions','Transactions','2022-01-04 21:12:07','2022-01-04 21:12:07'),(3765,1,'en','plugins/payment/payment','payment_methods_description','Setup payment methods for website','2022-01-04 21:12:07','2022-01-04 21:12:07'),(3766,1,'en','plugins/payment/payment','paypal_description','Customer can buy product and pay directly via PayPal','2022-01-04 21:12:07','2022-01-04 21:12:07'),(3767,1,'en','plugins/payment/payment','use','Use','2022-01-04 21:12:07','2022-01-04 21:12:07'),(3768,1,'en','plugins/payment/payment','stripe_description','Customer can buy product and pay directly using Visa, Credit card via Stripe','2022-01-04 21:12:07','2022-01-04 21:12:07'),(3769,1,'en','plugins/payment/payment','edit','Edit','2022-01-04 21:12:07','2022-01-04 21:12:07'),(3770,1,'en','plugins/payment/payment','settings','Settings','2022-01-04 21:12:07','2022-01-04 21:12:07'),(3771,1,'en','plugins/payment/payment','activate','Activate','2022-01-04 21:12:07','2022-01-04 21:12:07'),(3772,1,'en','plugins/payment/payment','deactivate','Deactivate','2022-01-04 21:12:07','2022-01-04 21:12:07'),(3773,1,'en','plugins/payment/payment','update','Update','2022-01-04 21:12:07','2022-01-04 21:12:07'),(3774,1,'en','plugins/payment/payment','configuration_instruction','Configuration instruction for :name','2022-01-04 21:12:07','2022-01-04 21:12:07'),(3775,1,'en','plugins/payment/payment','configuration_requirement','To use :name, you need','2022-01-04 21:12:07','2022-01-04 21:12:07'),(3776,1,'en','plugins/payment/payment','service_registration','Register with :name','2022-01-04 21:12:07','2022-01-04 21:12:07'),(3777,1,'en','plugins/payment/payment','after_service_registration_msg','After registration at :name, you will have Client ID, Client Secret','2022-01-04 21:12:07','2022-01-04 21:12:07'),(3778,1,'en','plugins/payment/payment','enter_client_id_and_secret','Enter Client ID, Secret into the box in right hand','2022-01-04 21:12:07','2022-01-04 21:12:07'),(3779,1,'en','plugins/payment/payment','method_name','Method name','2022-01-04 21:12:07','2022-01-04 21:12:07'),(3780,1,'en','plugins/payment/payment','please_provide_information','Please provide information','2022-01-04 21:12:07','2022-01-04 21:12:07'),(3781,1,'en','plugins/payment/payment','client_id','Client ID','2022-01-04 21:12:07','2022-01-04 21:12:07'),(3782,1,'en','plugins/payment/payment','client_secret','Client Secret','2022-01-04 21:12:07','2022-01-04 21:12:07'),(3783,1,'en','plugins/payment/payment','secret','Secret','2022-01-04 21:12:07','2022-01-04 21:12:07'),(3784,1,'en','plugins/payment/payment','stripe_key','Stripe Public Key','2022-01-04 21:12:07','2022-01-04 21:12:07'),(3785,1,'en','plugins/payment/payment','stripe_secret','Stripe Private Key','2022-01-04 21:12:07','2022-01-04 21:12:07'),(3786,1,'en','plugins/payment/payment','stripe_after_service_registration_msg','After registration at :name, you will have Public, Secret keys','2022-01-04 21:12:07','2022-01-04 21:12:07'),(3787,1,'en','plugins/payment/payment','stripe_enter_client_id_and_secret','Enter Public, Secret keys into the box in right hand','2022-01-04 21:12:07','2022-01-04 21:12:07'),(3788,1,'en','plugins/payment/payment','pay_online_via','Pay online via :name','2022-01-04 21:12:07','2022-01-04 21:12:07'),(3789,1,'en','plugins/payment/payment','sandbox_mode','Sandbox mode','2022-01-04 21:12:07','2022-01-04 21:12:07'),(3790,1,'en','plugins/payment/payment','deactivate_payment_method','Deactivate payment method','2022-01-04 21:12:07','2022-01-04 21:12:07'),(3791,1,'en','plugins/payment/payment','deactivate_payment_method_description','Do you really want to deactivate this payment method?','2022-01-04 21:12:07','2022-01-04 21:12:07'),(3792,1,'en','plugins/payment/payment','agree','Agree','2022-01-04 21:12:07','2022-01-04 21:12:07'),(3793,1,'en','plugins/payment/payment','name','Payments','2022-01-04 21:12:07','2022-01-04 21:12:07'),(3794,1,'en','plugins/payment/payment','create','New payment','2022-01-04 21:12:07','2022-01-04 21:12:07'),(3795,1,'en','plugins/payment/payment','go_back','Go back','2022-01-04 21:12:07','2022-01-04 21:12:07'),(3796,1,'en','plugins/payment/payment','information','Information','2022-01-04 21:12:07','2022-01-04 21:12:07'),(3797,1,'en','plugins/payment/payment','methods.paypal','PayPal','2022-01-04 21:12:07','2022-01-04 21:12:07'),(3798,1,'en','plugins/payment/payment','methods.stripe','Stripe','2022-01-04 21:12:07','2022-01-04 21:12:07'),(3799,1,'en','plugins/payment/payment','methods.cod','Cash on delivery (COD)','2022-01-04 21:12:07','2022-01-04 21:12:07'),(3800,1,'en','plugins/payment/payment','methods.bank_transfer','Bank transfer','2022-01-04 21:12:07','2022-01-04 21:12:07'),(3801,1,'en','plugins/payment/payment','statuses.pending','Pending','2022-01-04 21:12:07','2022-01-04 21:12:07'),(3802,1,'en','plugins/payment/payment','statuses.completed','Completed','2022-01-04 21:12:07','2022-01-04 21:12:07'),(3803,1,'en','plugins/payment/payment','statuses.refunding','Refunding','2022-01-04 21:12:07','2022-01-04 21:12:07'),(3804,1,'en','plugins/payment/payment','statuses.refunded','Refunded','2022-01-04 21:12:07','2022-01-04 21:12:07'),(3805,1,'en','plugins/payment/payment','statuses.fraud','Fraud','2022-01-04 21:12:07','2022-01-04 21:12:07'),(3806,1,'en','plugins/payment/payment','statuses.failed','Failed','2022-01-04 21:12:07','2022-01-04 21:12:07'),(3807,1,'en','plugins/payment/payment','payment_methods_instruction','Guide customers to pay directly. You can choose to pay by delivery or bank transfer','2022-01-04 21:12:07','2022-01-04 21:12:07'),(3808,1,'en','plugins/payment/payment','payment_method_description','Payment guide - (Displayed on the notice of successful purchase and payment page)','2022-01-04 21:12:07','2022-01-04 21:12:07'),(3809,1,'en','plugins/payment/payment','payment_via_cod','Cash on delivery (COD)','2022-01-04 21:12:08','2022-01-04 21:12:08'),(3810,1,'en','plugins/payment/payment','payment_via_bank_transfer','Bank transfer','2022-01-04 21:12:08','2022-01-04 21:12:08'),(3811,1,'en','plugins/payment/payment','payment_pending','Checkout successfully. Your payment is pending and will be checked by our staff.','2022-01-04 21:12:08','2022-01-04 21:12:08'),(3812,1,'en','plugins/payment/payment','created_at','Created At','2022-01-04 21:12:08','2022-01-04 21:12:08'),(3813,1,'en','plugins/payment/payment','payment_channel','Payment Channel','2022-01-04 21:12:08','2022-01-04 21:12:08'),(3814,1,'en','plugins/payment/payment','total','Total','2022-01-04 21:12:08','2022-01-04 21:12:08'),(3815,1,'en','plugins/payment/payment','status','Status','2022-01-04 21:12:08','2022-01-04 21:12:08'),(3816,1,'en','plugins/payment/payment','default_payment_method','Default payment method','2022-01-04 21:12:08','2022-01-04 21:12:08'),(3817,1,'en','plugins/payment/payment','turn_off_success','Turn off payment method successfully!','2022-01-04 21:12:08','2022-01-04 21:12:08'),(3818,1,'en','plugins/payment/payment','saved_payment_method_success','Saved payment method successfully!','2022-01-04 21:12:08','2022-01-04 21:12:08'),(3819,1,'en','plugins/payment/payment','saved_payment_settings_success','Saved payment settings successfully!','2022-01-04 21:12:08','2022-01-04 21:12:08'),(3820,1,'en','plugins/payment/payment','payment_name','Name','2022-01-04 21:12:08','2022-01-04 21:12:08'),(3821,1,'en','plugins/payment/payment','callback_url','Callback URL','2022-01-04 21:12:08','2022-01-04 21:12:08'),(3822,1,'en','plugins/payment/payment','return_url','Return URL','2022-01-04 21:12:08','2022-01-04 21:12:08'),(3823,1,'en','plugins/payment/payment','payment_not_found','Payment not found!','2022-01-04 21:12:08','2022-01-04 21:12:08'),(3824,1,'en','plugins/payment/payment','refunds.title','Refunds','2022-01-04 21:12:08','2022-01-04 21:12:08'),(3825,1,'en','plugins/payment/payment','refunds.id','ID','2022-01-04 21:12:08','2022-01-04 21:12:08'),(3826,1,'en','plugins/payment/payment','refunds.breakdowns','Breakdowns','2022-01-04 21:12:08','2022-01-04 21:12:08'),(3827,1,'en','plugins/payment/payment','refunds.gross_amount','Gross amount','2022-01-04 21:12:08','2022-01-04 21:12:08'),(3828,1,'en','plugins/payment/payment','refunds.paypal_fee','PayPal fee','2022-01-04 21:12:08','2022-01-04 21:12:08'),(3829,1,'en','plugins/payment/payment','refunds.net_amount','Net amount','2022-01-04 21:12:08','2022-01-04 21:12:08'),(3830,1,'en','plugins/payment/payment','refunds.total_refunded_amount','Total refunded amount','2022-01-04 21:12:08','2022-01-04 21:12:08'),(3831,1,'en','plugins/payment/payment','refunds.create_time','Create time','2022-01-04 21:12:08','2022-01-04 21:12:08'),(3832,1,'en','plugins/payment/payment','refunds.update_time','Update time','2022-01-04 21:12:08','2022-01-04 21:12:08'),(3833,1,'en','plugins/payment/payment','refunds.status','Status','2022-01-04 21:12:08','2022-01-04 21:12:08'),(3834,1,'en','plugins/payment/payment','refunds.description','Description','2022-01-04 21:12:08','2022-01-04 21:12:08'),(3835,1,'en','plugins/payment/payment','refunds.refunded_at','Refunded at','2022-01-04 21:12:08','2022-01-04 21:12:08'),(3836,1,'en','plugins/payment/payment','refunds.error_message','Error message','2022-01-04 21:12:08','2022-01-04 21:12:08'),(3837,1,'en','plugins/payment/payment','view_response_source','View response source','2022-01-04 21:12:08','2022-01-04 21:12:08'),(3838,1,'en','plugins/payment/payment','status_is_not_completed','Status is not COMPLETED','2022-01-04 21:12:08','2022-01-04 21:12:08'),(3839,1,'en','plugins/payment/payment','cannot_found_capture_id','Can not found capture id with payment detail','2022-01-04 21:12:08','2022-01-04 21:12:08'),(3840,1,'en','plugins/payment/payment','amount_refunded','Amount refunded','2022-01-04 21:12:08','2022-01-04 21:12:08'),(3841,1,'en','plugins/payment/payment','amount_remaining','Amount remaining','2022-01-04 21:12:08','2022-01-04 21:12:08'),(3842,1,'en','plugins/payment/payment','paid_at','Paid At','2022-01-04 21:12:08','2022-01-04 21:12:08'),(3843,1,'en','plugins/payment/payment','invalid_settings','Settings for :name are invalid!','2022-01-04 21:12:08','2022-01-04 21:12:08'),(3844,1,'en','plugins/payment/payment','view_transaction','Transaction \":charge_id\"','2022-01-04 21:12:08','2022-01-04 21:12:08'),(3845,1,'en','plugins/payment/payment','payment_description','Pay for your order #:order_id at :site_url','2022-01-04 21:12:08','2022-01-04 21:12:08'),(3846,1,'vi','plugins/payment/payment','payments','Thanh toán','2022-01-04 21:12:08','2022-01-04 21:12:08'),(3847,1,'vi','plugins/payment/payment','checkout_success','Thanh toán thành công!','2022-01-04 21:12:08','2022-01-04 21:12:08'),(3848,1,'vi','plugins/payment/payment','view_payment','Xem thanh toán #','2022-01-04 21:12:08','2022-01-04 21:12:08'),(3849,1,'vi','plugins/payment/payment','charge_id','Mã thanh toán','2022-01-04 21:12:08','2022-01-04 21:12:08'),(3850,1,'vi','plugins/payment/payment','amount','Số tiền','2022-01-04 21:12:08','2022-01-04 21:12:08'),(3851,1,'vi','plugins/payment/payment','currency','Loại tiền tệ','2022-01-04 21:12:08','2022-01-04 21:12:08'),(3852,1,'vi','plugins/payment/payment','user','Người dùng','2022-01-04 21:12:08','2022-01-04 21:12:08'),(3853,1,'vi','plugins/payment/payment','stripe','Stripe','2022-01-04 21:12:08','2022-01-04 21:12:08'),(3854,1,'vi','plugins/payment/payment','paypal','PayPal','2022-01-04 21:12:08','2022-01-04 21:12:08'),(3855,1,'vi','plugins/payment/payment','action','Hành động','2022-01-04 21:12:08','2022-01-04 21:12:08'),(3856,1,'vi','plugins/payment/payment','payment_via_card','Thanh toán qua thẻ','2022-01-04 21:12:08','2022-01-04 21:12:08'),(3857,1,'vi','plugins/payment/payment','card_number','Số thẻ','2022-01-04 21:12:08','2022-01-04 21:12:08'),(3858,1,'vi','plugins/payment/payment','full_name','Họ tên','2022-01-04 21:12:08','2022-01-04 21:12:08'),(3859,1,'vi','plugins/payment/payment','payment_via_paypal','Thanh toán qua PayPal','2022-01-04 21:12:08','2022-01-04 21:12:08'),(3860,1,'vi','plugins/payment/payment','mm_yy','MM/YY','2022-01-04 21:12:08','2022-01-04 21:12:08'),(3861,1,'vi','plugins/payment/payment','cvc','CVC','2022-01-04 21:12:08','2022-01-04 21:12:08'),(3862,1,'vi','plugins/payment/payment','details','Chi tiết','2022-01-04 21:12:08','2022-01-04 21:12:08'),(3863,1,'vi','plugins/payment/payment','payer_name','Tên người mua','2022-01-04 21:12:08','2022-01-04 21:12:08'),(3864,1,'vi','plugins/payment/payment','email','Email','2022-01-04 21:12:08','2022-01-04 21:12:08'),(3865,1,'vi','plugins/payment/payment','phone','Điện thoại','2022-01-04 21:12:08','2022-01-04 21:12:08'),(3866,1,'vi','plugins/payment/payment','country','Quốc gia','2022-01-04 21:12:08','2022-01-04 21:12:08'),(3867,1,'vi','plugins/payment/payment','shipping_address','Địa chỉ giao hàng','2022-01-04 21:12:08','2022-01-04 21:12:08'),(3868,1,'vi','plugins/payment/payment','payment_details','Chi tiết thanh toán','2022-01-04 21:12:08','2022-01-04 21:12:08'),(3869,1,'vi','plugins/payment/payment','card','Thẻ','2022-01-04 21:12:08','2022-01-04 21:12:08'),(3870,1,'vi','plugins/payment/payment','address','Địa chỉ','2022-01-04 21:12:08','2022-01-04 21:12:08'),(3871,1,'vi','plugins/payment/payment','could_not_get_stripe_token','Không thể lấy mã Stripe để thanh toán.','2022-01-04 21:12:08','2022-01-04 21:12:08'),(3872,1,'vi','plugins/payment/payment','payment_id','Mã thanh toán','2022-01-04 21:12:08','2022-01-04 21:12:08'),(3873,1,'vi','plugins/payment/payment','payment_methods','Phương thức thanh toán','2022-01-04 21:12:08','2022-01-04 21:12:08'),(3874,1,'vi','plugins/payment/payment','transactions','Lịch sử giao dịch','2022-01-04 21:12:08','2022-01-04 21:12:08'),(3875,1,'vi','plugins/payment/payment','payment_methods_description','Cài đặt các phương thức thanh toán cho website','2022-01-04 21:12:08','2022-01-04 21:12:08'),(3876,1,'vi','plugins/payment/payment','paypal_description','Khách hàng có thể mua hàng và thanh toán trực tiếp thông qua cổng thanh toán PayPal','2022-01-04 21:12:08','2022-01-04 21:12:08'),(3877,1,'vi','plugins/payment/payment','use','Dùng','2022-01-04 21:12:08','2022-01-04 21:12:08'),(3878,1,'vi','plugins/payment/payment','stripe_description','Khách hàng có thể mua hàng và thanh toán bằng Visa, Credit card thông qua cổng thanh toán Stripe','2022-01-04 21:12:08','2022-01-04 21:12:08'),(3879,1,'vi','plugins/payment/payment','edit','Chỉnh sửa','2022-01-04 21:12:08','2022-01-04 21:12:08'),(3880,1,'vi','plugins/payment/payment','settings','Cài đặt','2022-01-04 21:12:08','2022-01-04 21:12:08'),(3881,1,'vi','plugins/payment/payment','activate','Kích hoạt','2022-01-04 21:12:08','2022-01-04 21:12:08'),(3882,1,'vi','plugins/payment/payment','deactivate','Huỷ kích hoạt','2022-01-04 21:12:08','2022-01-04 21:12:08'),(3883,1,'vi','plugins/payment/payment','update','Cập nhật','2022-01-04 21:12:08','2022-01-04 21:12:08'),(3884,1,'vi','plugins/payment/payment','configuration_instruction','Hướng dẫn cấu hình :name','2022-01-04 21:12:08','2022-01-04 21:12:08'),(3885,1,'vi','plugins/payment/payment','configuration_requirement','Để sử dụng :name bạn cần','2022-01-04 21:12:08','2022-01-04 21:12:08'),(3886,1,'vi','plugins/payment/payment','service_registration','Đăng ký dịch vụ với :name','2022-01-04 21:12:08','2022-01-04 21:12:08'),(3887,1,'vi','plugins/payment/payment','after_service_registration_msg','Sau khi hoàn tất các bước đăng ký tại :name, bạn sẽ có các thông số Client ID, Client Secret','2022-01-04 21:12:08','2022-01-04 21:12:08'),(3888,1,'vi','plugins/payment/payment','enter_client_id_and_secret','Nhập các thông số Client ID, Secret vào ô bên phải','2022-01-04 21:12:08','2022-01-04 21:12:08'),(3889,1,'vi','plugins/payment/payment','method_name','Tên phương thức','2022-01-04 21:12:08','2022-01-04 21:12:08'),(3890,1,'vi','plugins/payment/payment','please_provide_information','Xin vui lòng cung cấp thông tin','2022-01-04 21:12:08','2022-01-04 21:12:08'),(3891,1,'vi','plugins/payment/payment','client_id','Client ID','2022-01-04 21:12:08','2022-01-04 21:12:08'),(3892,1,'vi','plugins/payment/payment','client_secret','Client Secret','2022-01-04 21:12:08','2022-01-04 21:12:08'),(3893,1,'vi','plugins/payment/payment','stripe_key','Stripe Key','2022-01-04 21:12:08','2022-01-04 21:12:08'),(3894,1,'vi','plugins/payment/payment','stripe_secret','Stripe Secret','2022-01-04 21:12:08','2022-01-04 21:12:08'),(3895,1,'vi','plugins/payment/payment','stripe_after_service_registration_msg','After registration at :name, you will have Public, Secret keys','2022-01-04 21:12:08','2022-01-04 21:12:08'),(3896,1,'vi','plugins/payment/payment','stripe_enter_client_id_and_secret','Enter Public, Secret keys into the box in right hand','2022-01-04 21:12:08','2022-01-04 21:12:08'),(3897,1,'vi','plugins/payment/payment','secret','Secret','2022-01-04 21:12:08','2022-01-04 21:12:08'),(3898,1,'vi','plugins/payment/payment','pay_online_via','Thanh toán online qua :name','2022-01-04 21:12:08','2022-01-04 21:12:08'),(3899,1,'vi','plugins/payment/payment','sandbox_mode','Chế độ thử nghiệm','2022-01-04 21:12:08','2022-01-04 21:12:08'),(3900,1,'vi','plugins/payment/payment','deactivate_payment_method','Huỷ kích hoạt phương thức','2022-01-04 21:12:08','2022-01-04 21:12:08'),(3901,1,'vi','plugins/payment/payment','deactivate_payment_method_description','Bạn có chắc chắn muốn huỷ phương thức thành toán này?','2022-01-04 21:12:08','2022-01-04 21:12:08'),(3902,1,'vi','plugins/payment/payment','agree','Đồng ý','2022-01-04 21:12:08','2022-01-04 21:12:08'),(3903,1,'vi','plugins/payment/payment','name','Thanh toán','2022-01-04 21:12:08','2022-01-04 21:12:08'),(3904,1,'vi','plugins/payment/payment','create','Thêm thanh toán mới','2022-01-04 21:12:08','2022-01-04 21:12:08'),(3905,1,'vi','plugins/payment/payment','go_back','Trở lại','2022-01-04 21:12:08','2022-01-04 21:12:08'),(3906,1,'vi','plugins/payment/payment','information','Thông tin','2022-01-04 21:12:08','2022-01-04 21:12:08'),(3907,1,'vi','plugins/payment/payment','methods.paypal','PayPal','2022-01-04 21:12:08','2022-01-04 21:12:08'),(3908,1,'vi','plugins/payment/payment','methods.stripe','Stripe','2022-01-04 21:12:08','2022-01-04 21:12:08'),(3909,1,'vi','plugins/payment/payment','methods.cod','Thanh toán khi giao hàng (COD)','2022-01-04 21:12:08','2022-01-04 21:12:08'),(3910,1,'vi','plugins/payment/payment','methods.bank_transfer','Chuyển khoản qua ngân hàng','2022-01-04 21:12:08','2022-01-04 21:12:08'),(3911,1,'vi','plugins/payment/payment','statuses.pending','Chưa hoàn tất','2022-01-04 21:12:08','2022-01-04 21:12:08'),(3912,1,'vi','plugins/payment/payment','statuses.completed','Đã hoàn thành','2022-01-04 21:12:08','2022-01-04 21:12:08'),(3913,1,'vi','plugins/payment/payment','statuses.refunding','Đang hoàn tiền','2022-01-04 21:12:08','2022-01-04 21:12:08'),(3914,1,'vi','plugins/payment/payment','statuses.refunded','Đã hoàn tiền','2022-01-04 21:12:08','2022-01-04 21:12:08'),(3915,1,'vi','plugins/payment/payment','statuses.fraud','Gian lận','2022-01-04 21:12:08','2022-01-04 21:12:08'),(3916,1,'vi','plugins/payment/payment','statuses.failed','Thất bại','2022-01-04 21:12:08','2022-01-04 21:12:08'),(3917,1,'vi','plugins/payment/payment','payment_methods_instruction','Hướng dẫn khách hàng thanh toán trực tiếp. Có thể chọn thanh toán khi giao hàng hoặc chuyển khoản','2022-01-04 21:12:08','2022-01-04 21:12:08'),(3918,1,'vi','plugins/payment/payment','payment_method_description','Hướng dẫn thanh toán – (Hiển thị ở trang thông báo mua hàng thành công và trang thanh toán)','2022-01-04 21:12:08','2022-01-04 21:12:08'),(3919,1,'vi','plugins/payment/payment','payment_via_cod','Thanh toán khi nhận hàng (COD)','2022-01-04 21:12:09','2022-01-04 21:12:09'),(3920,1,'vi','plugins/payment/payment','payment_via_bank_transfer','Chuyển khoản qua ngân hàng','2022-01-04 21:12:09','2022-01-04 21:12:09'),(3921,1,'vi','plugins/payment/payment','payment_pending','Thực hiện thành công. Thanh toán của bạn đang được xử lý và sẽ được xác nhận bởi nhân viên.','2022-01-04 21:12:09','2022-01-04 21:12:09'),(3922,1,'vi','plugins/payment/payment','created_at','Ngày tạo','2022-01-04 21:12:09','2022-01-04 21:12:09'),(3923,1,'vi','plugins/payment/payment','payment_channel','Phương thức thanh toán','2022-01-04 21:12:09','2022-01-04 21:12:09'),(3924,1,'vi','plugins/payment/payment','total','Tổng cộng','2022-01-04 21:12:09','2022-01-04 21:12:09'),(3925,1,'vi','plugins/payment/payment','status','Trạng thái','2022-01-04 21:12:09','2022-01-04 21:12:09'),(3926,1,'vi','plugins/payment/payment','default_payment_method','Phương thức thanh toán mặc định','2022-01-04 21:12:09','2022-01-04 21:12:09'),(3927,1,'en','plugins/simple-slider/simple-slider','create','New slider','2022-01-04 21:12:09','2022-01-04 21:12:09'),(3928,1,'en','plugins/simple-slider/simple-slider','edit','Edit slider','2022-01-04 21:12:09','2022-01-04 21:12:09'),(3929,1,'en','plugins/simple-slider/simple-slider','menu','Simple sliders','2022-01-04 21:12:09','2022-01-04 21:12:09'),(3930,1,'en','plugins/simple-slider/simple-slider','settings.title','Simple sliders','2022-01-04 21:12:09','2022-01-04 21:12:09'),(3931,1,'en','plugins/simple-slider/simple-slider','settings.description','Settings for Simple sliders','2022-01-04 21:12:09','2022-01-04 21:12:09'),(3932,1,'en','plugins/simple-slider/simple-slider','settings.using_assets','Using default assets?','2022-01-04 21:12:09','2022-01-04 21:12:09'),(3933,1,'en','plugins/simple-slider/simple-slider','settings.using_assets_description','If using assets option is enabled then below scripts will be auto added to front site.','2022-01-04 21:12:09','2022-01-04 21:12:09'),(3934,1,'en','plugins/simple-slider/simple-slider','add_new','Add new','2022-01-04 21:12:09','2022-01-04 21:12:09'),(3935,1,'en','plugins/simple-slider/simple-slider','save_sorting','Save sorting','2022-01-04 21:12:09','2022-01-04 21:12:09'),(3936,1,'en','plugins/simple-slider/simple-slider','key','Key','2022-01-04 21:12:09','2022-01-04 21:12:09'),(3937,1,'en','plugins/simple-slider/simple-slider','slide_items','Slide Items','2022-01-04 21:12:09','2022-01-04 21:12:09'),(3938,1,'en','plugins/simple-slider/simple-slider','update_slide_position_success','Updated slide position successfully!','2022-01-04 21:12:09','2022-01-04 21:12:09'),(3939,1,'en','plugins/simple-slider/simple-slider','create_new_slide','Create a new slide','2022-01-04 21:12:09','2022-01-04 21:12:09'),(3940,1,'en','plugins/simple-slider/simple-slider','edit_slide','Edit slide #:id','2022-01-04 21:12:09','2022-01-04 21:12:09'),(3941,1,'en','plugins/simple-slider/simple-slider','simple_slider_shortcode_name','Simple Slider','2022-01-04 21:12:09','2022-01-04 21:12:09'),(3942,1,'en','plugins/simple-slider/simple-slider','simple_slider_shortcode_description','Add a simple slider','2022-01-04 21:12:09','2022-01-04 21:12:09'),(3943,1,'en','plugins/simple-slider/simple-slider','select_slider','Select a slider','2022-01-04 21:12:09','2022-01-04 21:12:09'),(3944,1,'en','plugins/social-login/social-login','settings.title','Social Login settings','2022-01-04 21:12:09','2022-01-04 21:12:09'),(3945,1,'en','plugins/social-login/social-login','settings.description','Configure social login options','2022-01-04 21:12:09','2022-01-04 21:12:09'),(3946,1,'en','plugins/social-login/social-login','settings.facebook.title','Facebook login settings','2022-01-04 21:12:09','2022-01-04 21:12:09'),(3947,1,'en','plugins/social-login/social-login','settings.facebook.description','Enable/disable & configure app credentials for Facebook login','2022-01-04 21:12:09','2022-01-04 21:12:09'),(3948,1,'en','plugins/social-login/social-login','settings.facebook.app_id','App ID','2022-01-04 21:12:09','2022-01-04 21:12:09'),(3949,1,'en','plugins/social-login/social-login','settings.facebook.app_secret','App Secret','2022-01-04 21:12:09','2022-01-04 21:12:09'),(3950,1,'en','plugins/social-login/social-login','settings.facebook.helper','Please go to https://developers.facebook.com to create new app update App ID, App Secret. Callback URL is :callback','2022-01-04 21:12:09','2022-01-04 21:12:09'),(3951,1,'en','plugins/social-login/social-login','settings.google.title','Google login settings','2022-01-04 21:12:09','2022-01-04 21:12:09'),(3952,1,'en','plugins/social-login/social-login','settings.google.description','Enable/disable & configure app credentials for Google login','2022-01-04 21:12:09','2022-01-04 21:12:09'),(3953,1,'en','plugins/social-login/social-login','settings.google.app_id','App ID','2022-01-04 21:12:09','2022-01-04 21:12:09'),(3954,1,'en','plugins/social-login/social-login','settings.google.app_secret','App Secret','2022-01-04 21:12:09','2022-01-04 21:12:09'),(3955,1,'en','plugins/social-login/social-login','settings.google.helper','Please go to https://console.developers.google.com/apis/dashboard to create new app update App ID, App Secret. Callback URL is :callback','2022-01-04 21:12:09','2022-01-04 21:12:09'),(3956,1,'en','plugins/social-login/social-login','settings.github.title','Github login settings','2022-01-04 21:12:09','2022-01-04 21:12:09'),(3957,1,'en','plugins/social-login/social-login','settings.github.description','Enable/disable & configure app credentials for Github login','2022-01-04 21:12:09','2022-01-04 21:12:09'),(3958,1,'en','plugins/social-login/social-login','settings.github.app_id','App ID','2022-01-04 21:12:09','2022-01-04 21:12:09'),(3959,1,'en','plugins/social-login/social-login','settings.github.app_secret','App Secret','2022-01-04 21:12:09','2022-01-04 21:12:09'),(3960,1,'en','plugins/social-login/social-login','settings.github.helper','Please go to https://github.com/settings/developers to create new app update App ID, App Secret. Callback URL is :callback','2022-01-04 21:12:09','2022-01-04 21:12:09'),(3961,1,'en','plugins/social-login/social-login','settings.linkedin.title','Linkedin login settings','2022-01-04 21:12:09','2022-01-04 21:12:09'),(3962,1,'en','plugins/social-login/social-login','settings.linkedin.description','Enable/disable & configure app credentials for Linkedin login','2022-01-04 21:12:09','2022-01-04 21:12:09'),(3963,1,'en','plugins/social-login/social-login','settings.linkedin.app_id','App ID','2022-01-04 21:12:09','2022-01-04 21:12:09'),(3964,1,'en','plugins/social-login/social-login','settings.linkedin.app_secret','App Secret','2022-01-04 21:12:09','2022-01-04 21:12:09'),(3965,1,'en','plugins/social-login/social-login','settings.linkedin.helper','Please go to https://www.linkedin.com/developers/apps/new to create new app update App ID, App Secret. Callback URL is :callback','2022-01-04 21:12:09','2022-01-04 21:12:09'),(3966,1,'en','plugins/social-login/social-login','settings.enable','Enable?','2022-01-04 21:12:09','2022-01-04 21:12:09'),(3967,1,'en','plugins/social-login/social-login','menu','Social Login','2022-01-04 21:12:09','2022-01-04 21:12:09'),(3968,1,'en','plugins/translation/translation','translations','Translations','2022-01-04 21:12:09','2022-01-04 21:12:09'),(3969,1,'en','plugins/translation/translation','translations_description','Translate all words in system.','2022-01-04 21:12:09','2022-01-04 21:12:09'),(3970,1,'en','plugins/translation/translation','export_warning','Warning, translations are not visible until they are exported back to the resources/lang file, using \'php artisan cms:translations:export\' command or publish button.','2022-01-04 21:12:09','2022-01-04 21:12:09'),(3971,1,'en','plugins/translation/translation','import_done','Done importing, processed :counter items! Reload this page to refresh the groups!','2022-01-04 21:12:09','2022-01-04 21:12:09'),(3972,1,'en','plugins/translation/translation','translation_manager','Translations Manager','2022-01-04 21:12:09','2022-01-04 21:12:09'),(3973,1,'en','plugins/translation/translation','done_publishing','Done publishing the translations for group','2022-01-04 21:12:09','2022-01-04 21:12:09'),(3974,1,'en','plugins/translation/translation','append_translation','Append new translations','2022-01-04 21:12:09','2022-01-04 21:12:09'),(3975,1,'en','plugins/translation/translation','replace_translation','Replace existing translations','2022-01-04 21:12:09','2022-01-04 21:12:09'),(3976,1,'en','plugins/translation/translation','import_group','Import group','2022-01-04 21:12:09','2022-01-04 21:12:09'),(3977,1,'en','plugins/translation/translation','confirm_publish_group','Are you sure you want to publish the translations group \":group\"? This will overwrite existing language files.','2022-01-04 21:12:09','2022-01-04 21:12:09'),(3978,1,'en','plugins/translation/translation','publish_translations','Publish translations','2022-01-04 21:12:09','2022-01-04 21:12:09'),(3979,1,'en','plugins/translation/translation','back','Back','2022-01-04 21:12:09','2022-01-04 21:12:09'),(3980,1,'en','plugins/translation/translation','edit_title','Enter translation','2022-01-04 21:12:09','2022-01-04 21:12:09'),(3981,1,'en','plugins/translation/translation','choose_group_msg','Choose a group to display the group translations. If no groups are visible, make sure you have imported the translations.','2022-01-04 21:12:09','2022-01-04 21:12:09'),(3982,1,'en','plugins/translation/translation','choose_a_group','Choose a group','2022-01-04 21:12:09','2022-01-04 21:12:09'),(3983,1,'en','plugins/translation/translation','locales','Locales','2022-01-04 21:12:09','2022-01-04 21:12:09'),(3984,1,'en','plugins/translation/translation','theme-translations','Theme translations','2022-01-04 21:12:09','2022-01-04 21:12:09'),(3985,1,'en','plugins/translation/translation','admin-translations','Other translations','2022-01-04 21:12:09','2022-01-04 21:12:09'),(3986,1,'en','plugins/translation/translation','translate_from','Translate from','2022-01-04 21:12:09','2022-01-04 21:12:09'),(3987,1,'en','plugins/translation/translation','to','to','2022-01-04 21:12:09','2022-01-04 21:12:09'),(3988,1,'en','plugins/translation/translation','no_other_languages','No other language to translate!','2022-01-04 21:12:09','2022-01-04 21:12:09'),(3989,1,'en','plugins/translation/translation','edit','Edit','2022-01-04 21:12:09','2022-01-04 21:12:09'),(3990,1,'en','plugins/translation/translation','locale','Locale','2022-01-04 21:12:09','2022-01-04 21:12:09'),(3991,1,'en','plugins/translation/translation','locale_placeholder','Ex: en','2022-01-04 21:12:09','2022-01-04 21:12:09'),(3992,1,'en','plugins/translation/translation','name','Name','2022-01-04 21:12:09','2022-01-04 21:12:09'),(3993,1,'en','plugins/translation/translation','default_locale','Default locale?','2022-01-04 21:12:09','2022-01-04 21:12:09'),(3994,1,'en','plugins/translation/translation','actions','Actions','2022-01-04 21:12:09','2022-01-04 21:12:09'),(3995,1,'en','plugins/translation/translation','choose_language','Choose language','2022-01-04 21:12:09','2022-01-04 21:12:09'),(3996,1,'en','plugins/translation/translation','add_new_language','Add new language','2022-01-04 21:12:09','2022-01-04 21:12:09'),(3997,1,'en','plugins/translation/translation','select_language','Select language','2022-01-04 21:12:09','2022-01-04 21:12:09'),(3998,1,'en','plugins/translation/translation','flag','Flag','2022-01-04 21:12:09','2022-01-04 21:12:09'),(3999,1,'en','plugins/translation/translation','folder_is_not_writeable','Cannot write files! Folder /resources/lang is not writable. Please chmod to make it writable!','2022-01-04 21:12:09','2022-01-04 21:12:09'),(4000,1,'en','plugins/translation/translation','delete','Delete','2022-01-04 21:12:09','2022-01-04 21:12:09'),(4001,1,'en','plugins/translation/translation','confirm_delete_message','Do you really want to delete this locale? It will delete all files/folders for this local in /resources/lang!','2022-01-04 21:12:09','2022-01-04 21:12:09'),(4002,1,'en','plugins/translation/translation','download','Download','2022-01-04 21:12:09','2022-01-04 21:12:09'),(4003,1,'en','plugins/translation/translation','select_locale','Select locale','2022-01-04 21:12:09','2022-01-04 21:12:09'),(4004,1,'en','plugins/translation/translation','theme_translations_instruction','Click on text to translate. Do NOT translate variables, Eg. :username, :query, :link...','2022-01-04 21:12:09','2022-01-04 21:12:09'),(4005,1,'vi','auth','failed','Không tìm thấy thông tin đăng nhập hợp lệ.','2022-01-04 21:12:09','2022-01-04 21:12:09'),(4006,1,'vi','auth','throttle','Đăng nhập không đúng quá nhiều lần. Vui lòng thử lại sau :seconds giây.','2022-01-04 21:12:09','2022-01-04 21:12:09'),(4007,1,'vi','auth','password','Mật khẩu không chính xác','2022-01-04 21:12:09','2022-01-04 21:12:09'),(4008,1,'vi','pagination','previous','&laquo; Trước','2022-01-04 21:12:09','2022-01-04 21:12:09'),(4009,1,'vi','pagination','next','Sau &raquo;','2022-01-04 21:12:09','2022-01-04 21:12:09'),(4010,1,'vi','passwords','reset','Mật khẩu đã được cập nhật!','2022-01-04 21:12:09','2022-01-04 21:12:09'),(4011,1,'vi','passwords','sent','Chúng tôi đã gửi cho bạn đường dẫn thay đổi mật khẩu!','2022-01-04 21:12:09','2022-01-04 21:12:09'),(4012,1,'vi','passwords','token','Mã xác nhận mật khẩu không hợp lệ.','2022-01-04 21:12:09','2022-01-04 21:12:09'),(4013,1,'vi','passwords','user','Không tìm thấy thành viên với địa chỉ email này.','2022-01-04 21:12:09','2022-01-04 21:12:09'),(4014,1,'vi','validation','accepted','Trường :attribute phải được chấp nhận.','2022-01-04 21:12:09','2022-01-04 21:12:09'),(4015,1,'vi','validation','active_url','Trường :attribute không phải là một URL hợp lệ.','2022-01-04 21:12:09','2022-01-04 21:12:09'),(4016,1,'vi','validation','after','Trường :attribute phải là một ngày sau ngày :date.','2022-01-04 21:12:09','2022-01-04 21:12:09'),(4017,1,'vi','validation','after_or_equal','Trường :attribute phải là thời gian bắt đầu sau hoặc đúng bằng :date.','2022-01-04 21:12:09','2022-01-04 21:12:09'),(4018,1,'vi','validation','alpha','Trường :attribute chỉ có thể chứa các chữ cái.','2022-01-04 21:12:09','2022-01-04 21:12:09'),(4019,1,'vi','validation','alpha_dash','Trường :attribute chỉ có thể chứa chữ cái, số và dấu gạch ngang.','2022-01-04 21:12:09','2022-01-04 21:12:09'),(4020,1,'vi','validation','alpha_num','Trường :attribute chỉ có thể chứa chữ cái và số.','2022-01-04 21:12:09','2022-01-04 21:12:09'),(4021,1,'vi','validation','array','Trường :attribute phải là dạng mảng.','2022-01-04 21:12:09','2022-01-04 21:12:09'),(4022,1,'vi','validation','before','Trường :attribute phải là một ngày trước ngày :date.','2022-01-04 21:12:09','2022-01-04 21:12:09'),(4023,1,'vi','validation','before_or_equal','Trường :attribute phải là thời gian bắt đầu trước hoặc đúng bằng :date.','2022-01-04 21:12:09','2022-01-04 21:12:09'),(4024,1,'vi','validation','between.array','Trường :attribute phải có từ :min - :max phần tử.','2022-01-04 21:12:09','2022-01-04 21:12:09'),(4025,1,'vi','validation','between.file','Dung lượng tập tin trong trường :attribute phải từ :min - :max kB.','2022-01-04 21:12:09','2022-01-04 21:12:09'),(4026,1,'vi','validation','between.numeric','Trường :attribute phải nằm trong khoảng :min - :max.','2022-01-04 21:12:09','2022-01-04 21:12:09'),(4027,1,'vi','validation','between.string','Trường :attribute phải từ :min - :max kí tự.','2022-01-04 21:12:09','2022-01-04 21:12:09'),(4028,1,'vi','validation','boolean','Trường :attribute phải là true hoặc false.','2022-01-04 21:12:09','2022-01-04 21:12:09'),(4029,1,'vi','validation','confirmed','Giá trị xác nhận trong trường :attribute không khớp.','2022-01-04 21:12:09','2022-01-04 21:12:09'),(4030,1,'vi','validation','date','Trường :attribute không phải là định dạng của ngày-tháng.','2022-01-04 21:12:09','2022-01-04 21:12:09'),(4031,1,'vi','validation','date_equals','Trường :attribute phải là một ngày bằng với :date.','2022-01-04 21:12:09','2022-01-04 21:12:09'),(4032,1,'vi','validation','date_format','Trường :attribute không giống với định dạng :format.','2022-01-04 21:12:09','2022-01-04 21:12:09'),(4033,1,'vi','validation','different','Trường :attribute và :other phải khác nhau.','2022-01-04 21:12:09','2022-01-04 21:12:09'),(4034,1,'vi','validation','digits','Độ dài của trường :attribute phải gồm :digits chữ số.','2022-01-04 21:12:09','2022-01-04 21:12:09'),(4035,1,'vi','validation','digits_between','Độ dài của trường :attribute phải nằm trong khoảng :min and :max chữ số.','2022-01-04 21:12:09','2022-01-04 21:12:09'),(4036,1,'vi','validation','dimensions','Trường :attribute có kích thước không hợp lệ.','2022-01-04 21:12:09','2022-01-04 21:12:09'),(4037,1,'vi','validation','distinct','Trường :attribute có giá trị trùng lặp.','2022-01-04 21:12:09','2022-01-04 21:12:09'),(4038,1,'vi','validation','email','Trường :attribute phải là một địa chỉ email hợp lệ.','2022-01-04 21:12:09','2022-01-04 21:12:09'),(4039,1,'vi','validation','ends_with','Trường :attribute phải kết thúc bằng một trong những giá trị sau: :values','2022-01-04 21:12:09','2022-01-04 21:12:09'),(4040,1,'vi','validation','exists','Giá trị đã chọn trong trường :attribute không hợp lệ.','2022-01-04 21:12:09','2022-01-04 21:12:09'),(4041,1,'vi','validation','file','Trường :attribute phải là một tệp tin.','2022-01-04 21:12:09','2022-01-04 21:12:09'),(4042,1,'vi','validation','filled','Trường :attribute không được bỏ trống.','2022-01-04 21:12:09','2022-01-04 21:12:09'),(4043,1,'vi','validation','gt.array','Mảng :attribute phải có nhiều hơn :value phần tử.','2022-01-04 21:12:09','2022-01-04 21:12:09'),(4044,1,'vi','validation','gt.file','Dung lượng trường :attribute phải lớn hơn :value kilobytes.','2022-01-04 21:12:09','2022-01-04 21:12:09'),(4045,1,'vi','validation','gt.numeric','Giá trị trường :attribute phải lớn hơn :value.','2022-01-04 21:12:09','2022-01-04 21:12:09'),(4046,1,'vi','validation','gt.string','Độ dài trường :attribute phải nhiều hơn :value kí tự.','2022-01-04 21:12:09','2022-01-04 21:12:09'),(4047,1,'vi','validation','gte.array','Mảng :attribute phải có ít nhất :value phần tử.','2022-01-04 21:12:09','2022-01-04 21:12:09'),(4048,1,'vi','validation','gte.file','Dung lượng trường :attribute phải lớn hơn hoặc bằng :value kilobytes.','2022-01-04 21:12:09','2022-01-04 21:12:09'),(4049,1,'vi','validation','gte.numeric','Giá trị trường :attribute phải lớn hơn hoặc bằng :value.','2022-01-04 21:12:09','2022-01-04 21:12:09'),(4050,1,'vi','validation','gte.string','Độ dài trường :attribute phải lớn hơn hoặc bằng :value kí tự.','2022-01-04 21:12:09','2022-01-04 21:12:09'),(4051,1,'vi','validation','image','Trường :attribute phải là định dạng hình ảnh.','2022-01-04 21:12:09','2022-01-04 21:12:09'),(4052,1,'vi','validation','in','Giá trị đã chọn trong trường :attribute không hợp lệ.','2022-01-04 21:12:09','2022-01-04 21:12:09'),(4053,1,'vi','validation','in_array','Trường :attribute phải thuộc tập cho phép: :other.','2022-01-04 21:12:09','2022-01-04 21:12:09'),(4054,1,'vi','validation','integer','Trường :attribute phải là một số nguyên.','2022-01-04 21:12:09','2022-01-04 21:12:09'),(4055,1,'vi','validation','ip','Trường :attribute phải là một địa chỉ IP.','2022-01-04 21:12:09','2022-01-04 21:12:09'),(4056,1,'vi','validation','ipv4','Trường :attribute phải là một địa chỉ IPv4.','2022-01-04 21:12:09','2022-01-04 21:12:09'),(4057,1,'vi','validation','ipv6','Trường :attribute phải là một địa chỉ IPv6.','2022-01-04 21:12:09','2022-01-04 21:12:09'),(4058,1,'vi','validation','json','Trường :attribute phải là một chuỗi JSON.','2022-01-04 21:12:09','2022-01-04 21:12:09'),(4059,1,'vi','validation','lt.array','Mảng :attribute phải có ít hơn :value phần tử.','2022-01-04 21:12:09','2022-01-04 21:12:09'),(4060,1,'vi','validation','lt.file','Dung lượng trường :attribute phải nhỏ hơn :value kilobytes.','2022-01-04 21:12:09','2022-01-04 21:12:09'),(4061,1,'vi','validation','lt.numeric','Giá trị trường :attribute phải nhỏ hơn :value.','2022-01-04 21:12:09','2022-01-04 21:12:09'),(4062,1,'vi','validation','lt.string','Độ dài trường :attribute phải nhỏ hơn :value kí tự.','2022-01-04 21:12:09','2022-01-04 21:12:09'),(4063,1,'vi','validation','lte.array','Mảng :attribute không được có nhiều hơn :value phần tử.','2022-01-04 21:12:09','2022-01-04 21:12:09'),(4064,1,'vi','validation','lte.file','Dung lượng trường :attribute phải nhỏ hơn hoặc bằng :value kilobytes.','2022-01-04 21:12:09','2022-01-04 21:12:09'),(4065,1,'vi','validation','lte.numeric','Giá trị trường :attribute phải nhỏ hơn hoặc bằng :value.','2022-01-04 21:12:09','2022-01-04 21:12:09'),(4066,1,'vi','validation','lte.string','Độ dài trường :attribute phải nhỏ hơn hoặc bằng :value kí tự.','2022-01-04 21:12:09','2022-01-04 21:12:09'),(4067,1,'vi','validation','max.array','Trường :attribute không được lớn hơn :max phần tử.','2022-01-04 21:12:09','2022-01-04 21:12:09'),(4068,1,'vi','validation','max.file','Dung lượng tập tin trong trường :attribute không được lớn hơn :max kB.','2022-01-04 21:12:09','2022-01-04 21:12:09'),(4069,1,'vi','validation','max.numeric','Trường :attribute không được lớn hơn :max.','2022-01-04 21:12:09','2022-01-04 21:12:09'),(4070,1,'vi','validation','max.string','Trường :attribute không được lớn hơn :max kí tự.','2022-01-04 21:12:09','2022-01-04 21:12:09'),(4071,1,'vi','validation','mimes','Trường :attribute phải là một tập tin có định dạng: :values.','2022-01-04 21:12:09','2022-01-04 21:12:09'),(4072,1,'vi','validation','mimetypes','Trường :attribute phải là một tập tin có định dạng: :values.','2022-01-04 21:12:09','2022-01-04 21:12:09'),(4073,1,'vi','validation','min.array','Trường :attribute phải có tối thiểu :min phần tử.','2022-01-04 21:12:09','2022-01-04 21:12:09'),(4074,1,'vi','validation','min.file','Dung lượng tập tin trong trường :attribute phải tối thiểu :min kB.','2022-01-04 21:12:09','2022-01-04 21:12:09'),(4075,1,'vi','validation','min.numeric','Trường :attribute phải tối thiểu là :min.','2022-01-04 21:12:09','2022-01-04 21:12:09'),(4076,1,'vi','validation','min.string','Trường :attribute phải có tối thiểu :min kí tự.','2022-01-04 21:12:09','2022-01-04 21:12:09'),(4077,1,'vi','validation','multiple_of','Trường :attribute phải là bội số của :value','2022-01-04 21:12:09','2022-01-04 21:12:09'),(4078,1,'vi','validation','not_in','Giá trị đã chọn trong trường :attribute không hợp lệ.','2022-01-04 21:12:09','2022-01-04 21:12:09'),(4079,1,'vi','validation','not_regex','Trường :attribute có định dạng không hợp lệ.','2022-01-04 21:12:09','2022-01-04 21:12:09'),(4080,1,'vi','validation','numeric','Trường :attribute phải là một số.','2022-01-04 21:12:10','2022-01-04 21:12:10'),(4081,1,'vi','validation','password','Mật khẩu không đúng.','2022-01-04 21:12:10','2022-01-04 21:12:10'),(4082,1,'vi','validation','present','Trường :attribute phải được cung cấp.','2022-01-04 21:12:10','2022-01-04 21:12:10'),(4083,1,'vi','validation','prohibited','Trường :attribute bị cấm.','2022-01-04 21:12:10','2022-01-04 21:12:10'),(4084,1,'vi','validation','prohibited_if','Trường :attribute bị cấm khi :other là :value.','2022-01-04 21:12:10','2022-01-04 21:12:10'),(4085,1,'vi','validation','prohibited_unless','Trường :attribute bị cấm trừ khi :other là một trong :values.','2022-01-04 21:12:10','2022-01-04 21:12:10'),(4086,1,'vi','validation','regex','Trường :attribute có định dạng không hợp lệ.','2022-01-04 21:12:10','2022-01-04 21:12:10'),(4087,1,'vi','validation','required','Trường :attribute không được bỏ trống.','2022-01-04 21:12:10','2022-01-04 21:12:10'),(4088,1,'vi','validation','required_if','Trường :attribute không được bỏ trống khi trường :other là :value.','2022-01-04 21:12:10','2022-01-04 21:12:10'),(4089,1,'vi','validation','required_unless','Trường :attribute không được bỏ trống trừ khi :other là :values.','2022-01-04 21:12:10','2022-01-04 21:12:10'),(4090,1,'vi','validation','required_with','Trường :attribute không được bỏ trống khi một trong :values có giá trị.','2022-01-04 21:12:10','2022-01-04 21:12:10'),(4091,1,'vi','validation','required_with_all','Trường :attribute không được bỏ trống khi tất cả :values có giá trị.','2022-01-04 21:12:10','2022-01-04 21:12:10'),(4092,1,'vi','validation','required_without','Trường :attribute không được bỏ trống khi một trong :values không có giá trị.','2022-01-04 21:12:10','2022-01-04 21:12:10'),(4093,1,'vi','validation','required_without_all','Trường :attribute không được bỏ trống khi tất cả :values không có giá trị.','2022-01-04 21:12:10','2022-01-04 21:12:10'),(4094,1,'vi','validation','same','Trường :attribute và :other phải giống nhau.','2022-01-04 21:12:10','2022-01-04 21:12:10'),(4095,1,'vi','validation','size.array','Trường :attribute phải chứa :size phần tử.','2022-01-04 21:12:10','2022-01-04 21:12:10'),(4096,1,'vi','validation','size.file','Dung lượng tập tin trong trường :attribute phải bằng :size kB.','2022-01-04 21:12:10','2022-01-04 21:12:10'),(4097,1,'vi','validation','size.numeric','Trường :attribute phải bằng :size.','2022-01-04 21:12:10','2022-01-04 21:12:10'),(4098,1,'vi','validation','size.string','Trường :attribute phải chứa :size kí tự.','2022-01-04 21:12:10','2022-01-04 21:12:10'),(4099,1,'vi','validation','starts_with','Trường :attribute phải được bắt đầu bằng một trong những giá trị sau: :values','2022-01-04 21:12:10','2022-01-04 21:12:10'),(4100,1,'vi','validation','string','Trường :attribute phải là một chuỗi kí tự.','2022-01-04 21:12:10','2022-01-04 21:12:10'),(4101,1,'vi','validation','timezone','Trường :attribute phải là một múi giờ hợp lệ.','2022-01-04 21:12:10','2022-01-04 21:12:10'),(4102,1,'vi','validation','unique','Trường :attribute đã có trong cơ sở dữ liệu.','2022-01-04 21:12:10','2022-01-04 21:12:10'),(4103,1,'vi','validation','uploaded','Trường :attribute tải lên thất bại.','2022-01-04 21:12:10','2022-01-04 21:12:10'),(4104,1,'vi','validation','url','Trường :attribute không giống với định dạng một URL.','2022-01-04 21:12:10','2022-01-04 21:12:10'),(4105,1,'vi','validation','uuid','Trường :attribute phải là một chuỗi UUID hợp lệ.','2022-01-04 21:12:10','2022-01-04 21:12:10'),(4106,1,'vi','validation','custom.attribute-name.rule-name','custom-message','2022-01-04 21:12:10','2022-01-04 21:12:10');
/*!40000 ALTER TABLE `translations` ENABLE KEYS */;
UNLOCK TABLES;

--
-- Table structure for table `user_meta`
--

DROP TABLE IF EXISTS `user_meta`;
/*!40101 SET @saved_cs_client     = @@character_set_client */;
/*!40101 SET character_set_client = utf8 */;
CREATE TABLE `user_meta` (
  `id` bigint(20) unsigned NOT NULL AUTO_INCREMENT,
  `key` varchar(191) COLLATE utf8mb4_unicode_ci DEFAULT NULL,
  `value` varchar(191) COLLATE utf8mb4_unicode_ci DEFAULT NULL,
  `user_id` int(10) unsigned NOT NULL,
  `created_at` timestamp NULL DEFAULT NULL,
  `updated_at` timestamp NULL DEFAULT NULL,
  PRIMARY KEY (`id`),
  KEY `user_meta_user_id_index` (`user_id`)
) ENGINE=InnoDB DEFAULT CHARSET=utf8mb4 COLLATE=utf8mb4_unicode_ci;
/*!40101 SET character_set_client = @saved_cs_client */;

--
-- Dumping data for table `user_meta`
--

LOCK TABLES `user_meta` WRITE;
/*!40000 ALTER TABLE `user_meta` DISABLE KEYS */;
/*!40000 ALTER TABLE `user_meta` ENABLE KEYS */;
UNLOCK TABLES;

--
-- Table structure for table `users`
--

DROP TABLE IF EXISTS `users`;
/*!40101 SET @saved_cs_client     = @@character_set_client */;
/*!40101 SET character_set_client = utf8 */;
CREATE TABLE `users` (
  `id` bigint(20) unsigned NOT NULL AUTO_INCREMENT,
  `email` varchar(191) COLLATE utf8mb4_unicode_ci NOT NULL,
  `email_verified_at` timestamp NULL DEFAULT NULL,
  `password` varchar(191) COLLATE utf8mb4_unicode_ci DEFAULT NULL,
  `remember_token` varchar(100) COLLATE utf8mb4_unicode_ci DEFAULT NULL,
  `created_at` timestamp NULL DEFAULT NULL,
  `updated_at` timestamp NULL DEFAULT NULL,
  `first_name` varchar(191) COLLATE utf8mb4_unicode_ci DEFAULT NULL,
  `last_name` varchar(191) COLLATE utf8mb4_unicode_ci DEFAULT NULL,
  `username` varchar(60) COLLATE utf8mb4_unicode_ci DEFAULT NULL,
  `avatar_id` int(10) unsigned DEFAULT NULL,
  `super_user` tinyint(1) NOT NULL DEFAULT 0,
  `manage_supers` tinyint(1) NOT NULL DEFAULT 0,
  `permissions` text COLLATE utf8mb4_unicode_ci DEFAULT NULL,
  `last_login` timestamp NULL DEFAULT NULL,
  PRIMARY KEY (`id`),
  UNIQUE KEY `users_email_unique` (`email`),
  UNIQUE KEY `users_username_unique` (`username`)
) ENGINE=InnoDB AUTO_INCREMENT=2 DEFAULT CHARSET=utf8mb4 COLLATE=utf8mb4_unicode_ci;
/*!40101 SET character_set_client = @saved_cs_client */;

--
-- Dumping data for table `users`
--

LOCK TABLES `users` WRITE;
/*!40000 ALTER TABLE `users` DISABLE KEYS */;
INSERT INTO `users` VALUES (1,'admin@botble.com',NULL,'$2y$10$5q0IXy3p2dNiqlhYMPGry.79NIIrKEB7fVICaMh2N5C7uAAkd0tYC',NULL,'2022-01-04 21:11:38','2022-01-04 21:11:38','System','Admin','botble',NULL,1,1,NULL,NULL);
/*!40000 ALTER TABLE `users` ENABLE KEYS */;
UNLOCK TABLES;

--
-- Table structure for table `widgets`
--

DROP TABLE IF EXISTS `widgets`;
/*!40101 SET @saved_cs_client     = @@character_set_client */;
/*!40101 SET character_set_client = utf8 */;
CREATE TABLE `widgets` (
  `id` bigint(20) unsigned NOT NULL AUTO_INCREMENT,
  `widget_id` varchar(120) COLLATE utf8mb4_unicode_ci NOT NULL,
  `sidebar_id` varchar(120) COLLATE utf8mb4_unicode_ci NOT NULL,
  `theme` varchar(120) COLLATE utf8mb4_unicode_ci NOT NULL,
  `position` tinyint(3) unsigned NOT NULL DEFAULT 0,
  `data` text COLLATE utf8mb4_unicode_ci DEFAULT NULL,
  `created_at` timestamp NULL DEFAULT NULL,
  `updated_at` timestamp NULL DEFAULT NULL,
  PRIMARY KEY (`id`)
) ENGINE=InnoDB AUTO_INCREMENT=21 DEFAULT CHARSET=utf8mb4 COLLATE=utf8mb4_unicode_ci;
/*!40101 SET character_set_client = @saved_cs_client */;

--
-- Dumping data for table `widgets`
--

LOCK TABLES `widgets` WRITE;
/*!40000 ALTER TABLE `widgets` DISABLE KEYS */;
INSERT INTO `widgets` VALUES (1,'SiteInfoWidget','footer_sidebar','wowy',0,'{\"id\":\"SiteInfoWidget\",\"name\":\"Site information\"}','2022-01-04 21:11:43','2022-01-04 21:11:43'),(2,'CustomMenuWidget','footer_sidebar','wowy',1,'{\"id\":\"CustomMenuWidget\",\"name\":\"Categories\",\"menu_id\":\"product-categories\"}','2022-01-04 21:11:43','2022-01-04 21:11:43'),(3,'CustomMenuWidget','footer_sidebar','wowy',2,'{\"id\":\"CustomMenuWidget\",\"name\":\"Information\",\"menu_id\":\"information\"}','2022-01-04 21:11:43','2022-01-04 21:11:43'),(4,'BlogSearchWidget','primary_sidebar','wowy',0,'{\"id\":\"BlogSearchWidget\",\"name\":\"Search\"}','2022-01-04 21:11:43','2022-01-04 21:11:43'),(5,'BlogCategoriesWidget','primary_sidebar','wowy',1,'{\"id\":\"BlogCategoriesWidget\",\"name\":\"Categories\"}','2022-01-04 21:11:43','2022-01-04 21:11:43'),(6,'RecentPostsWidget','primary_sidebar','wowy',2,'{\"id\":\"RecentPostsWidget\",\"name\":\"Recent Posts\"}','2022-01-04 21:11:43','2022-01-04 21:11:43'),(7,'TagsWidget','primary_sidebar','wowy',4,'{\"id\":\"TagsWidget\",\"name\":\"Popular Tags\"}','2022-01-04 21:11:43','2022-01-04 21:11:43'),(8,'ProductCategoriesWidget','product_sidebar','wowy',1,'{\"id\":\"ProductCategoriesWidget\",\"name\":\"Categories\"}','2022-01-04 21:11:43','2022-01-04 21:11:43'),(9,'FeaturedProductsWidget','product_sidebar','wowy',2,'{\"id\":\"FeaturedProductsWidget\",\"name\":\"Featured Products\"}','2022-01-04 21:11:43','2022-01-04 21:11:43'),(10,'FeaturedBrandsWidget','product_sidebar','wowy',3,'{\"id\":\"FeaturedBrandsWidget\",\"name\":\"Manufacturers\"}','2022-01-04 21:11:43','2022-01-04 21:11:43'),(11,'SiteInfoWidget','footer_sidebar','wowy-vi',0,'{\"id\":\"SiteInfoWidget\",\"name\":\"V\\u1ec1 ch\\u00fang t\\u00f4i\"}','2022-01-04 21:11:43','2022-01-04 21:11:43'),(12,'CustomMenuWidget','footer_sidebar','wowy-vi',1,'{\"id\":\"CustomMenuWidget\",\"name\":\"Danh m\\u1ee5c s\\u1ea3n ph\\u1ea9m\",\"menu_id\":\"danh-muc-san-pham\"}','2022-01-04 21:11:43','2022-01-04 21:11:43'),(13,'CustomMenuWidget','footer_sidebar','wowy-vi',2,'{\"id\":\"CustomMenuWidget\",\"name\":\"Th\\u00f4ng tin\",\"menu_id\":\"thong-tin\"}','2022-01-04 21:11:43','2022-01-04 21:11:43'),(14,'BlogSearchWidget','primary_sidebar','wowy-vi',0,'{\"id\":\"BlogSearchWidget\",\"name\":\"T\\u00ecm ki\\u1ebfm\"}','2022-01-04 21:11:43','2022-01-04 21:11:43'),(15,'BlogCategoriesWidget','primary_sidebar','wowy-vi',1,'{\"id\":\"BlogCategoriesWidget\",\"name\":\"Danh m\\u1ee5c\"}','2022-01-04 21:11:43','2022-01-04 21:11:43'),(16,'RecentPostsWidget','primary_sidebar','wowy-vi',2,'{\"id\":\"RecentPostsWidget\",\"name\":\"B\\u00e0i vi\\u1ebft g\\u1ea7n \\u0111\\u00e2y\"}','2022-01-04 21:11:43','2022-01-04 21:11:43'),(17,'TagsWidget','primary_sidebar','wowy-vi',4,'{\"id\":\"TagsWidget\",\"name\":\"Tags ph\\u1ed5 bi\\u1ebfn\"}','2022-01-04 21:11:43','2022-01-04 21:11:43'),(18,'ProductCategoriesWidget','product_sidebar','wowy-vi',1,'{\"id\":\"ProductCategoriesWidget\",\"name\":\"Danh m\\u1ee5c s\\u1ea3n ph\\u1ea9m\"}','2022-01-04 21:11:43','2022-01-04 21:11:43'),(19,'FeaturedProductsWidget','product_sidebar','wowy-vi',2,'{\"id\":\"FeaturedProductsWidget\",\"name\":\"S\\u1ea3n ph\\u1ea9m n\\u1ed5i b\\u1eadt\"}','2022-01-04 21:11:43','2022-01-04 21:11:43'),(20,'FeaturedBrandsWidget','product_sidebar','wowy-vi',3,'{\"id\":\"FeaturedBrandsWidget\",\"name\":\"Nh\\u00e0 cung c\\u1ea5p\"}','2022-01-04 21:11:43','2022-01-04 21:11:43');
/*!40000 ALTER TABLE `widgets` ENABLE KEYS */;
UNLOCK TABLES;
/*!40103 SET TIME_ZONE=@OLD_TIME_ZONE */;

/*!40101 SET SQL_MODE=@OLD_SQL_MODE */;
/*!40014 SET FOREIGN_KEY_CHECKS=@OLD_FOREIGN_KEY_CHECKS */;
/*!40014 SET UNIQUE_CHECKS=@OLD_UNIQUE_CHECKS */;
/*!40101 SET CHARACTER_SET_CLIENT=@OLD_CHARACTER_SET_CLIENT */;
/*!40101 SET CHARACTER_SET_RESULTS=@OLD_CHARACTER_SET_RESULTS */;
/*!40101 SET COLLATION_CONNECTION=@OLD_COLLATION_CONNECTION */;
/*!40111 SET SQL_NOTES=@OLD_SQL_NOTES */;

-- Dump completed on 2022-01-05 11:12:11
